ISO-10303-21;
HEADER;
FILE_DESCRIPTION (( 'STEP AP214' ),
    '1' );
FILE_NAME ('NRS5040T4R7NMGK.STEP',
    '2024-11-04T09:43:15',
    ( '' ),
    ( '' ),
    'SwSTEP 2.0',
    'SolidWorks 2023',
    '' );
FILE_SCHEMA (( 'AUTOMOTIVE_DESIGN' ));
ENDSEC;

DATA;
#1 = CARTESIAN_POINT ( 'NONE',  ( -0.9645016636866700077, 1.873257800044690002, 2.350091710292495417 ) ) ;
#2 = ORIENTED_EDGE ( 'NONE', *, *, #1421, .T. ) ;
#3 =( GEOMETRIC_REPRESENTATION_CONTEXT ( 3 ) GLOBAL_UNCERTAINTY_ASSIGNED_CONTEXT ( ( #1176 ) ) GLOBAL_UNIT_ASSIGNED_CONTEXT ( ( #2532, #2827, #597 ) ) REPRESENTATION_CONTEXT ( 'NONE', 'WORKASPACE' ) );
#4 = AXIS2_PLACEMENT_3D ( 'NONE', #3430, #3742, #3111 ) ;
#5 = ORIENTED_EDGE ( 'NONE', *, *, #181, .T. ) ;
#6 = EDGE_CURVE ( 'NONE', #3281, #1413, #3618, .T. ) ;
#7 = CIRCLE ( 'NONE', #3512, 0.2999999999999999334 ) ;
#8 = LINE ( 'NONE', #2994, #2136 ) ;
#9 = ORIENTED_EDGE ( 'NONE', *, *, #3558, .T. ) ;
#10 = CARTESIAN_POINT ( 'NONE',  ( -2.083333333333340143, 1.516666666666665053, -1.197973164995326023 ) ) ;
#11 = ORIENTED_EDGE ( 'NONE', *, *, #4025, .F. ) ;
#12 = PRESENTATION_LAYER_ASSIGNMENT (  '', '', ( #2551 ) ) ;
#13 = DIRECTION ( 'NONE',  ( -1.000000000000000000, 0.000000000000000000, -7.532351935162430267E-15 ) ) ;
#14 = EDGE_CURVE ( 'NONE', #821, #3639, #3304, .T. ) ;
#15 = CARTESIAN_POINT ( 'NONE',  ( -1.243280591281128000, 1.150052556527484171, -2.339699115641054927 ) ) ;
#16 = SURFACE_STYLE_FILL_AREA ( #3368 ) ;
#17 = CARTESIAN_POINT ( 'NONE',  ( 2.127024061334353178, 1.149999999999999911, 1.249953991157602751 ) ) ;
#18 = CARTESIAN_POINT ( 'NONE',  ( 1.107591167282278910, 1.877509206980397138, 2.350089640403544067 ) ) ;
#19 = APPLICATION_PROTOCOL_DEFINITION ( 'draft international standard', 'automotive_design', 1998, #1719 ) ;
#20 = VERTEX_POINT ( 'NONE', #967 ) ;
#21 = CARTESIAN_POINT ( 'NONE',  ( 1.597955268545850238, 0.4000000000000000222, -1.900005976560569909 ) ) ;
#22 = ORIENTED_EDGE ( 'NONE', *, *, #2875, .F. ) ;
#23 = ORIENTED_EDGE ( 'NONE', *, *, #1478, .F. ) ;
#24 =( NAMED_UNIT ( * ) SI_UNIT ( $, .STERADIAN. ) SOLID_ANGLE_UNIT ( ) );
#25 = PLANE ( 'NONE',  #1732 ) ;
#26 = EDGE_LOOP ( 'NONE', ( #1550, #3424, #1605, #530 ) ) ;
#27 = CARTESIAN_POINT ( 'NONE',  ( -2.250000000000000000, 0.000000000000000000, -1.882858153910764942 ) ) ;
#28 = DIRECTION ( 'NONE',  ( -1.445602896647339508E-15, 0.000000000000000000, 1.000000000000000000 ) ) ;
#29 = ORIENTED_EDGE ( 'NONE', *, *, #2294, .T. ) ;
#30 = SURFACE_STYLE_USAGE ( .BOTH. , #322 ) ;
#31 = CARTESIAN_POINT ( 'NONE',  ( -1.009563229956992103, 0.4000000000000000222, -2.149999999999999911 ) ) ;
#32 = ORIENTED_EDGE ( 'NONE', *, *, #397, .T. ) ;
#33 = SURFACE_STYLE_USAGE ( .BOTH. , #1308 ) ;
#34 = CARTESIAN_POINT ( 'NONE',  ( -0.9478691966646526357, 2.616734131172399280, 2.316684829018204272 ) ) ;
#35 = COLOUR_RGB ( '',0.5254901960784313930, 0.5254901960784313930, 0.5254901960784313930 ) ;
#36 = EDGE_CURVE ( 'NONE', #3916, #4072, #3299, .T. ) ;
#37 = CARTESIAN_POINT ( 'NONE',  ( -2.085491494644549970, 2.995203220544955247, -1.094215427552513997 ) ) ;
#38 = MECHANICAL_DESIGN_GEOMETRIC_PRESENTATION_REPRESENTATION (  '', ( #1555 ), #2583 ) ;
#39 = CARTESIAN_POINT ( 'NONE',  ( -1.056890574444356412, 1.150131236296920934, -2.449995833843793491 ) ) ;
#40 = CARTESIAN_POINT ( 'NONE',  ( 1.155933110629912886, 1.142076522386579640, -2.451440632293365063 ) ) ;
#41 = LINE ( 'NONE', #172, #1271 ) ;
#42 = EDGE_CURVE ( 'NONE', #1710, #1277, #809, .T. ) ;
#43 =( GEOMETRIC_REPRESENTATION_CONTEXT ( 3 ) GLOBAL_UNCERTAINTY_ASSIGNED_CONTEXT ( ( #482 ) ) GLOBAL_UNIT_ASSIGNED_CONTEXT ( ( #2262, #1342, #4219 ) ) REPRESENTATION_CONTEXT ( 'NONE', 'WORKASPACE' ) );
#44 = VERTEX_POINT ( 'NONE', #2271 ) ;
#45 = UNCERTAINTY_MEASURE_WITH_UNIT (LENGTH_MEASURE( 1.000000000000000082E-05 ), #551, 'distance_accuracy_value', 'NONE');
#46 = EDGE_CURVE ( 'NONE', #1721, #3543, #2339, .T. ) ;
#47 = STYLED_ITEM ( 'NONE', ( #2706 ), #2747 ) ;
#48 = ORIENTED_EDGE ( 'NONE', *, *, #2298, .T. ) ;
#49 = CARTESIAN_POINT ( 'NONE',  ( -2.450038499877194909, 1.149999999999999911, -1.600000000000034950 ) ) ;
#50 = FILL_AREA_STYLE_COLOUR ( '', #1837 ) ;
#51 = EDGE_LOOP ( 'NONE', ( #696, #390, #443, #4063 ) ) ;
#52 = FILL_AREA_STYLE_COLOUR ( '', #362 ) ;
#53 =( LENGTH_UNIT ( ) NAMED_UNIT ( * ) SI_UNIT ( .MILLI., .METRE. ) );
#54 = SURFACE_STYLE_USAGE ( .BOTH. , #2015 ) ;
#55 = CARTESIAN_POINT ( 'NONE',  ( -2.083333333333360127, 1.516666666666665053, 0.3993243883317695309 ) ) ;
#56 = CARTESIAN_POINT ( 'NONE',  ( -0.3744825318093080169, 1.516666666666665053, -2.383333333333355064 ) ) ;
#57 = B_SPLINE_CURVE_WITH_KNOTS ( 'NONE', 3,
 ( #2205, #2930, #3806, #867 ),
 .UNSPECIFIED., .F., .F.,
 ( 4, 4 ),
 ( 0.000000000000000000, 1.689365752734734949E-06 ),
 .UNSPECIFIED. ) ;
#58 = PRESENTATION_STYLE_ASSIGNMENT (( #371 ) ) ;
#59 = CARTESIAN_POINT ( 'NONE',  ( 2.149999999999999911, 3.350000000000000089, -1.221581069830675936 ) ) ;
#60 = CARTESIAN_POINT ( 'NONE',  ( 1.107591162221276182, 1.877509436193586456, -2.350089629792117663 ) ) ;
#61 =( LENGTH_UNIT ( ) NAMED_UNIT ( * ) SI_UNIT ( .MILLI., .METRE. ) );
#62 = MECHANICAL_DESIGN_GEOMETRIC_PRESENTATION_REPRESENTATION (  '', ( #4039 ), #898 ) ;
#63 = CARTESIAN_POINT ( 'NONE',  ( 1.213393176234720094, 1.501134597099360146, 2.276747191869695097 ) ) ;
#64 = ADVANCED_FACE ( 'NONE', ( #2120 ), #79, .F. ) ;
#65 = DIRECTION ( 'NONE',  ( 1.833377905454695305E-05, 0.000000000000000000, 0.9999999998319363259 ) ) ;
#66 = ORIENTED_EDGE ( 'NONE', *, *, #544, .F. ) ;
#67 = COLOUR_RGB ( '',0.5254901960784313930, 0.5254901960784313930, 0.5254901960784313930 ) ;
#68 = ORIENTED_EDGE ( 'NONE', *, *, #212, .T. ) ;
#69 = CARTESIAN_POINT ( 'NONE',  ( 2.149999999999999911, 1.149999999999999911, -1.117059087394527861 ) ) ;
#70 = ADVANCED_FACE ( 'NONE', ( #2764 ), #1836, .T. ) ;
#71 = AXIS2_PLACEMENT_3D ( 'NONE', #2953, #3593, #1010 ) ;
#72 = EDGE_LOOP ( 'NONE', ( #4244, #603, #4175, #2313, #2290, #3952 ) ) ;
#73 = CARTESIAN_POINT ( 'NONE',  ( 2.450061500122770131, 0.000000000000000000, 1.798154670616489935E-14 ) ) ;
#74 = FILL_AREA_STYLE ('',( #52 ) ) ;
#75 = VECTOR ( 'NONE', #1005, 1000.000000000000000 ) ;
#76 = CARTESIAN_POINT ( 'NONE',  ( 1.155245964274369985, 4.100000000000000533, -2.449999999999999734 ) ) ;
#77 = LINE ( 'NONE', #1745, #3715 ) ;
#78 = ORIENTED_EDGE ( 'NONE', *, *, #1938, .F. ) ;
#79 = PLANE ( 'NONE',  #3712 ) ;
#80 = STYLED_ITEM ( 'NONE', ( #1475 ), #2765 ) ;
#81 = AXIS2_PLACEMENT_3D ( 'NONE', #3880, #3237, #298 ) ;
#82 = COLOUR_RGB ( '',1.000000000000000000, 1.000000000000000000, 1.000000000000000000 ) ;
#83 = CARTESIAN_POINT ( 'NONE',  ( -2.019987673706644671, 1.503289812815810089, -1.280063272887975945 ) ) ;
#84 = PLANE ( 'NONE',  #1857 ) ;
#85 = CARTESIAN_POINT ( 'NONE',  ( 1.197641913230786059, 1.873258032026344999, -2.238889502124925102 ) ) ;
#86 = AXIS2_PLACEMENT_3D ( 'NONE', #2083, #1067, #1689 ) ;
#87 = AXIS2_PLACEMENT_3D ( 'NONE', #1344, #3933, #2947 ) ;
#88 = CARTESIAN_POINT ( 'NONE',  ( 1.124073129641644186, 1.509453638114167662, 2.384644793066254209 ) ) ;
#89 = ORIENTED_EDGE ( 'NONE', *, *, #413, .T. ) ;
#90 = UNCERTAINTY_MEASURE_WITH_UNIT (LENGTH_MEASURE( 1.000000000000000082E-05 ), #3793, 'distance_accuracy_value', 'NONE');
#91 = FILL_AREA_STYLE_COLOUR ( '', #2151 ) ;
#92 = ADVANCED_FACE ( 'NONE', ( #2166 ), #1847, .F. ) ;
#93 = EDGE_LOOP ( 'NONE', ( #3920, #4001, #3909, #3074 ) ) ;
#94 = CARTESIAN_POINT ( 'NONE',  ( 0.9478553758774945770, 1.883417015676995154, -2.316651451695134423 ) ) ;
#95 = FACE_OUTER_BOUND ( 'NONE', #2393, .T. ) ;
#96 = FILL_AREA_STYLE_COLOUR ( '', #2984 ) ;
#97 = ORIENTED_EDGE ( 'NONE', *, *, #4209, .F. ) ;
#98 = SURFACE_SIDE_STYLE ('',( #1740 ) ) ;
#99 = CARTESIAN_POINT ( 'NONE',  ( -2.450038499877214893, 0.5000000000000000000, 0.6499999999999659384 ) ) ;
#100 = EDGE_CURVE ( 'NONE', #1098, #3079, #3825, .T. ) ;
#101 = LINE ( 'NONE', #3709, #739 ) ;
#102 =( GEOMETRIC_REPRESENTATION_CONTEXT ( 3 ) GLOBAL_UNCERTAINTY_ASSIGNED_CONTEXT ( ( #45 ) ) GLOBAL_UNIT_ASSIGNED_CONTEXT ( ( #551, #2515, #3218 ) ) REPRESENTATION_CONTEXT ( 'NONE', 'WORKASPACE' ) );
#103 = ORIENTED_EDGE ( 'NONE', *, *, #2594, .F. ) ;
#104 = ORIENTED_EDGE ( 'NONE', *, *, #3533, .T. ) ;
#105 = FACE_OUTER_BOUND ( 'NONE', #1228, .T. ) ;
#106 = SURFACE_STYLE_USAGE ( .BOTH. , #1786 ) ;
#107 =( GEOMETRIC_REPRESENTATION_CONTEXT ( 3 ) GLOBAL_UNCERTAINTY_ASSIGNED_CONTEXT ( ( #90 ) ) GLOBAL_UNIT_ASSIGNED_CONTEXT ( ( #3793, #856, #562 ) ) REPRESENTATION_CONTEXT ( 'NONE', 'WORKASPACE' ) );
#108 = CARTESIAN_POINT ( 'NONE',  ( -2.450138499877214660, 0.5000000000000000000, 0.6499999999999659384 ) ) ;
#109 = CARTESIAN_POINT ( 'NONE',  ( -2.250000000000000000, 0.000000000000000000, -0.6500000000000339950 ) ) ;
#110 = SURFACE_STYLE_USAGE ( .BOTH. , #3064 ) ;
#111 =( GEOMETRIC_REPRESENTATION_CONTEXT ( 3 ) GLOBAL_UNCERTAINTY_ASSIGNED_CONTEXT ( ( #2986 ) ) GLOBAL_UNIT_ASSIGNED_CONTEXT ( ( #1105, #1428, #4083 ) ) REPRESENTATION_CONTEXT ( 'NONE', 'WORKASPACE' ) );
#112 = CARTESIAN_POINT ( 'NONE',  ( -2.150038499877220399, 1.149999999999999911, 1.899999999999975042 ) ) ;
#113 = FILL_AREA_STYLE ('',( #4126 ) ) ;
#114 = VECTOR ( 'NONE', #1146, 1000.000000000000114 ) ;
#115 = ORIENTED_EDGE ( 'NONE', *, *, #3141, .F. ) ;
#116 = ORIENTED_EDGE ( 'NONE', *, *, #2685, .T. ) ;
#117 = FILL_AREA_STYLE ('',( #3701 ) ) ;
#118 = CARTESIAN_POINT ( 'NONE',  ( 2.449961500122754821, 1.149999999999999911, 1.899999999999975042 ) ) ;
#119 = FACE_OUTER_BOUND ( 'NONE', #962, .T. ) ;
#120 = ORIENTED_EDGE ( 'NONE', *, *, #1363, .T. ) ;
#121 = CARTESIAN_POINT ( 'NONE',  ( 2.249923000245584781, 0.4000000000000000222, -1.882858153910764942 ) ) ;
#122 = DIRECTION ( 'NONE',  ( 0.000000000000000000, 0.000000000000000000, -1.000000000000000000 ) ) ;
#123 = FACE_OUTER_BOUND ( 'NONE', #166, .T. ) ;
#124 = ORIENTED_EDGE ( 'NONE', *, *, #3274, .T. ) ;
#125 = EDGE_CURVE ( 'NONE', #1022, #906, #2600, .T. ) ;
#126 = CARTESIAN_POINT ( 'NONE',  ( 0.3850819880914380100, 3.350000000000000089, -2.449999999999999734 ) ) ;
#127 = DIRECTION ( 'NONE',  ( 0.000000000000000000, 0.000000000000000000, 1.000000000000000000 ) ) ;
#128 =( NAMED_UNIT ( * ) PLANE_ANGLE_UNIT ( ) SI_UNIT ( $, .RADIAN. ) );
#129 =( LENGTH_UNIT ( ) NAMED_UNIT ( * ) SI_UNIT ( .MILLI., .METRE. ) );
#130 = UNCERTAINTY_MEASURE_WITH_UNIT (LENGTH_MEASURE( 1.000000000000000082E-05 ), #899, 'distance_accuracy_value', 'NONE');
#131 = PRESENTATION_STYLE_ASSIGNMENT (( #1794 ) ) ;
#132 = COLOUR_RGB ( '',0.5254901960784313930, 0.5254901960784313930, 0.5254901960784313930 ) ;
#133 = ORIENTED_EDGE ( 'NONE', *, *, #2919, .T. ) ;
#134 = CARTESIAN_POINT ( 'NONE',  ( 1.850000000000000089, 4.100000000000000533, 1.115345498071464103 ) ) ;
#135 = FILL_AREA_STYLE_COLOUR ( '', #1118 ) ;
#136 =( NAMED_UNIT ( * ) SI_UNIT ( $, .STERADIAN. ) SOLID_ANGLE_UNIT ( ) );
#137 = ORIENTED_EDGE ( 'NONE', *, *, #3579, .F. ) ;
#138 = UNCERTAINTY_MEASURE_WITH_UNIT (LENGTH_MEASURE( 1.000000000000000082E-05 ), #3292, 'distance_accuracy_value', 'NONE');
#139 = CARTESIAN_POINT ( 'NONE',  ( 2.149961500122779867, 0.4000000000000000222, -1.600001832621674946 ) ) ;
#140 = FILL_AREA_STYLE ('',( #2736 ) ) ;
#141 = VECTOR ( 'NONE', #2518, 1000.000000000000000 ) ;
#142 = CARTESIAN_POINT ( 'NONE',  ( 2.083333333333340143, 1.516666666666665053, -1.197973164995270068 ) ) ;
#143 = EDGE_LOOP ( 'NONE', ( #1925, #48, #852, #1586, #4134 ) ) ;
#144 = SURFACE_STYLE_USAGE ( .BOTH. , #3086 ) ;
#145 = SURFACE_SIDE_STYLE ('',( #1487 ) ) ;
#146 = ORIENTED_EDGE ( 'NONE', *, *, #3136, .F. ) ;
#147 = MECHANICAL_DESIGN_GEOMETRIC_PRESENTATION_REPRESENTATION (  '', ( #1457 ), #1113 ) ;
#148 = EDGE_CURVE ( 'NONE', #1510, #2172, #3166, .T. ) ;
#149 = CARTESIAN_POINT ( 'NONE',  ( -1.243280591281128000, 1.150052556527484171, -2.339699115641054927 ) ) ;
#150 = CARTESIAN_POINT ( 'NONE',  ( -1.188269638999529532, 3.346256716241073015, -2.408137726080250562 ) ) ;
#151 = PRESENTATION_LAYER_ASSIGNMENT (  '', '', ( #355 ) ) ;
#152 = LINE ( 'NONE', #782, #911 ) ;
#153 = PRODUCT_DEFINITION_SHAPE ( 'NONE', 'NONE',  #990 ) ;
#154 = PRESENTATION_LAYER_ASSIGNMENT (  '', '', ( #4131 ) ) ;
#155 = PRESENTATION_LAYER_ASSIGNMENT (  '', '', ( #2005 ) ) ;
#156 = PRESENTATION_LAYER_ASSIGNMENT (  '', '', ( #3917 ) ) ;
#157 = EDGE_CURVE ( 'NONE', #906, #2045, #3461, .T. ) ;
#158 = CARTESIAN_POINT ( 'NONE',  ( -2.150038499877195086, 1.149999999999999911, -1.900000000000034994 ) ) ;
#159 = CARTESIAN_POINT ( 'NONE',  ( -1.481699641721715199, 1.149999999999999911, 2.046863281979938165 ) ) ;
#160 = VECTOR ( 'NONE', #688, 1000.000000000000000 ) ;
#161 = CARTESIAN_POINT ( 'NONE',  ( -1.244812138817909863, 3.350000000000000089, 2.339394985734529975 ) ) ;
#162 = ORIENTED_EDGE ( 'NONE', *, *, #602, .F. ) ;
#163 = EDGE_LOOP ( 'NONE', ( #2730, #3433, #4042, #1023, #274, #1066, #3451, #3625 ) ) ;
#164 = PRESENTATION_STYLE_ASSIGNMENT (( #1796 ) ) ;
#165 = CARTESIAN_POINT ( 'NONE',  ( -1.050000000000000044, 0.4000000000000000222, 1.899996856239225096 ) ) ;
#166 = EDGE_LOOP ( 'NONE', ( #811, #510, #1030, #29 ) ) ;
#167 = FACE_OUTER_BOUND ( 'NONE', #2680, .T. ) ;
#168 = CARTESIAN_POINT ( 'NONE',  ( -0.9645016582514489567, 1.873258032026924980, -2.350091699436135162 ) ) ;
#169 = SURFACE_SIDE_STYLE ('',( #4048 ) ) ;
#170 = VERTEX_POINT ( 'NONE', #923 ) ;
#171 = CARTESIAN_POINT ( 'NONE',  ( 1.012153304464924242, 4.100000000000000533, -2.149999999999999911 ) ) ;
#172 = CARTESIAN_POINT ( 'NONE',  ( 2.449961500122779690, 0.000000000000000000, 0.6499999999999770406 ) ) ;
#173 = ORIENTED_EDGE ( 'NONE', *, *, #2153, .T. ) ;
#174 = FILL_AREA_STYLE ('',( #499 ) ) ;
#175 = CARTESIAN_POINT ( 'NONE',  ( -2.149995116318869748, 3.349973139425645119, 1.117057276342092065 ) ) ;
#176 = SURFACE_STYLE_USAGE ( .BOTH. , #1811 ) ;
#177 = ORIENTED_EDGE ( 'NONE', *, *, #1084, .T. ) ;
#178 = STYLED_ITEM ( 'NONE', ( #3284 ), #2843 ) ;
#179 = LINE ( 'NONE', #3721, #3943 ) ;
#180 = CARTESIAN_POINT ( 'NONE',  ( 2.084217250076745298, 3.349973139425550084, -1.302808240413749985 ) ) ;
#181 = EDGE_CURVE ( 'NONE', #170, #3506, #2226, .T. ) ;
#182 = VERTEX_POINT ( 'NONE', #198 ) ;
#183 = CARTESIAN_POINT ( 'NONE',  ( -2.149999999999999911, 1.149999999999999911, -1.117059087394590033 ) ) ;
#184 = VECTOR ( 'NONE', #780, 1000.000000000000000 ) ;
#185 = DIRECTION ( 'NONE',  ( 0.000000000000000000, 0.000000000000000000, 1.000000000000000000 ) ) ;
#186 = PRESENTATION_LAYER_ASSIGNMENT (  '', '', ( #252 ) ) ;
#187 =( NAMED_UNIT ( * ) SI_UNIT ( $, .STERADIAN. ) SOLID_ANGLE_UNIT ( ) );
#188 = DIRECTION ( 'NONE',  ( -1.000000000000000000, 0.000000000000000000, -7.532351935162430267E-15 ) ) ;
#189 = EDGE_CURVE ( 'NONE', #2509, #2355, #2187, .T. ) ;
#190 = ORIENTED_EDGE ( 'NONE', *, *, #942, .F. ) ;
#191 = SURFACE_STYLE_FILL_AREA ( #234 ) ;
#192 = VECTOR ( 'NONE', #3125, 1000.000000000000000 ) ;
#193 = CARTESIAN_POINT ( 'NONE',  ( 2.019987673705655240, 1.503289812815774784, -1.280063272889151893 ) ) ;
#194 = SURFACE_STYLE_FILL_AREA ( #2904 ) ;
#195 = SURFACE_SIDE_STYLE ('',( #1419 ) ) ;
#196 = VECTOR ( 'NONE', #2048, 1000.000000000000000 ) ;
#197 =( NAMED_UNIT ( * ) SI_UNIT ( $, .STERADIAN. ) SOLID_ANGLE_UNIT ( ) );
#198 = CARTESIAN_POINT ( 'NONE',  ( 2.149967000273294904, 0.4000000000000000222, -1.900000916285645047 ) ) ;
#199 = CARTESIAN_POINT ( 'NONE',  ( 2.084222185139984695, 1.149999999999999911, -1.302809906364402082 ) ) ;
#200 = CARTESIAN_POINT ( 'NONE',  ( -1.243840466612629925, 3.349951351268909860, -2.340580846088940348 ) ) ;
#201 = EDGE_LOOP ( 'NONE', ( #3653, #1753, #3190, #2126 ) ) ;
#202 = DIRECTION ( 'NONE',  ( 0.000000000000000000, 1.000000000000000000, 0.000000000000000000 ) ) ;
#203 = CARTESIAN_POINT ( 'NONE',  ( 2.085762814471769921, 1.503304520405150280, 1.094311506941711976 ) ) ;
#204 =( NAMED_UNIT ( * ) PLANE_ANGLE_UNIT ( ) SI_UNIT ( $, .RADIAN. ) );
#205 =( NAMED_UNIT ( * ) PLANE_ANGLE_UNIT ( ) SI_UNIT ( $, .RADIAN. ) );
#206 = ADVANCED_FACE ( 'NONE', ( #3450 ), #3130, .F. ) ;
#207 = DIRECTION ( 'NONE',  ( 0.000000000000000000, -1.000000000000000000, -2.999999999999999839E-15 ) ) ;
#208 =( NAMED_UNIT ( * ) PLANE_ANGLE_UNIT ( ) SI_UNIT ( $, .RADIAN. ) );
#209 = ORIENTED_EDGE ( 'NONE', *, *, #477, .T. ) ;
#210 = CARTESIAN_POINT ( 'NONE',  ( -1.123447595427914170, 2.983333333333334725, 2.383333333333295112 ) ) ;
#211 = STYLED_ITEM ( 'NONE', ( #3698 ), #595 ) ;
#212 = EDGE_CURVE ( 'NONE', #3263, #581, #2949, .T. ) ;
#213 = SURFACE_STYLE_USAGE ( .BOTH. , #3823 ) ;
#214 = STYLED_ITEM ( 'NONE', ( #2431 ), #851 ) ;
#215 =( NAMED_UNIT ( * ) SI_UNIT ( $, .STERADIAN. ) SOLID_ANGLE_UNIT ( ) );
#216 = CARTESIAN_POINT ( 'NONE',  ( 1.245297092902013958, 3.350000000000000089, -2.338796117314970058 ) ) ;
#217 =( GEOMETRIC_REPRESENTATION_CONTEXT ( 3 ) GLOBAL_UNCERTAINTY_ASSIGNED_CONTEXT ( ( #1899 ) ) GLOBAL_UNIT_ASSIGNED_CONTEXT ( ( #1547, #3478, #1226 ) ) REPRESENTATION_CONTEXT ( 'NONE', 'WORKASPACE' ) );
#218 = CARTESIAN_POINT ( 'NONE',  ( 0.000000000000000000, 0.000000000000000000, 0.000000000000000000 ) ) ;
#219 = CARTESIAN_POINT ( 'NONE',  ( 1.399988373276392029, 2.250000000000000000, -1.935899531164414933 ) ) ;
#220 = FILL_AREA_STYLE ('',( #580 ) ) ;
#221 = VECTOR ( 'NONE', #4257, 1000.000000000000000 ) ;
#222 = VERTEX_POINT ( 'NONE', #3613 ) ;
#223 =( GEOMETRIC_REPRESENTATION_CONTEXT ( 3 ) GLOBAL_UNCERTAINTY_ASSIGNED_CONTEXT ( ( #3755 ) ) GLOBAL_UNIT_ASSIGNED_CONTEXT ( ( #1897, #3175, #266 ) ) REPRESENTATION_CONTEXT ( 'NONE', 'WORKASPACE' ) );
#224 = CARTESIAN_POINT ( 'NONE',  ( -1.012015162946235947, 1.150002190309131977, 2.450010879765534888 ) ) ;
#225 = PLANE ( 'NONE',  #311 ) ;
#226 = AXIS2_PLACEMENT_3D ( 'NONE', #4124, #2501, #4033 ) ;
#227 = FACE_OUTER_BOUND ( 'NONE', #2985, .T. ) ;
#228 =( GEOMETRIC_REPRESENTATION_CONTEXT ( 3 ) GLOBAL_UNCERTAINTY_ASSIGNED_CONTEXT ( ( #3191 ) ) GLOBAL_UNIT_ASSIGNED_CONTEXT ( ( #3735, #4045, #1395 ) ) REPRESENTATION_CONTEXT ( 'NONE', 'WORKASPACE' ) );
#229 = VECTOR ( 'NONE', #2492, 1000.000000000000000 ) ;
#230 = DIRECTION ( 'NONE',  ( 1.000000000000000000, 0.000000000000000000, 0.000000000000000000 ) ) ;
#231 = FACE_OUTER_BOUND ( 'NONE', #163, .T. ) ;
#232 = EDGE_LOOP ( 'NONE', ( #2374, #2710, #608, #309 ) ) ;
#233 = UNCERTAINTY_MEASURE_WITH_UNIT (LENGTH_MEASURE( 1.000000000000000082E-05 ), #1728, 'distance_accuracy_value', 'NONE');
#234 = FILL_AREA_STYLE ('',( #3177 ) ) ;
#235 = EDGE_CURVE ( 'NONE', #1097, #399, #708, .T. ) ;
#236 = COLOUR_RGB ( '',1.000000000000000000, 1.000000000000000000, 1.000000000000000000 ) ;
#237 = CARTESIAN_POINT ( 'NONE',  ( -2.250000000000000000, 0.4000000000000000222, 0.6499999999999770406 ) ) ;
#238 = SURFACE_STYLE_USAGE ( .BOTH. , #885 ) ;
#239 = ADVANCED_FACE ( 'NONE', ( #320 ), #1328, .F. ) ;
#240 = B_SPLINE_CURVE_WITH_KNOTS ( 'NONE', 3,
 ( #521, #1474, #4109, #3115 ),
 .UNSPECIFIED., .F., .F.,
 ( 4, 4 ),
 ( 0.000000000000000000, 1.000000000000000000 ),
 .UNSPECIFIED. ) ;
#241 = CYLINDRICAL_SURFACE ( 'NONE', #528, 0.2999999999999999334 ) ;
#242 = CARTESIAN_POINT ( 'NONE',  ( 1.188269639010819168, 3.346256716241076568, -2.408137726066457596 ) ) ;
#243 = ORIENTED_EDGE ( 'NONE', *, *, #1884, .F. ) ;
#244 = EDGE_CURVE ( 'NONE', #722, #677, #2239, .T. ) ;
#245 = LINE ( 'NONE', #2559, #876 ) ;
#246 = STYLED_ITEM ( 'NONE', ( #2131 ), #2823 ) ;
#247 = CARTESIAN_POINT ( 'NONE',  ( 2.249923000245584781, 0.4000000000000000222, -0.6500000000000339950 ) ) ;
#248 = CARTESIAN_POINT ( 'NONE',  ( 1.600627182531640047, 1.149999999999999911, 1.899999999999975042 ) ) ;
#249 = PRESENTATION_STYLE_ASSIGNMENT (( #3144 ) ) ;
#250 = ORIENTED_EDGE ( 'NONE', *, *, #3323, .F. ) ;
#251 = CARTESIAN_POINT ( 'NONE',  ( -2.150000000000034994, 1.149999999999999911, 1.221581069830703914 ) ) ;
#252 = STYLED_ITEM ( 'NONE', ( #3185 ), #3668 ) ;
#253 = CARTESIAN_POINT ( 'NONE',  ( -2.150038499910794876, 0.4000000000000000222, -1.900000916336064938 ) ) ;
#254 = CARTESIAN_POINT ( 'NONE',  ( -2.450038499877194909, 1.149999999999999911, -1.900000000000034994 ) ) ;
#255 = DIRECTION ( 'NONE',  ( -0.000000000000000000, 1.000000000000000000, 0.000000000000000000 ) ) ;
#256 = PRESENTATION_STYLE_ASSIGNMENT (( #238 ) ) ;
#257 = VERTEX_POINT ( 'NONE', #2906 ) ;
#258 = ADVANCED_FACE ( 'NONE', ( #1971 ), #1263, .F. ) ;
#259 = PRODUCT_DEFINITION_FORMATION_WITH_SPECIFIED_SOURCE ( 'ANY', '', #810, .NOT_KNOWN. ) ;
#260 = LINE ( 'NONE', #2229, #1581 ) ;
#261 = FACE_OUTER_BOUND ( 'NONE', #232, .T. ) ;
#262 = ORIENTED_EDGE ( 'NONE', *, *, #3690, .T. ) ;
#263 = AXIS2_PLACEMENT_3D ( 'NONE', #2920, #2023, #4062 ) ;
#264 = PRESENTATION_STYLE_ASSIGNMENT (( #3887 ) ) ;
#265 = EDGE_CURVE ( 'NONE', #933, #2683, #3918, .T. ) ;
#266 =( NAMED_UNIT ( * ) SI_UNIT ( $, .STERADIAN. ) SOLID_ANGLE_UNIT ( ) );
#267 = ORIENTED_EDGE ( 'NONE', *, *, #2063, .T. ) ;
#268 = UNCERTAINTY_MEASURE_WITH_UNIT (LENGTH_MEASURE( 1.000000000000000082E-05 ), #2791, 'distance_accuracy_value', 'NONE');
#269 = CARTESIAN_POINT ( 'NONE',  ( 2.083143788437070043, 4.100000000000000533, 1.304141615386415820 ) ) ;
#270 = FILL_AREA_STYLE ('',( #3491 ) ) ;
#271 = LINE ( 'NONE', #884, #1324 ) ;
#272 = FILL_AREA_STYLE ('',( #4221 ) ) ;
#273 = FILL_AREA_STYLE ('',( #1625 ) ) ;
#274 = ORIENTED_EDGE ( 'NONE', *, *, #3784, .T. ) ;
#275 =( GEOMETRIC_REPRESENTATION_CONTEXT ( 3 ) GLOBAL_UNCERTAINTY_ASSIGNED_CONTEXT ( ( #268 ) ) GLOBAL_UNIT_ASSIGNED_CONTEXT ( ( #2791, #128, #459 ) ) REPRESENTATION_CONTEXT ( 'NONE', 'WORKASPACE' ) );
#276 = LINE ( 'NONE', #905, #4228 ) ;
#277 = CARTESIAN_POINT ( 'NONE',  ( 2.149999999999999911, 3.350000000000000089, -1.115345498071464103 ) ) ;
#278 = B_SPLINE_CURVE_WITH_KNOTS ( 'NONE', 3,
 ( #2761, #1760, #3405, #3084 ),
 .UNSPECIFIED., .F., .F.,
 ( 4, 4 ),
 ( 0.000000000000000000, 1.000000000000000000 ),
 .UNSPECIFIED. ) ;
#279 = ORIENTED_EDGE ( 'NONE', *, *, #265, .T. ) ;
#280 = AXIS2_PLACEMENT_3D ( 'NONE', #3940, #2621, #3318 ) ;
#281 = CYLINDRICAL_SURFACE ( 'NONE', #734, 0.2999999999999999334 ) ;
#282 = CARTESIAN_POINT ( 'NONE',  ( 2.249903357500499634, 0.4000000000000000222, 1.899996856239225096 ) ) ;
#283 = CIRCLE ( 'NONE', #2902, 0.2999999999999999334 ) ;
#284 =( LENGTH_UNIT ( ) NAMED_UNIT ( * ) SI_UNIT ( .MILLI., .METRE. ) );
#285 = CARTESIAN_POINT ( 'NONE',  ( -2.151592352080337722, 3.358757936441673309, 1.222144951276346703 ) ) ;
#286 = ORIENTED_EDGE ( 'NONE', *, *, #3850, .F. ) ;
#287 = EDGE_CURVE ( 'NONE', #2891, #2088, #1140, .T. ) ;
#288 = COLOUR_RGB ( '',0.7921568627450980005, 0.8196078431372548767, 0.9333333333333333481 ) ;
#289 = VECTOR ( 'NONE', #327, 1000.000000000000000 ) ;
#290 = DIRECTION ( 'NONE',  ( -1.136051315017354063E-14, 0.000000000000000000, 1.000000000000000000 ) ) ;
#291 = ORIENTED_EDGE ( 'NONE', *, *, #1234, .T. ) ;
#292 = PRESENTATION_STYLE_ASSIGNMENT (( #2900 ) ) ;
#293 = COLOUR_RGB ( '',0.5254901960784313930, 0.5254901960784313930, 0.5254901960784313930 ) ;
#294 = CARTESIAN_POINT ( 'NONE',  ( -2.150000000000034994, 4.100000000000000533, 1.221581069830703914 ) ) ;
#295 = FACE_OUTER_BOUND ( 'NONE', #2325, .T. ) ;
#296 = SURFACE_STYLE_FILL_AREA ( #960 ) ;
#297 = DIRECTION ( 'NONE',  ( 0.000000000000000000, -1.000000000000000000, 0.000000000000000000 ) ) ;
#298 = DIRECTION ( 'NONE',  ( 0.000000000000000000, 1.000000000000000000, 0.000000000000000000 ) ) ;
#299 = VERTEX_POINT ( 'NONE', #1461 ) ;
#300 = CARTESIAN_POINT ( 'NONE',  ( -1.598037108023705022, 1.149999999999999911, 1.899999999999975042 ) ) ;
#301 = CARTESIAN_POINT ( 'NONE',  ( -2.150038499877220399, 0.000000000000000000, 1.899996856239225096 ) ) ;
#302 =( NAMED_UNIT ( * ) PLANE_ANGLE_UNIT ( ) SI_UNIT ( $, .RADIAN. ) );
#303 = EDGE_LOOP ( 'NONE', ( #2108, #2336, #623, #4235, #2503, #162 ) ) ;
#304 = CARTESIAN_POINT ( 'NONE',  ( -1.216906262774198666, 1.150351975252375647, 2.373786101486908606 ) ) ;
#305 = CARTESIAN_POINT ( 'NONE',  ( 1.155245964274369985, 4.100000000000000533, -2.449999999999999734 ) ) ;
#306 = CARTESIAN_POINT ( 'NONE',  ( -0.9478691902843783268, 2.616734060832486719, -2.316684816229773958 ) ) ;
#307 = EDGE_CURVE ( 'NONE', #2034, #1351, #1440, .T. ) ;
#308 = CARTESIAN_POINT ( 'NONE',  ( -2.150038499877195086, 1.149999999999999911, -1.900000000000034994 ) ) ;
#309 = ORIENTED_EDGE ( 'NONE', *, *, #3028, .T. ) ;
#310 = CARTESIAN_POINT ( 'NONE',  ( -0.3850819880915040128, 3.350000000000000089, 2.449999999999960210 ) ) ;
#311 = AXIS2_PLACEMENT_3D ( 'NONE', #247, #3459, #1552 ) ;
#312 = DIRECTION ( 'NONE',  ( -0.6293203910498410547, 0.000000000000000000, -0.7771459614569680152 ) ) ;
#313 = CARTESIAN_POINT ( 'NONE',  ( -2.016655677147519476, 1.883393775688844807, 1.067610675965195766 ) ) ;
#314 = EDGE_CURVE ( 'NONE', #1476, #3819, #4070, .T. ) ;
#315 =( GEOMETRIC_REPRESENTATION_CONTEXT ( 3 ) GLOBAL_UNCERTAINTY_ASSIGNED_CONTEXT ( ( #3696 ) ) GLOBAL_UNIT_ASSIGNED_CONTEXT ( ( #3421, #2800, #3401 ) ) REPRESENTATION_CONTEXT ( 'NONE', 'WORKASPACE' ) );
#316 = CARTESIAN_POINT ( 'NONE',  ( -2.250000000000000000, 0.4000000000000000222, -0.6500000000000339950 ) ) ;
#317 = APPLICATION_CONTEXT ( 'automotive_design' ) ;
#318 = ADVANCED_BREP_SHAPE_REPRESENTATION ( '', ( #2604, #1560 ), #3154 ) ;
#319 = FACE_OUTER_BOUND ( 'NONE', #464, .T. ) ;
#320 = FACE_OUTER_BOUND ( 'NONE', #1568, .T. ) ;
#321 = ORIENTED_EDGE ( 'NONE', *, *, #550, .F. ) ;
#322 = SURFACE_SIDE_STYLE ('',( #964 ) ) ;
#323 = CARTESIAN_POINT ( 'NONE',  ( 1.056891694100867030, 1.150129135955818560, 2.449996210146578868 ) ) ;
#324 = CARTESIAN_POINT ( 'NONE',  ( -2.016666666666699914, 2.250000000000000000, 0.3914550867199800277 ) ) ;
#325 = ORIENTED_EDGE ( 'NONE', *, *, #1968, .T. ) ;
#326 = CARTESIAN_POINT ( 'NONE',  ( -2.153069596328344826, 1.133117220194130192, -1.118146088464625931 ) ) ;
#327 = DIRECTION ( 'NONE',  ( -7.339214706055721837E-15, 0.000000000000000000, 1.000000000000000000 ) ) ;
#328 = CARTESIAN_POINT ( 'NONE',  ( -2.087288279373984867, 1.133136481713151955, 1.303895667277813919 ) ) ;
#329 = CARTESIAN_POINT ( 'NONE',  ( 1.016166108826207948, 1.130343042196236159, 2.453573992327919839 ) ) ;
#330 = CARTESIAN_POINT ( 'NONE',  ( 1.965963089686279863, 0.4000000000000000222, -1.900000000000034994 ) ) ;
#331 = ORIENTED_EDGE ( 'NONE', *, *, #949, .T. ) ;
#332 = CARTESIAN_POINT ( 'NONE',  ( -0.3744825318093299438, 1.516666666666665053, 2.383333333333295112 ) ) ;
#333 = ADVANCED_FACE ( 'NONE', ( #1050 ), #3402, .F. ) ;
#334 = PRESENTATION_STYLE_ASSIGNMENT (( #2923 ) ) ;
#335 = PRESENTATION_STYLE_ASSIGNMENT (( #1283 ) ) ;
#336 = FILL_AREA_STYLE_COLOUR ( '', #1192 ) ;
#337 = ADVANCED_FACE ( 'NONE', ( #3379 ), #470, .F. ) ;
#338 = FILL_AREA_STYLE ('',( #2268 ) ) ;
#339 = LINE ( 'NONE', #3985, #3636 ) ;
#340 = CARTESIAN_POINT ( 'NONE',  ( -2.149999999999999911, 1.149999999999999911, -0.4071936899435870116 ) ) ;
#341 = EDGE_LOOP ( 'NONE', ( #1618, #3442, #2873, #1677, #22 ) ) ;
#342 = PRESENTATION_LAYER_ASSIGNMENT (  '', '', ( #4039 ) ) ;
#343 = CARTESIAN_POINT ( 'NONE',  ( -2.050048394276529073, 1.877201554214656953, -1.186186349889391867 ) ) ;
#344 = CYLINDRICAL_SURFACE ( 'NONE', #4183, 0.2999999999999999334 ) ;
#345 = CARTESIAN_POINT ( 'NONE',  ( -1.009563229956992103, 0.4000000000000000222, -2.449999999999999734 ) ) ;
#346 = STYLED_ITEM ( 'NONE', ( #4226 ), #1415 ) ;
#347 = CARTESIAN_POINT ( 'NONE',  ( 1.015902293378025956, 3.366614904563034916, 2.453020891738695308 ) ) ;
#348 = CLOSED_SHELL ( 'NONE', ( #239, #3377, #1712, #872, #2411, #2542, #2823, #2720, #1620, #3983, #1944, #3035, #525, #595, #1759, #2620, #2090, #2765, #1961, #1736, #3294, #573, #3881, #3724, #2043, #333, #3249, #64, #2892, #2038, #630, #2227, #3668, #2598, #654, #3976, #206, #1079, #2769, #92, #2116, #2999, #425, #70, #1302, #1543, #3160, #447, #1833, #1415, #3100, #3403, #337, #1591, #2661, #258, #2250, #918, #3393, #2220, #791, #4245, #1101, #3662, #2817, #4007, #3790, #1912, #1653, #851, #740, #2950, #3109, #3483, #1853, #2084, #2747, #3812, #1596, #2502, #2466, #3504, #2843, #3921, #3833 ) ) ;
#349 = LINE ( 'NONE', #2608, #3210 ) ;
#350 = VERTEX_POINT ( 'NONE', #99 ) ;
#351 = COLOUR_RGB ( '',0.5254901960784313930, 0.5254901960784313930, 0.5254901960784313930 ) ;
#352 = SURFACE_STYLE_FILL_AREA ( #4236 ) ;
#353 = CARTESIAN_POINT ( 'NONE',  ( 1.600627182531614956, 1.149999999999999911, -1.900000000000034994 ) ) ;
#354 = COLOUR_RGB ( '',0.5254901960784313930, 0.5254901960784313930, 0.5254901960784313930 ) ;
#355 = STYLED_ITEM ( 'NONE', ( #1368 ), #1736 ) ;
#356 = DIRECTION ( 'NONE',  ( 1.000000000000000000, 0.000000000000000000, 0.000000000000000000 ) ) ;
#357 = DIRECTION ( 'NONE',  ( 7.339214706055721837E-15, 0.000000000000000000, -1.000000000000000000 ) ) ;
#358 = CARTESIAN_POINT ( 'NONE',  ( -0.9837674672393841302, 2.996068552888750069, 2.385648827797914873 ) ) ;
#359 = LINE ( 'NONE', #985, #3325 ) ;
#360 =( NAMED_UNIT ( * ) PLANE_ANGLE_UNIT ( ) SI_UNIT ( $, .RADIAN. ) );
#361 = ORIENTED_EDGE ( 'NONE', *, *, #2870, .F. ) ;
#362 = COLOUR_RGB ( '',1.000000000000000000, 1.000000000000000000, 1.000000000000000000 ) ;
#363 = FILL_AREA_STYLE_COLOUR ( '', #1008 ) ;
#364 = STYLED_ITEM ( 'NONE', ( #1697 ), #333 ) ;
#365 = DIRECTION ( 'NONE',  ( 0.000000000000000000, 1.000000000000000000, 0.000000000000000000 ) ) ;
#366 = ORIENTED_EDGE ( 'NONE', *, *, #3205, .F. ) ;
#367 = MECHANICAL_DESIGN_GEOMETRIC_PRESENTATION_REPRESENTATION (  '', ( #3860 ), #2709 ) ;
#368 = FILL_AREA_STYLE ('',( #4243 ) ) ;
#369 = EDGE_CURVE ( 'NONE', #3871, #821, #1062, .T. ) ;
#370 = VERTEX_POINT ( 'NONE', #2398 ) ;
#371 = SURFACE_STYLE_USAGE ( .BOTH. , #2213 ) ;
#372 = PRESENTATION_STYLE_ASSIGNMENT (( #2722 ) ) ;
#373 = LINE ( 'NONE', #993, #2065 ) ;
#374 = CARTESIAN_POINT ( 'NONE',  ( -2.019715545204929796, 2.995213480421954788, 1.279966907130622111 ) ) ;
#375 = B_SPLINE_CURVE_WITH_KNOTS ( 'NONE', 3,
 ( #3838, #2512, #1561, #2883 ),
 .UNSPECIFIED., .F., .F.,
 ( 4, 4 ),
 ( 0.000000000000000000, 1.000000000000000000 ),
 .UNSPECIFIED. ) ;
#376 = SURFACE_STYLE_USAGE ( .BOTH. , #3305 ) ;
#377 = ORIENTED_EDGE ( 'NONE', *, *, #2967, .T. ) ;
#378 = FILL_AREA_STYLE ('',( #3308 ) ) ;
#379 = VERTEX_POINT ( 'NONE', #1801 ) ;
#380 = ORIENTED_EDGE ( 'NONE', *, *, #3370, .T. ) ;
#381 = FILL_AREA_STYLE_COLOUR ( '', #1145 ) ;
#382 = FILL_AREA_STYLE_COLOUR ( '', #2618 ) ;
#383 =( NAMED_UNIT ( * ) PLANE_ANGLE_UNIT ( ) SI_UNIT ( $, .RADIAN. ) );
#384 = ORIENTED_EDGE ( 'NONE', *, *, #4065, .T. ) ;
#385 = FILL_AREA_STYLE_COLOUR ( '', #1489 ) ;
#386 = COLOUR_RGB ( '',0.5254901960784313930, 0.5254901960784313930, 0.5254901960784313930 ) ;
#387 = CARTESIAN_POINT ( 'NONE',  ( -2.084217250076770167, 3.349973139425544755, 1.302808240413782181 ) ) ;
#388 = ORIENTED_EDGE ( 'NONE', *, *, #2328, .T. ) ;
#389 = DIRECTION ( 'NONE',  ( -1.000000000000000000, 0.000000000000000000, 0.000000000000000000 ) ) ;
#390 = ORIENTED_EDGE ( 'NONE', *, *, #287, .F. ) ;
#391 = VECTOR ( 'NONE', #13, 1000.000000000000000 ) ;
#392 = EDGE_CURVE ( 'NONE', #3061, #3176, #7, .T. ) ;
#393 = CARTESIAN_POINT ( 'NONE',  ( -2.086994270027569875, 3.365246466881715026, -1.303791553107784162 ) ) ;
#394 = DIRECTION ( 'NONE',  ( -0.6293203910498410547, 0.000000000000000000, -0.7771459614569680152 ) ) ;
#395 =( NAMED_UNIT ( * ) PLANE_ANGLE_UNIT ( ) SI_UNIT ( $, .RADIAN. ) );
#396 = VECTOR ( 'NONE', #4040, 1000.000000000000000 ) ;
#397 = EDGE_CURVE ( 'NONE', #2521, #1761, #2140, .T. ) ;
#398 = SURFACE_STYLE_FILL_AREA ( #2409 ) ;
#399 = VERTEX_POINT ( 'NONE', #2199 ) ;
#400 = UNCERTAINTY_MEASURE_WITH_UNIT (LENGTH_MEASURE( 1.000000000000000082E-05 ), #1534, 'distance_accuracy_value', 'NONE');
#401 = FACE_OUTER_BOUND ( 'NONE', #26, .T. ) ;
#402 = DIRECTION ( 'NONE',  ( 0.000000000000000000, -1.000000000000000000, 0.000000000000000000 ) ) ;
#403 = PRESENTATION_STYLE_ASSIGNMENT (( #2641 ) ) ;
#404 = ORIENTED_EDGE ( 'NONE', *, *, #2298, .F. ) ;
#405 = CARTESIAN_POINT ( 'NONE',  ( -1.009563229956992103, 1.149999999999999911, -2.449999999999999734 ) ) ;
#406 = ORIENTED_EDGE ( 'NONE', *, *, #3136, .T. ) ;
#407 = CARTESIAN_POINT ( 'NONE',  ( -1.243280591281128000, 1.150052556527484171, -2.339699115641054927 ) ) ;
#408 = SURFACE_STYLE_USAGE ( .BOTH. , #1100 ) ;
#409 = PRESENTATION_STYLE_ASSIGNMENT (( #3665 ) ) ;
#410 = CARTESIAN_POINT ( 'NONE',  ( -1.101280234884255860, 1.150510374770389532, -2.440392091028910748 ) ) ;
#411 = FILL_AREA_STYLE_COLOUR ( '', #975 ) ;
#412 = CARTESIAN_POINT ( 'NONE',  ( -2.150038499910794876, 0.4000000000000000222, -1.900000916336064938 ) ) ;
#413 = EDGE_CURVE ( 'NONE', #1097, #2891, #2801, .T. ) ;
#414 = CARTESIAN_POINT ( 'NONE',  ( 1.012153304464924242, 3.350000000000000089, -2.449999999999999734 ) ) ;
#415 = MECHANICAL_DESIGN_GEOMETRIC_PRESENTATION_REPRESENTATION (  '', ( #2690 ), #3708 ) ;
#416 = EDGE_CURVE ( 'NONE', #3594, #3281, #2465, .T. ) ;
#417 = ORIENTED_EDGE ( 'NONE', *, *, #4117, .F. ) ;
#418 = CARTESIAN_POINT ( 'NONE',  ( 2.149999999999999911, 3.350000000000000089, 1.115345498071467878 ) ) ;
#419 = VECTOR ( 'NONE', #3133, 1000.000000000000000 ) ;
#420 = VERTEX_POINT ( 'NONE', #2182 ) ;
#421 = DIRECTION ( 'NONE',  ( 0.000000000000000000, 0.000000000000000000, 1.000000000000000000 ) ) ;
#422 = LINE ( 'NONE', #1436, #1045 ) ;
#423 = COLOUR_RGB ( '',1.000000000000000000, 1.000000000000000000, 1.000000000000000000 ) ;
#424 = CARTESIAN_POINT ( 'NONE',  ( 2.249923000245584781, 0.4000000000000000222, -0.6500000000000339950 ) ) ;
#425 = ADVANCED_FACE ( 'NONE', ( #167 ), #565, .T. ) ;
#426 = VERTEX_POINT ( 'NONE', #1559 ) ;
#427 = PRESENTATION_LAYER_ASSIGNMENT (  '', '', ( #2498 ) ) ;
#428 = CARTESIAN_POINT ( 'NONE',  ( -1.123835416453612401, 2.987805293542875162, -2.384146417004713747 ) ) ;
#429 =( NAMED_UNIT ( * ) SI_UNIT ( $, .STERADIAN. ) SOLID_ANGLE_UNIT ( ) );
#430 = ORIENTED_EDGE ( 'NONE', *, *, #2980, .T. ) ;
#431 = CIRCLE ( 'NONE', #702, 0.2999999999999999334 ) ;
#432 = MECHANICAL_DESIGN_GEOMETRIC_PRESENTATION_REPRESENTATION (  '', ( #4054 ), #1867 ) ;
#433 = PRESENTATION_LAYER_ASSIGNMENT (  '', '', ( #3445 ) ) ;
#434 = DIRECTION ( 'NONE',  ( 0.000000000000000000, 0.000000000000000000, 1.000000000000000000 ) ) ;
#435 = CARTESIAN_POINT ( 'NONE',  ( -2.250000000000000000, 0.4000000000000000222, -1.882858153910764942 ) ) ;
#436 = CARTESIAN_POINT ( 'NONE',  ( 1.016166077596921902, 1.130343402300491906, -2.453573926854474951 ) ) ;
#437 = CARTESIAN_POINT ( 'NONE',  ( -2.450038499877194909, 0.4000000000000000222, -1.900000000000034994 ) ) ;
#438 = SURFACE_SIDE_STYLE ('',( #3373 ) ) ;
#439 = UNCERTAINTY_MEASURE_WITH_UNIT (LENGTH_MEASURE( 1.000000000000000082E-05 ), #53, 'distance_accuracy_value', 'NONE');
#440 = ORIENTED_EDGE ( 'NONE', *, *, #2793, .T. ) ;
#441 =( LENGTH_UNIT ( ) NAMED_UNIT ( * ) SI_UNIT ( .MILLI., .METRE. ) );
#442 = EDGE_CURVE ( 'NONE', #3176, #2960, #532, .T. ) ;
#443 = ORIENTED_EDGE ( 'NONE', *, *, #1527, .F. ) ;
#444 = LINE ( 'NONE', #746, #465 ) ;
#445 = ORIENTED_EDGE ( 'NONE', *, *, #413, .F. ) ;
#446 = CARTESIAN_POINT ( 'NONE',  ( 1.763371420698155001, 2.983333333333334725, 1.593093221107944935 ) ) ;
#447 = ADVANCED_FACE ( 'NONE', ( #3163 ), #604, .T. ) ;
#448 = SURFACE_SIDE_STYLE ('',( #2738 ) ) ;
#449 = VECTOR ( 'NONE', #1358, 1000.000000000000000 ) ;
#450 = PLANE ( 'NONE',  #1520 ) ;
#451 = ORIENTED_EDGE ( 'NONE', *, *, #3579, .T. ) ;
#452 = CARTESIAN_POINT ( 'NONE',  ( 0.3638830755270640038, 2.250000000000000000, -2.316666666666690411 ) ) ;
#453 = AXIS2_PLACEMENT_3D ( 'NONE', #2407, #2748, #505 ) ;
#454 = CARTESIAN_POINT ( 'NONE',  ( 2.149999999999999911, 1.149999999999999911, 1.117059087394529859 ) ) ;
#455 = CARTESIAN_POINT ( 'NONE',  ( 0.9478691904229247234, 2.616734062498415003, 2.316684816532577518 ) ) ;
#456 = STYLED_ITEM ( 'NONE', ( #264 ), #3393 ) ;
#457 =( GEOMETRIC_REPRESENTATION_CONTEXT ( 3 ) GLOBAL_UNCERTAINTY_ASSIGNED_CONTEXT ( ( #2025 ) ) GLOBAL_UNIT_ASSIGNED_CONTEXT ( ( #4157, #2554, #3536 ) ) REPRESENTATION_CONTEXT ( 'NONE', 'WORKASPACE' ) );
#458 =( NAMED_UNIT ( * ) PLANE_ANGLE_UNIT ( ) SI_UNIT ( $, .RADIAN. ) );
#459 =( NAMED_UNIT ( * ) SI_UNIT ( $, .STERADIAN. ) SOLID_ANGLE_UNIT ( ) );
#460 = CARTESIAN_POINT ( 'NONE',  ( -1.244326592549706012, 3.349983671426944642, 2.339989867818439873 ) ) ;
#461 = AXIS2_PLACEMENT_3D ( 'NONE', #1141, #122, #493 ) ;
#462 = ORIENTED_EDGE ( 'NONE', *, *, #3178, .F. ) ;
#463 =( NAMED_UNIT ( * ) PLANE_ANGLE_UNIT ( ) SI_UNIT ( $, .RADIAN. ) );
#464 = EDGE_LOOP ( 'NONE', ( #2637, #1492, #3219, #524 ) ) ;
#465 = VECTOR ( 'NONE', #2435, 1000.000000000000000 ) ;
#466 = CARTESIAN_POINT ( 'NONE',  ( -2.150038499877220399, 0.4000000000000000222, 1.599996856239225052 ) ) ;
#467 = SURFACE_STYLE_USAGE ( .BOTH. , #3397 ) ;
#468 = PRESENTATION_STYLE_ASSIGNMENT (( #509 ) ) ;
#469 = VERTEX_POINT ( 'NONE', #2922 ) ;
#470 = PLANE ( 'NONE',  #3371 ) ;
#471 = EDGE_CURVE ( 'NONE', #2688, #420, #431, .T. ) ;
#472 = DIRECTION ( 'NONE',  ( 0.000000000000000000, 1.000000000000000000, 0.000000000000000000 ) ) ;
#473 =( LENGTH_UNIT ( ) NAMED_UNIT ( * ) SI_UNIT ( .MILLI., .METRE. ) );
#474 = VERTEX_POINT ( 'NONE', #1322 ) ;
#475 = FILL_AREA_STYLE ('',( #4073 ) ) ;
#476 = CARTESIAN_POINT ( 'NONE',  ( 1.155245964274369985, 3.350000000000000089, -2.449999999999999734 ) ) ;
#477 = EDGE_CURVE ( 'NONE', #1143, #2434, #678, .T. ) ;
#478 = CARTESIAN_POINT ( 'NONE',  ( 2.149961500122754998, 0.000000000000000000, 1.599996856239225052 ) ) ;
#479 = CARTESIAN_POINT ( 'NONE',  ( -2.150000000000034994, 3.350000000000000089, 1.115916163393579907 ) ) ;
#480 = CARTESIAN_POINT ( 'NONE',  ( 2.249923000245584781, 0.4000000000000000222, 0.6499999999999770406 ) ) ;
#481 = FACE_OUTER_BOUND ( 'NONE', #2384, .T. ) ;
#482 = UNCERTAINTY_MEASURE_WITH_UNIT (LENGTH_MEASURE( 1.000000000000000082E-05 ), #2262, 'distance_accuracy_value', 'NONE');
#483 =( NAMED_UNIT ( * ) SI_UNIT ( $, .STERADIAN. ) SOLID_ANGLE_UNIT ( ) );
#484 = ORIENTED_EDGE ( 'NONE', *, *, #1309, .F. ) ;
#485 = SURFACE_SIDE_STYLE ('',( #3729 ) ) ;
#486 = B_SPLINE_CURVE_WITH_KNOTS ( 'NONE', 3,
 ( #3582, #4113, #3441, #2508 ),
 .UNSPECIFIED., .F., .F.,
 ( 4, 4 ),
 ( 0.000000000000000000, 1.000000000000000000 ),
 .UNSPECIFIED. ) ;
#487 = SURFACE_SIDE_STYLE ('',( #2732 ) ) ;
#488 = FILL_AREA_STYLE_COLOUR ( '', #236 ) ;
#489 = ORIENTED_EDGE ( 'NONE', *, *, #550, .T. ) ;
#490 = UNCERTAINTY_MEASURE_WITH_UNIT (LENGTH_MEASURE( 1.000000000000000082E-05 ), #978, 'distance_accuracy_value', 'NONE');
#491 = LINE ( 'NONE', #2757, #3938 ) ;
#492 =( NAMED_UNIT ( * ) PLANE_ANGLE_UNIT ( ) SI_UNIT ( $, .RADIAN. ) );
#493 = DIRECTION ( 'NONE',  ( 0.000000000000000000, -1.000000000000000000, 0.000000000000000000 ) ) ;
#494 = FILL_AREA_STYLE_COLOUR ( '', #2546 ) ;
#495 = VERTEX_POINT ( 'NONE', #615 ) ;
#496 = PLANE ( 'NONE',  #2074 ) ;
#497 = CARTESIAN_POINT ( 'NONE',  ( 1.598114107778170201, 1.149999999999999911, 1.899999999999975042 ) ) ;
#498 =( NAMED_UNIT ( * ) PLANE_ANGLE_UNIT ( ) SI_UNIT ( $, .RADIAN. ) );
#499 = FILL_AREA_STYLE_COLOUR ( '', #877 ) ;
#500 = MECHANICAL_DESIGN_GEOMETRIC_PRESENTATION_REPRESENTATION (  '', ( #1659 ), #3 ) ;
#501 = CARTESIAN_POINT ( 'NONE',  ( 2.084217250074650085, 3.349973139425650004, 1.302808240416334140 ) ) ;
#502 = SURFACE_STYLE_FILL_AREA ( #1127 ) ;
#503 = ORIENTED_EDGE ( 'NONE', *, *, #3830, .F. ) ;
#504 = MECHANICAL_DESIGN_GEOMETRIC_PRESENTATION_REPRESENTATION (  '', ( #4131 ), #3047 ) ;
#505 = DIRECTION ( 'NONE',  ( 0.000000000000000000, -1.000000000000000000, 0.000000000000000000 ) ) ;
#506 = EDGE_CURVE ( 'NONE', #2370, #3049, #3350, .T. ) ;
#507 = CARTESIAN_POINT ( 'NONE',  ( 1.850000000000000089, 4.100000000000000533, -1.115345498071467878 ) ) ;
#508 = VERTEX_POINT ( 'NONE', #269 ) ;
#509 = SURFACE_STYLE_USAGE ( .BOTH. , #2137 ) ;
#510 = ORIENTED_EDGE ( 'NONE', *, *, #3252, .T. ) ;
#511 = LINE ( 'NONE', #1095, #3886 ) ;
#512 = PRESENTATION_STYLE_ASSIGNMENT (( #1262 ) ) ;
#513 = DIRECTION ( 'NONE',  ( 0.000000000000000000, -1.000000000000000000, 0.000000000000000000 ) ) ;
#514 = CARTESIAN_POINT ( 'NONE',  ( 1.182131087366210753, 1.883401772429705856, -2.204911101192517542 ) ) ;
#515 = PRESENTATION_STYLE_ASSIGNMENT (( #3151 ) ) ;
#516 = CARTESIAN_POINT ( 'NONE',  ( -1.245297092902070135, 4.100000000000000533, -2.338796117314970058 ) ) ;
#517 = ORIENTED_EDGE ( 'NONE', *, *, #4186, .T. ) ;
#518 = EDGE_CURVE ( 'NONE', #2509, #2896, #3288, .T. ) ;
#519 = CARTESIAN_POINT ( 'NONE',  ( -1.012153304465010173, 4.100000000000000533, 2.149999999999959943 ) ) ;
#520 = AXIS2_PLACEMENT_3D ( 'NONE', #139, #1460, #2419 ) ;
#521 = CARTESIAN_POINT ( 'NONE',  ( 1.243840466612600171, 3.349951351268914745, 2.340580846088885281 ) ) ;
#522 = CARTESIAN_POINT ( 'NONE',  ( 1.244326422926372189, 3.349983660149514986, 2.339990074027699762 ) ) ;
#523 = UNCERTAINTY_MEASURE_WITH_UNIT (LENGTH_MEASURE( 1.000000000000000082E-05 ), #1699, 'distance_accuracy_value', 'NONE');
#524 = ORIENTED_EDGE ( 'NONE', *, *, #602, .T. ) ;
#525 = ADVANCED_FACE ( 'NONE', ( #958 ), #2610, .F. ) ;
#526 =( GEOMETRIC_REPRESENTATION_CONTEXT ( 3 ) GLOBAL_UNCERTAINTY_ASSIGNED_CONTEXT ( ( #4086 ) ) GLOBAL_UNIT_ASSIGNED_CONTEXT ( ( #540, #458, #1767 ) ) REPRESENTATION_CONTEXT ( 'NONE', 'WORKASPACE' ) );
#527 = CARTESIAN_POINT ( 'NONE',  ( 1.850000000000000089, 4.100000000000000533, 1.115345498071464103 ) ) ;
#528 = AXIS2_PLACEMENT_3D ( 'NONE', #1306, #1373, #2334 ) ;
#529 = SURFACE_STYLE_USAGE ( .BOTH. , #1915 ) ;
#530 = ORIENTED_EDGE ( 'NONE', *, *, #2382, .T. ) ;
#531 = UNCERTAINTY_MEASURE_WITH_UNIT (LENGTH_MEASURE( 1.000000000000000082E-05 ), #823, 'distance_accuracy_value', 'NONE');
#532 = LINE ( 'NONE', #2882, #2208 ) ;
#533 = VECTOR ( 'NONE', #4171, 1000.000000000000000 ) ;
#534 = CARTESIAN_POINT ( 'NONE',  ( 2.019713679772350279, 2.995203220545795464, -1.279966246547094233 ) ) ;
#535 = PRESENTATION_STYLE_ASSIGNMENT (( #213 ) ) ;
#536 = CARTESIAN_POINT ( 'NONE',  ( 1.049923000245597926, 0.000000000000000000, 1.899996856239225096 ) ) ;
#537 =( NAMED_UNIT ( * ) PLANE_ANGLE_UNIT ( ) SI_UNIT ( $, .RADIAN. ) );
#538 = CARTESIAN_POINT ( 'NONE',  ( 1.443409508062988067, 1.516666666666665053, -1.988213277220659991 ) ) ;
#539 = VERTEX_POINT ( 'NONE', #418 ) ;
#540 =( LENGTH_UNIT ( ) NAMED_UNIT ( * ) SI_UNIT ( .MILLI., .METRE. ) );
#541 = PRESENTATION_STYLE_ASSIGNMENT (( #2578 ) ) ;
#542 = EDGE_CURVE ( 'NONE', #1143, #3223, #699, .T. ) ;
#543 = CARTESIAN_POINT ( 'NONE',  ( 1.152732889520904136, 1.149999999999999911, 2.449999999999999734 ) ) ;
#544 = EDGE_CURVE ( 'NONE', #3549, #350, #2351, .T. ) ;
#545 = FILL_AREA_STYLE ('',( #1957 ) ) ;
#546 = FILL_AREA_STYLE ('',( #2895 ) ) ;
#547 = ORIENTED_EDGE ( 'NONE', *, *, #2060, .F. ) ;
#548 = CARTESIAN_POINT ( 'NONE',  ( -1.050000000000000044, 0.4000000000000000222, 1.899996856239225096 ) ) ;
#549 = VECTOR ( 'NONE', #2216, 1000.000000000000000 ) ;
#550 = EDGE_CURVE ( 'NONE', #1137, #257, #4038, .T. ) ;
#551 =( LENGTH_UNIT ( ) NAMED_UNIT ( * ) SI_UNIT ( .MILLI., .METRE. ) );
#552 = SURFACE_STYLE_USAGE ( .BOTH. , #3494 ) ;
#553 = COLOUR_RGB ( '',0.000000000000000000, 0.000000000000000000, 0.000000000000000000 ) ;
#554 = CARTESIAN_POINT ( 'NONE',  ( -1.243346907793722034, 1.150045509154542067, 2.339656603485180231 ) ) ;
#555 = DIRECTION ( 'NONE',  ( -0.9999999998319363259, 0.000000000000000000, -1.833377905454695305E-05 ) ) ;
#556 = CIRCLE ( 'NONE', #71, 0.2999999999999999334 ) ;
#557 = ORIENTED_EDGE ( 'NONE', *, *, #2127, .F. ) ;
#558 = MECHANICAL_DESIGN_GEOMETRIC_PRESENTATION_REPRESENTATION (  '', ( #986 ), #1660 ) ;
#559 = MECHANICAL_DESIGN_GEOMETRIC_PRESENTATION_REPRESENTATION (  '', ( #849 ), #635 ) ;
#560 = CARTESIAN_POINT ( 'NONE',  ( 2.450061500122765246, 0.000000000000000000, 0.6499999999999770406 ) ) ;
#561 = DIRECTION ( 'NONE',  ( 0.000000000000000000, 1.000000000000000000, 0.000000000000000000 ) ) ;
#562 =( NAMED_UNIT ( * ) SI_UNIT ( $, .STERADIAN. ) SOLID_ANGLE_UNIT ( ) );
#563 = VECTOR ( 'NONE', #845, 1000.000000000000114 ) ;
#564 = PRESENTATION_STYLE_ASSIGNMENT (( #2794 ) ) ;
#565 = B_SPLINE_SURFACE_WITH_KNOTS ( 'NONE', 3, 3, ( 
 ( #1505, #210, #3778, #839, #2822 ),
 ( #2842, #3837, #3444, #3507, #3757 ),
 ( #571, #4136, #4115, #1178, #1842 ),
 ( #3192, #2510, #3469, #2161, #251 ) ),
 .UNSPECIFIED., .F., .F., .F.,
 ( 4, 4 ),
 ( 4, 1, 4 ),
 ( 0.000000000000000000, 1.000000000000000000 ),
 ( 0.000000000000000000, 0.5000000000000000000, 1.000000000000000000 ),
 .UNSPECIFIED. ) ;
#566 = VECTOR ( 'NONE', #1221, 1000.000000000000000 ) ;
#567 = COLOUR_RGB ( '',0.000000000000000000, 0.000000000000000000, 0.000000000000000000 ) ;
#568 = FILL_AREA_STYLE_COLOUR ( '', #2853 ) ;
#569 = EDGE_LOOP ( 'NONE', ( #3622, #3332, #2645, #861 ) ) ;
#570 = UNCERTAINTY_MEASURE_WITH_UNIT (LENGTH_MEASURE( 1.000000000000000082E-05 ), #2739, 'distance_accuracy_value', 'NONE');
#571 = CARTESIAN_POINT ( 'NONE',  ( -1.818415321424839970, 3.350000000000000089, 1.631054046553790160 ) ) ;
#572 = STYLED_ITEM ( 'NONE', ( #1070 ), #2502 ) ;
#573 = ADVANCED_FACE ( 'NONE', ( #401 ), #3031, .F. ) ;
#574 = CARTESIAN_POINT ( 'NONE',  ( 2.086994270027649812, 3.365246466882170218, -1.303791553107759960 ) ) ;
#575 = LINE ( 'NONE', #237, #3372 ) ;
#576 = CARTESIAN_POINT ( 'NONE',  ( 1.013691778509034025, 3.349983671426944642, 2.449997031104200307 ) ) ;
#577 = SURFACE_STYLE_USAGE ( .BOTH. , #1204 ) ;
#578 = EDGE_CURVE ( 'NONE', #1332, #590, #4020, .T. ) ;
#579 = CARTESIAN_POINT ( 'NONE',  ( 1.443409508062988067, 2.983333333333334725, -1.988213277220659991 ) ) ;
#580 = FILL_AREA_STYLE_COLOUR ( '', #2976 ) ;
#581 = VERTEX_POINT ( 'NONE', #3975 ) ;
#582 = SURFACE_SIDE_STYLE ('',( #3581 ) ) ;
#583 = DIRECTION ( 'NONE',  ( 0.000000000000000000, 0.000000000000000000, 1.000000000000000000 ) ) ;
#584 = PRESENTATION_LAYER_ASSIGNMENT (  '', '', ( #178 ) ) ;
#585 = CARTESIAN_POINT ( 'NONE',  ( -1.152655889766434072, 1.149999999999999911, -2.449999999999999734 ) ) ;
#586 = CARTESIAN_POINT ( 'NONE',  ( 2.149999999999975042, 4.100000000000000533, 1.221581069830675936 ) ) ;
#587 = MECHANICAL_DESIGN_GEOMETRIC_PRESENTATION_REPRESENTATION (  '', ( #1273 ), #3003 ) ;
#588 = DIRECTION ( 'NONE',  ( 1.000000000000000000, 0.000000000000000000, 0.000000000000000000 ) ) ;
#589 = AXIS2_PLACEMENT_3D ( 'NONE', #3246, #2914, #969 ) ;
#590 = VERTEX_POINT ( 'NONE', #1433 ) ;
#591 = CARTESIAN_POINT ( 'NONE',  ( -1.245297092902070135, 4.100000000000000533, -2.338796117314970058 ) ) ;
#592 = PRESENTATION_LAYER_ASSIGNMENT (  '', '', ( #1555 ) ) ;
#593 = FILL_AREA_STYLE_COLOUR ( '', #1287 ) ;
#594 = CARTESIAN_POINT ( 'NONE',  ( 2.149961500122754998, 1.149999999999999911, 1.599996856239225052 ) ) ;
#595 = ADVANCED_FACE ( 'NONE', ( #1409 ), #2708, .F. ) ;
#596 = CARTESIAN_POINT ( 'NONE',  ( -1.123447595427866208, 1.516666666666665053, -2.383333333333355064 ) ) ;
#597 =( NAMED_UNIT ( * ) SI_UNIT ( $, .STERADIAN. ) SOLID_ANGLE_UNIT ( ) );
#598 = COLOUR_RGB ( '',1.000000000000000000, 1.000000000000000000, 1.000000000000000000 ) ;
#599 = VERTEX_POINT ( 'NONE', #183 ) ;
#600 = LINE ( 'NONE', #1584, #2130 ) ;
#601 =( NAMED_UNIT ( * ) SI_UNIT ( $, .STERADIAN. ) SOLID_ANGLE_UNIT ( ) );
#602 = EDGE_CURVE ( 'NONE', #1825, #2859, #1874, .T. ) ;
#603 = ORIENTED_EDGE ( 'NONE', *, *, #1212, .F. ) ;
#604 = B_SPLINE_SURFACE_WITH_KNOTS ( 'NONE', 3, 3, ( 
 ( #880, #1641, #3893, #3854, #4255 ),
 ( #999, #3873, #934, #2260, #3254 ),
 ( #310, #1619, #2301, #332, #3568 ),
 ( #2944, #3527, #2219, #1598, #3604 ) ),
 .UNSPECIFIED., .F., .F., .F.,
 ( 4, 4 ),
 ( 4, 1, 4 ),
 ( 0.000000000000000000, 1.000000000000000000 ),
 ( 0.000000000000000000, 0.5000000000000000000, 1.000000000000000000 ),
 .UNSPECIFIED. ) ;
#605 = COLOUR_RGB ( '',0.5254901960784313930, 0.5254901960784313930, 0.5254901960784313930 ) ;
#606 = CARTESIAN_POINT ( 'NONE',  ( -1.180647990429568583, 1.150638203425589756, 2.402897202692152678 ) ) ;
#607 = CARTESIAN_POINT ( 'NONE',  ( -1.013692045511175976, 3.349983660149514986, 2.449997029053850195 ) ) ;
#608 = ORIENTED_EDGE ( 'NONE', *, *, #397, .F. ) ;
#609 = ORIENTED_EDGE ( 'NONE', *, *, #2625, .F. ) ;
#610 = CARTESIAN_POINT ( 'NONE',  ( -1.983193182570999857, 1.874874112101540202, 1.268746391774114191 ) ) ;
#611 = COLOUR_RGB ( '',0.5254901960784313930, 0.5254901960784313930, 0.5254901960784313930 ) ;
#612 =( NAMED_UNIT ( * ) PLANE_ANGLE_UNIT ( ) SI_UNIT ( $, .RADIAN. ) );
#613 = ORIENTED_EDGE ( 'NONE', *, *, #181, .F. ) ;
#614 = UNCERTAINTY_MEASURE_WITH_UNIT (LENGTH_MEASURE( 1.000000000000000082E-05 ), #284, 'distance_accuracy_value', 'NONE');
#615 = CARTESIAN_POINT ( 'NONE',  ( -2.149995116318824895, 3.349973139425544755, -1.117057276345482242 ) ) ;
#616 = LINE ( 'NONE', #1920, #1826 ) ;
#617 = CARTESIAN_POINT ( 'NONE',  ( 2.049951707797902145, 2.621226726878347790, -1.186152111412180687 ) ) ;
#618 =( NAMED_UNIT ( * ) SI_UNIT ( $, .STERADIAN. ) SOLID_ANGLE_UNIT ( ) );
#619 = PRESENTATION_STYLE_ASSIGNMENT (( #4196 ) ) ;
#620 =( NAMED_UNIT ( * ) PLANE_ANGLE_UNIT ( ) SI_UNIT ( $, .RADIAN. ) );
#621 = VECTOR ( 'NONE', #875, 1000.000000000000000 ) ;
#622 = DIRECTION ( 'NONE',  ( 0.000000000000000000, -1.000000000000000000, 0.000000000000000000 ) ) ;
#623 = ORIENTED_EDGE ( 'NONE', *, *, #2857, .F. ) ;
#624 = VECTOR ( 'NONE', #3542, 1000.000000000000000 ) ;
#625 = CARTESIAN_POINT ( 'NONE',  ( -2.249980357254909968, 0.4000000000000000222, 1.899996856239225096 ) ) ;
#626 = LINE ( 'NONE', #4145, #141 ) ;
#627 = CARTESIAN_POINT ( 'NONE',  ( -1.949494243467482235, 2.616695482819503038, 1.257329793159752018 ) ) ;
#628 = CARTESIAN_POINT ( 'NONE',  ( 2.084217250076745298, 3.349973139425550084, -1.302808240413749985 ) ) ;
#629 = AXIS2_PLACEMENT_3D ( 'NONE', #1892, #4206, #1313 ) ;
#630 = ADVANCED_FACE ( 'NONE', ( #227 ), #1835, .T. ) ;
#631 =( NAMED_UNIT ( * ) SI_UNIT ( $, .STERADIAN. ) SOLID_ANGLE_UNIT ( ) );
#632 = VECTOR ( 'NONE', #1649, 1000.000000000000000 ) ;
#633 = SURFACE_STYLE_USAGE ( .BOTH. , #1514 ) ;
#634 = CARTESIAN_POINT ( 'NONE',  ( -2.085493360076705383, 2.995213480421674568, 1.094216088134653875 ) ) ;
#635 =( GEOMETRIC_REPRESENTATION_CONTEXT ( 3 ) GLOBAL_UNCERTAINTY_ASSIGNED_CONTEXT ( ( #614 ) ) GLOBAL_UNIT_ASSIGNED_CONTEXT ( ( #284, #4207, #3045 ) ) REPRESENTATION_CONTEXT ( 'NONE', 'WORKASPACE' ) );
#636 = EDGE_CURVE ( 'NONE', #1277, #426, #3773, .T. ) ;
#637 = COLOUR_RGB ( '',0.000000000000000000, 0.000000000000000000, 0.000000000000000000 ) ;
#638 = MECHANICAL_DESIGN_GEOMETRIC_PRESENTATION_REPRESENTATION (  '', ( #1389 ), #709 ) ;
#639 = ORIENTED_EDGE ( 'NONE', *, *, #3533, .F. ) ;
#640 = PRESENTATION_STYLE_ASSIGNMENT (( #2636 ) ) ;
#641 = VECTOR ( 'NONE', #1741, 1000.000000000000114 ) ;
#642 = STYLED_ITEM ( 'NONE', ( #619 ), #2411 ) ;
#643 = DIRECTION ( 'NONE',  ( 1.000000000000000000, 0.000000000000000000, 0.000000000000000000 ) ) ;
#644 = CARTESIAN_POINT ( 'NONE',  ( 1.009640229711457948, 1.149999999999999911, 2.149999999999999911 ) ) ;
#645 = CARTESIAN_POINT ( 'NONE',  ( -1.107591167282493183, 1.877509206979991907, 2.350089640403460578 ) ) ;
#646 = FILL_AREA_STYLE_COLOUR ( '', #2097 ) ;
#647 = LINE ( 'NONE', #1993, #632 ) ;
#648 = CARTESIAN_POINT ( 'NONE',  ( -2.083333333333370341, 2.983333333333334725, 1.197973164995318029 ) ) ;
#649 = ORIENTED_EDGE ( 'NONE', *, *, #369, .T. ) ;
#650 = FILL_AREA_STYLE ('',( #1033 ) ) ;
#651 = CARTESIAN_POINT ( 'NONE',  ( 2.149995116318794697, 3.349973139425544755, 1.117057276345424066 ) ) ;
#652 = EDGE_CURVE ( 'NONE', #1351, #3697, #1216, .T. ) ;
#653 = AXIS2_PLACEMENT_3D ( 'NONE', #1846, #2366, #3670 ) ;
#654 = ADVANCED_FACE ( 'NONE', ( #857 ), #833, .F. ) ;
#655 = VERTEX_POINT ( 'NONE', #1233 ) ;
#656 = UNCERTAINTY_MEASURE_WITH_UNIT (LENGTH_MEASURE( 1.000000000000000082E-05 ), #2487, 'distance_accuracy_value', 'NONE');
#657 =( NAMED_UNIT ( * ) PLANE_ANGLE_UNIT ( ) SI_UNIT ( $, .RADIAN. ) );
#658 = CARTESIAN_POINT ( 'NONE',  ( 2.249923000245584781, 0.4000000000000000222, -1.882858153910764942 ) ) ;
#659 = FILL_AREA_STYLE ('',( #3913 ) ) ;
#660 = STYLED_ITEM ( 'NONE', ( #3681 ), #3109 ) ;
#661 = CARTESIAN_POINT ( 'NONE',  ( 1.101930395250539263, 3.346256716241075679, 2.449319432851771783 ) ) ;
#662 = ORIENTED_EDGE ( 'NONE', *, *, #3760, .T. ) ;
#663 =( GEOMETRIC_REPRESENTATION_CONTEXT ( 3 ) GLOBAL_UNCERTAINTY_ASSIGNED_CONTEXT ( ( #1041 ) ) GLOBAL_UNIT_ASSIGNED_CONTEXT ( ( #1609, #2874, #2601 ) ) REPRESENTATION_CONTEXT ( 'NONE', 'WORKASPACE' ) );
#664 = FACE_OUTER_BOUND ( 'NONE', #2352, .T. ) ;
#665 = CARTESIAN_POINT ( 'NONE',  ( 1.049923000245597926, 0.4000000000000000222, 1.899996856239225096 ) ) ;
#666 = FACE_OUTER_BOUND ( 'NONE', #1773, .T. ) ;
#667 =( GEOMETRIC_REPRESENTATION_CONTEXT ( 3 ) GLOBAL_UNCERTAINTY_ASSIGNED_CONTEXT ( ( #2064 ) ) GLOBAL_UNIT_ASSIGNED_CONTEXT ( ( #3108, #2472, #2745 ) ) REPRESENTATION_CONTEXT ( 'NONE', 'WORKASPACE' ) );
#668 = ORIENTED_EDGE ( 'NONE', *, *, #1397, .F. ) ;
#669 = STYLED_ITEM ( 'NONE', ( #1600 ), #3983 ) ;
#670 = FACE_OUTER_BOUND ( 'NONE', #1093, .T. ) ;
#671 = CARTESIAN_POINT ( 'NONE',  ( -1.217017394596240587, 1.150406243847108323, -2.373633520275505671 ) ) ;
#672 = CARTESIAN_POINT ( 'NONE',  ( 1.245549235766872043, 1.130343402300503897, -2.344163772794375156 ) ) ;
#673 = DIRECTION ( 'NONE',  ( 0.000000000000000000, -1.000000000000000000, 0.000000000000000000 ) ) ;
#674 = MECHANICAL_DESIGN_GEOMETRIC_PRESENTATION_REPRESENTATION (  '', ( #1871 ), #1429 ) ;
#675 = CARTESIAN_POINT ( 'NONE',  ( 1.013692045511090267, 3.349983660149514986, -2.449997029053905262 ) ) ;
#676 = ORIENTED_EDGE ( 'NONE', *, *, #14, .T. ) ;
#677 = VERTEX_POINT ( 'NONE', #3523 ) ;
#678 = LINE ( 'NONE', #591, #1664 ) ;
#679 = EDGE_CURVE ( 'NONE', #1348, #426, #2541, .T. ) ;
#680 = ORIENTED_EDGE ( 'NONE', *, *, #4031, .T. ) ;
#681 = CARTESIAN_POINT ( 'NONE',  ( -2.149613237705772395, 3.347872755796917232, -1.183982835971325587 ) ) ;
#682 = FILL_AREA_STYLE ('',( #1025 ) ) ;
#683 = CARTESIAN_POINT ( 'NONE',  ( 1.049923000245597926, 0.000000000000000000, -1.900022000534904887 ) ) ;
#684 = SURFACE_SIDE_STYLE ('',( #1648 ) ) ;
#685 =( LENGTH_UNIT ( ) NAMED_UNIT ( * ) SI_UNIT ( .MILLI., .METRE. ) );
#686 = ORIENTED_EDGE ( 'NONE', *, *, #4031, .F. ) ;
#687 = CARTESIAN_POINT ( 'NONE',  ( -2.016655677202597197, 1.883393775385811209, -1.067610675934362430 ) ) ;
#688 = DIRECTION ( 'NONE',  ( -0.6293203910498570419, 0.000000000000000000, 0.7771459614569550256 ) ) ;
#689 = CARTESIAN_POINT ( 'NONE',  ( -2.085765488578845250, 1.503289812816420046, -1.094312453892379855 ) ) ;
#690 = SURFACE_STYLE_FILL_AREA ( #650 ) ;
#691 = PRESENTATION_LAYER_ASSIGNMENT (  '', '', ( #214 ) ) ;
#692 = VECTOR ( 'NONE', #3787, 1000.000000000000000 ) ;
#693 = CARTESIAN_POINT ( 'NONE',  ( -2.150038499910794876, 0.4000000000000000222, -1.900000916336064938 ) ) ;
#694 = APPLICATION_PROTOCOL_DEFINITION ( 'draft international standard', 'automotive_design', 1998, #1274 ) ;
#695 = PLANE ( 'NONE',  #263 ) ;
#696 = ORIENTED_EDGE ( 'NONE', *, *, #1021, .F. ) ;
#697 = UNCERTAINTY_MEASURE_WITH_UNIT (LENGTH_MEASURE( 1.000000000000000082E-05 ), #3037, 'distance_accuracy_value', 'NONE');
#698 = VECTOR ( 'NONE', #1973, 1000.000000000000114 ) ;
#699 = LINE ( 'NONE', #3652, #3131 ) ;
#700 = ORIENTED_EDGE ( 'NONE', *, *, #1190, .F. ) ;
#701 = CARTESIAN_POINT ( 'NONE',  ( 2.149999999999999911, 1.149999999999999911, -1.221581069830675936 ) ) ;
#702 = AXIS2_PLACEMENT_3D ( 'NONE', #2244, #4214, #3550 ) ;
#703 = SURFACE_STYLE_USAGE ( .BOTH. , #1986 ) ;
#704 =( GEOMETRIC_REPRESENTATION_CONTEXT ( 3 ) GLOBAL_UNCERTAINTY_ASSIGNED_CONTEXT ( ( #2727 ) ) GLOBAL_UNIT_ASSIGNED_CONTEXT ( ( #1430, #3048, #2750 ) ) REPRESENTATION_CONTEXT ( 'NONE', 'WORKASPACE' ) );
#705 = ORIENTED_EDGE ( 'NONE', *, *, #1938, .T. ) ;
#706 = PRESENTATION_STYLE_ASSIGNMENT (( #4240 ) ) ;
#707 = EDGE_CURVE ( 'NONE', #2231, #2082, #3188, .T. ) ;
#708 = CIRCLE ( 'NONE', #3989, 0.2999999999999999334 ) ;
#709 =( GEOMETRIC_REPRESENTATION_CONTEXT ( 3 ) GLOBAL_UNCERTAINTY_ASSIGNED_CONTEXT ( ( #3232 ) ) GLOBAL_UNIT_ASSIGNED_CONTEXT ( ( #1315, #3479, #850 ) ) REPRESENTATION_CONTEXT ( 'NONE', 'WORKASPACE' ) );
#710 = DIRECTION ( 'NONE',  ( 0.000000000000000000, -1.000000000000000000, 0.000000000000000000 ) ) ;
#711 = VERTEX_POINT ( 'NONE', #248 ) ;
#712 = AXIS2_PLACEMENT_3D ( 'NONE', #2119, #1486, #3425 ) ;
#713 =( NAMED_UNIT ( * ) PLANE_ANGLE_UNIT ( ) SI_UNIT ( $, .RADIAN. ) );
#714 = EDGE_LOOP ( 'NONE', ( #3158, #2424, #896, #384 ) ) ;
#715 = EDGE_CURVE ( 'NONE', #4152, #2441, #1554, .T. ) ;
#716 = SURFACE_STYLE_FILL_AREA ( #3597 ) ;
#717 = CARTESIAN_POINT ( 'NONE',  ( 0.9837674719903369835, 2.996068607673819884, -2.385648837758894913 ) ) ;
#718 = CARTESIAN_POINT ( 'NONE',  ( 0.9840100179700959071, 1.501134597100405088, 2.386157345981709810 ) ) ;
#719 =( NAMED_UNIT ( * ) SI_UNIT ( $, .STERADIAN. ) SOLID_ANGLE_UNIT ( ) );
#720 = ORIENTED_EDGE ( 'NONE', *, *, #715, .F. ) ;
#721 = SURFACE_SIDE_STYLE ('',( #4014 ) ) ;
#722 = VERTEX_POINT ( 'NONE', #1979 ) ;
#723 = CARTESIAN_POINT ( 'NONE',  ( -1.012153304464980197, 4.100000000000000533, -2.449999999999999734 ) ) ;
#724 = PLANE ( 'NONE',  #3438 ) ;
#725 = CARTESIAN_POINT ( 'NONE',  ( -1.213150625502122049, 2.996068552889960213, 2.276238673687279945 ) ) ;
#726 = VECTOR ( 'NONE', #3105, 1000.000000000000114 ) ;
#727 = VERTEX_POINT ( 'NONE', #2368 ) ;
#728 = SURFACE_STYLE_USAGE ( .BOTH. , #2379 ) ;
#729 = MECHANICAL_DESIGN_GEOMETRIC_PRESENTATION_REPRESENTATION (  '', ( #2865 ), #1960 ) ;
#730 = DIRECTION ( 'NONE',  ( 0.000000000000000000, 0.000000000000000000, -1.000000000000000000 ) ) ;
#731 = ORIENTED_EDGE ( 'NONE', *, *, #762, .F. ) ;
#732 =( NAMED_UNIT ( * ) SI_UNIT ( $, .STERADIAN. ) SOLID_ANGLE_UNIT ( ) );
#733 = CARTESIAN_POINT ( 'NONE',  ( -2.126531837005322778, 1.149999999999999911, 1.250561837581967151 ) ) ;
#734 = AXIS2_PLACEMENT_3D ( 'NONE', #1378, #3000, #2977 ) ;
#735 = LINE ( 'NONE', #3022, #3821 ) ;
#736 = EDGE_CURVE ( 'NONE', #3226, #222, #2591, .T. ) ;
#737 = CARTESIAN_POINT ( 'NONE',  ( -1.012015099624036019, 1.150001925486151988, -2.450001652743174940 ) ) ;
#738 = SURFACE_STYLE_USAGE ( .BOTH. , #1034 ) ;
#739 = VECTOR ( 'NONE', #3736, 1000.000000000000000 ) ;
#740 = ADVANCED_FACE ( 'NONE', ( #2959 ), #3635, .T. ) ;
#741 = CARTESIAN_POINT ( 'NONE',  ( 1.014456983849991945, 3.349951351268909860, -2.449991154971780105 ) ) ;
#742 = ORIENTED_EDGE ( 'NONE', *, *, #3693, .T. ) ;
#743 = PRODUCT_DEFINITION_CONTEXT ( 'detailed design', #1719, 'design' ) ;
#744 = DIRECTION ( 'NONE',  ( 0.9999999998765314313, 0.000000000000000000, -1.571423558992123776E-05 ) ) ;
#745 = VERTEX_POINT ( 'NONE', #1636 ) ;
#746 = CARTESIAN_POINT ( 'NONE',  ( -2.083143788437094468, 4.100000000000000533, -1.304141615386473996 ) ) ;
#747 = DIRECTION ( 'NONE',  ( 1.000000000000000000, 0.000000000000000000, 0.000000000000000000 ) ) ;
#748 = VERTEX_POINT ( 'NONE', #2022 ) ;
#749 = CARTESIAN_POINT ( 'NONE',  ( 1.443409508062996061, 2.983333333333334725, 1.988213277220620023 ) ) ;
#750 = SURFACE_SIDE_STYLE ('',( #1780 ) ) ;
#751 = STYLED_ITEM ( 'NONE', ( #2480 ), #2817 ) ;
#752 = CARTESIAN_POINT ( 'NONE',  ( -0.9837674719902840259, 2.996068607675045126, -2.385648837759120067 ) ) ;
#753 = CARTESIAN_POINT ( 'NONE',  ( 2.149999999999975042, 1.149999999999999911, 1.221581069830675936 ) ) ;
#754 = EDGE_LOOP ( 'NONE', ( #2975, #1888, #2006, #4165, #4037, #1713 ) ) ;
#755 = DIRECTION ( 'NONE',  ( 0.000000000000000000, 1.000000000000000000, 0.000000000000000000 ) ) ;
#756 = DIRECTION ( 'NONE',  ( 0.000000000000000000, 1.000000000000000000, 0.000000000000000000 ) ) ;
#757 = CARTESIAN_POINT ( 'NONE',  ( 2.149995116318794697, 3.349973139425544755, 1.117057276345424066 ) ) ;
#758 = APPLICATION_CONTEXT ( 'automotive_design' ) ;
#759 = COLOUR_RGB ( '',0.5254901960784313930, 0.5254901960784313930, 0.5254901960784313930 ) ;
#760 = EDGE_CURVE ( 'NONE', #2992, #745, #1337, .T. ) ;
#761 = CARTESIAN_POINT ( 'NONE',  ( 0.9644100188894880743, 2.623790919068259786, 2.349908649627260093 ) ) ;
#762 = EDGE_CURVE ( 'NONE', #4200, #2675, #2044, .T. ) ;
#763 = PRESENTATION_LAYER_ASSIGNMENT (  '', '', ( #838 ) ) ;
#764 = ORIENTED_EDGE ( 'NONE', *, *, #3634, .T. ) ;
#765 = PRESENTATION_LAYER_ASSIGNMENT (  '', '', ( #1110 ) ) ;
#766 = LINE ( 'NONE', #2068, #2810 ) ;
#767 = DIRECTION ( 'NONE',  ( -0.000000000000000000, 1.000000000000000000, 0.000000000000000000 ) ) ;
#768 = ORIENTED_EDGE ( 'NONE', *, *, #2967, .F. ) ;
#769 = CARTESIAN_POINT ( 'NONE',  ( 2.083143788437094468, 3.350000000000000089, -1.304141615386420039 ) ) ;
#770 = MECHANICAL_DESIGN_GEOMETRIC_PRESENTATION_REPRESENTATION (  '', ( #2551 ), #3890 ) ;
#771 =( NAMED_UNIT ( * ) SI_UNIT ( $, .STERADIAN. ) SOLID_ANGLE_UNIT ( ) );
#772 = CARTESIAN_POINT ( 'NONE',  ( 2.083333333333325044, 2.983333333333334725, 0.3993243883317564857 ) ) ;
#773 = ORIENTED_EDGE ( 'NONE', *, *, #3005, .T. ) ;
#774 = SURFACE_SIDE_STYLE ('',( #3128 ) ) ;
#775 = STYLED_ITEM ( 'NONE', ( #640 ), #447 ) ;
#776 = VECTOR ( 'NONE', #555, 1000.000000000000114 ) ;
#777 = CARTESIAN_POINT ( 'NONE',  ( -0.3850819880914950200, 1.149999999999999911, -2.449999999999999734 ) ) ;
#778 =( GEOMETRIC_REPRESENTATION_CONTEXT ( 3 ) GLOBAL_UNCERTAINTY_ASSIGNED_CONTEXT ( ( #1482 ) ) GLOBAL_UNIT_ASSIGNED_CONTEXT ( ( #4222, #360, #1990 ) ) REPRESENTATION_CONTEXT ( 'NONE', 'WORKASPACE' ) );
#779 = VECTOR ( 'NONE', #3552, 1000.000000000000000 ) ;
#780 = DIRECTION ( 'NONE',  ( -1.000000000000000000, 0.000000000000000000, 0.000000000000000000 ) ) ;
#781 =( NAMED_UNIT ( * ) SI_UNIT ( $, .STERADIAN. ) SOLID_ANGLE_UNIT ( ) );
#782 = CARTESIAN_POINT ( 'NONE',  ( 2.149999999999999911, 4.100000000000000533, 1.115345498071467878 ) ) ;
#783 = COLOUR_RGB ( '',0.5254901960784313930, 0.5254901960784313930, 0.5254901960784313930 ) ;
#784 = FILL_AREA_STYLE_COLOUR ( '', #2295 ) ;
#785 = EDGE_CURVE ( 'NONE', #1413, #2960, #1522, .T. ) ;
#786 = PRODUCT_DEFINITION_CONTEXT ( 'detailed design', #3684, 'design' ) ;
#787 = ORIENTED_EDGE ( 'NONE', *, *, #2195, .T. ) ;
#788 = CARTESIAN_POINT ( 'NONE',  ( 1.009486230202489843, 1.149999999999999911, -2.449999999999999734 ) ) ;
#789 = ORIENTED_EDGE ( 'NONE', *, *, #1104, .F. ) ;
#790 = CARTESIAN_POINT ( 'NONE',  ( 1.245297092902041936, 3.350000000000000089, 2.338796117314910106 ) ) ;
#791 = ADVANCED_FACE ( 'NONE', ( #4012 ), #2630, .T. ) ;
#792 =( LENGTH_UNIT ( ) NAMED_UNIT ( * ) SI_UNIT ( .MILLI., .METRE. ) );
#793 = ORIENTED_EDGE ( 'NONE', *, *, #2564, .F. ) ;
#794 = UNCERTAINTY_MEASURE_WITH_UNIT (LENGTH_MEASURE( 1.000000000000000082E-05 ), #1531, 'distance_accuracy_value', 'NONE');
#795 = PRESENTATION_STYLE_ASSIGNMENT (( #3097 ) ) ;
#796 = CARTESIAN_POINT ( 'NONE',  ( -1.213150630253494011, 2.996068607676130036, -2.276238683648195149 ) ) ;
#797 = CARTESIAN_POINT ( 'NONE',  ( 2.016666666666649732, 2.250000000000000000, 1.174365260159863977 ) ) ;
#798 = ORIENTED_EDGE ( 'NONE', *, *, #3178, .T. ) ;
#799 = DIRECTION ( 'NONE',  ( 0.000000000000000000, -1.000000000000000000, 0.000000000000000000 ) ) ;
#800 = ORIENTED_EDGE ( 'NONE', *, *, #2852, .F. ) ;
#801 = COLOUR_RGB ( '',0.000000000000000000, 0.000000000000000000, 0.000000000000000000 ) ;
#802 = CARTESIAN_POINT ( 'NONE',  ( -2.149999999999999911, 4.100000000000000533, -1.221581069830731892 ) ) ;
#803 = CARTESIAN_POINT ( 'NONE',  ( -1.598037108023705022, 1.149999999999999911, 1.899999999999975042 ) ) ;
#804 = CARTESIAN_POINT ( 'NONE',  ( 1.014456983850001937, 3.349951351268909860, 2.449991154971720153 ) ) ;
#805 = STYLED_ITEM ( 'NONE', ( #58 ), #3483 ) ;
#806 = PRESENTATION_LAYER_ASSIGNMENT (  '', '', ( #2381 ) ) ;
#807 = CARTESIAN_POINT ( 'NONE',  ( 2.249903357500499634, 0.4000000000000000222, 1.899996856239225096 ) ) ;
#808 = CARTESIAN_POINT ( 'NONE',  ( -1.245297092902100111, 3.350000000000000089, 2.338796117314915435 ) ) ;
#809 = B_SPLINE_CURVE_WITH_KNOTS ( 'NONE', 3,
 ( #3578, #34, #2337, #3642 ),
 .UNSPECIFIED., .F., .F.,
 ( 4, 4 ),
 ( 0.000000000000000000, 1.000000000000000000 ),
 .UNSPECIFIED. ) ;
#810 = PRODUCT ( 'L_XND5050YA_1.STEP', 'L_XND5050YA_1.STEP', '', ( #2257 ) ) ;
#811 = ORIENTED_EDGE ( 'NONE', *, *, #715, .T. ) ;
#812 = DIRECTION ( 'NONE',  ( 0.000000000000000000, 1.000000000000000000, 0.000000000000000000 ) ) ;
#813 = CARTESIAN_POINT ( 'NONE',  ( 1.049923000245597926, 0.4000000000000000222, -1.900022000534904887 ) ) ;
#814 = ORIENTED_EDGE ( 'NONE', *, *, #2070, .F. ) ;
#815 = CARTESIAN_POINT ( 'NONE',  ( 1.155245964274400183, 1.149999999999999911, 2.449999999999960210 ) ) ;
#816 = DIRECTION ( 'NONE',  ( -1.000000000000000000, 0.000000000000000000, 0.000000000000000000 ) ) ;
#817 = STYLED_ITEM ( 'NONE', ( #1320 ), #2661 ) ;
#818 = EDGE_CURVE ( 'NONE', #677, #1532, #240, .T. ) ;
#819 = CARTESIAN_POINT ( 'NONE',  ( -0.9644100242819479973, 2.623791035312595277, -2.349908660398764670 ) ) ;
#820 = DIRECTION ( 'NONE',  ( -1.000000000000000000, 0.000000000000000000, -7.532351935162430267E-15 ) ) ;
#821 = VERTEX_POINT ( 'NONE', #180 ) ;
#822 =( NAMED_UNIT ( * ) PLANE_ANGLE_UNIT ( ) SI_UNIT ( $, .RADIAN. ) );
#823 =( LENGTH_UNIT ( ) NAMED_UNIT ( * ) SI_UNIT ( .MILLI., .METRE. ) );
#824 = ORIENTED_EDGE ( 'NONE', *, *, #2405, .T. ) ;
#825 = DIRECTION ( 'NONE',  ( 0.000000000000000000, -1.000000000000000000, 0.000000000000000000 ) ) ;
#826 = DIRECTION ( 'NONE',  ( -0.9999999998319363259, 0.000000000000000000, 1.833377905454695305E-05 ) ) ;
#827 = ORIENTED_EDGE ( 'NONE', *, *, #4188, .T. ) ;
#828 = DIRECTION ( 'NONE',  ( 0.000000000000000000, 0.000000000000000000, 1.000000000000000000 ) ) ;
#829 = CARTESIAN_POINT ( 'NONE',  ( 2.084664715764160459, 2.990655936710845619, 1.198444632247070762 ) ) ;
#830 = SURFACE_SIDE_STYLE ('',( #1872 ) ) ;
#831 = ORIENTED_EDGE ( 'NONE', *, *, #2471, .T. ) ;
#832 =( BOUNDED_SURFACE ( )  B_SPLINE_SURFACE ( 3, 2, ( 
 ( #2105, #1128, #2455 ),
 ( #3746, #829, #3138 ),
 ( #1495, #2814, #1194 ),
 ( #3458, #2154, #2504 ),
 ( #1832, #3156, #203 ),
 ( #1511, #2833, #873 ) ),
 .UNSPECIFIED., .F., .F., .F. ) 
 B_SPLINE_SURFACE_WITH_KNOTS ( ( 4, 2, 4 ),
 ( 3, 3 ),
 ( 0.003803914276794930112, 0.004981588896074070315, 0.006159263515353209650 ),
 ( 0.000000000000000000, 1.000000000000000000 ),
 .UNSPECIFIED. ) 
 GEOMETRIC_REPRESENTATION_ITEM ( )  RATIONAL_B_SPLINE_SURFACE ( (
 ( 1.000000000000000000, 0.9445309128584289393, 1.000000000000000000),
 ( 1.000000000000000000, 0.9445309128584289393, 1.000000000000000000),
 ( 1.000000000000000000, 0.9426405469597660680, 1.000000000000000000),
 ( 1.000000000000000000, 0.9426424371983260775, 1.000000000000000000),
 ( 1.000000000000000000, 0.9445309128584289393, 1.000000000000000000),
 ( 1.000000000000000000, 0.9445309128584289393, 1.000000000000000000) ) ) 
 REPRESENTATION_ITEM ( '' )  SURFACE ( )  );
#833 = PLANE ( 'NONE',  #1791 ) ;
#834 =( NAMED_UNIT ( * ) SI_UNIT ( $, .STERADIAN. ) SOLID_ANGLE_UNIT ( ) );
#835 = DIRECTION ( 'NONE',  ( 0.000000000000000000, -1.000000000000000000, 0.000000000000000000 ) ) ;
#836 = ORIENTED_EDGE ( 'NONE', *, *, #3266, .F. ) ;
#837 = CARTESIAN_POINT ( 'NONE',  ( 1.818415321424784903, 1.149999999999999911, 1.631054046553769954 ) ) ;
#838 = STYLED_ITEM ( 'NONE', ( #372 ), #1101 ) ;
#839 = CARTESIAN_POINT ( 'NONE',  ( -1.123447595427914170, 1.516666666666665053, 2.383333333333295112 ) ) ;
#840 = STYLED_ITEM ( 'NONE', ( #2093 ), #1543 ) ;
#841 = ORIENTED_EDGE ( 'NONE', *, *, #3345, .T. ) ;
#842 = PLANE ( 'NONE',  #712 ) ;
#843 = EDGE_CURVE ( 'NONE', #1132, #3697, #2439, .T. ) ;
#844 = B_SPLINE_CURVE_WITH_KNOTS ( 'NONE', 3,
 ( #2233, #304, #606, #908, #3541, #224 ),
 .UNSPECIFIED., .F., .F.,
 ( 4, 2, 4 ),
 ( 0.000000000000000000, 0.5000000000000000000, 1.000000000000000000 ),
 .UNSPECIFIED. ) ;
#845 = DIRECTION ( 'NONE',  ( 0.6293203910498371689, 0.000000000000000000, -0.7771459614569711238 ) ) ;
#846 = PRESENTATION_LAYER_ASSIGNMENT (  '', '', ( #849 ) ) ;
#847 = LINE ( 'NONE', #1469, #2577 ) ;
#848 = CARTESIAN_POINT ( 'NONE',  ( -1.101930395250478201, 3.346256716241074347, -2.449319432851811307 ) ) ;
#849 = STYLED_ITEM ( 'NONE', ( #1934 ), #1912 ) ;
#850 =( NAMED_UNIT ( * ) SI_UNIT ( $, .STERADIAN. ) SOLID_ANGLE_UNIT ( ) );
#851 = ADVANCED_FACE ( 'NONE', ( #4059 ), #832, .T. ) ;
#852 = ORIENTED_EDGE ( 'NONE', *, *, #2625, .T. ) ;
#853 = MECHANICAL_DESIGN_GEOMETRIC_PRESENTATION_REPRESENTATION (  '', ( #3439 ), #1044 ) ;
#854 =( GEOMETRIC_REPRESENTATION_CONTEXT ( 3 ) GLOBAL_UNCERTAINTY_ASSIGNED_CONTEXT ( ( #794 ) ) GLOBAL_UNIT_ASSIGNED_CONTEXT ( ( #1531, #302, #601 ) ) REPRESENTATION_CONTEXT ( 'NONE', 'WORKASPACE' ) );
#855 = AXIS2_PLACEMENT_3D ( 'NONE', #3361, #755, #1445 ) ;
#856 =( NAMED_UNIT ( * ) PLANE_ANGLE_UNIT ( ) SI_UNIT ( $, .RADIAN. ) );
#857 = FACE_OUTER_BOUND ( 'NONE', #1340, .T. ) ;
#858 = STYLED_ITEM ( 'NONE', ( #2066 ), #573 ) ;
#859 = FILL_AREA_STYLE_COLOUR ( '', #1865 ) ;
#860 =( BOUNDED_SURFACE ( )  B_SPLINE_SURFACE ( 3, 2, ( 
 ( #393, #1704, #2697 ),
 ( #1059, #2649, #37 ),
 ( #3341, #1724, #2316 ),
 ( #3619, #343, #3042 ),
 ( #83, #2721, #689 ),
 ( #1080, #2956, #326 ) ),
 .UNSPECIFIED., .F., .F., .F. ) 
 B_SPLINE_SURFACE_WITH_KNOTS ( ( 4, 2, 4 ),
 ( 3, 3 ),
 ( 0.003803914158995215251, 0.004981598712716110364, 0.006159283266437009380 ),
 ( 0.000000000000000000, 1.000000000000000000 ),
 .UNSPECIFIED. ) 
 GEOMETRIC_REPRESENTATION_ITEM ( )  RATIONAL_B_SPLINE_SURFACE ( (
 ( 1.000000000000000000, 0.9445309128584289393, 1.000000000000000000),
 ( 1.000000000000000000, 0.9445309128584289393, 1.000000000000000000),
 ( 1.000000000000000000, 0.9426405356589580009, 1.000000000000000000),
 ( 1.000000000000000000, 0.9426424485466839975, 1.000000000000000000),
 ( 1.000000000000000000, 0.9445309128584299385, 1.000000000000000000),
 ( 1.000000000000000000, 0.9445309128584299385, 1.000000000000000000) ) ) 
 REPRESENTATION_ITEM ( '' )  SURFACE ( )  );
#861 = ORIENTED_EDGE ( 'NONE', *, *, #518, .T. ) ;
#862 = DIRECTION ( 'NONE',  ( 0.000000000000000000, 0.000000000000000000, 1.000000000000000000 ) ) ;
#863 =( NAMED_UNIT ( * ) PLANE_ANGLE_UNIT ( ) SI_UNIT ( $, .RADIAN. ) );
#864 = SURFACE_STYLE_USAGE ( .BOTH. , #4139 ) ;
#865 =( NAMED_UNIT ( * ) SI_UNIT ( $, .STERADIAN. ) SOLID_ANGLE_UNIT ( ) );
#866 = EDGE_CURVE ( 'NONE', #2370, #469, #3369, .T. ) ;
#867 = CARTESIAN_POINT ( 'NONE',  ( -2.149995116318824895, 3.349973139425544755, -1.117057276345482242 ) ) ;
#868 = CARTESIAN_POINT ( 'NONE',  ( 2.149995116318839994, 3.349973139425650004, -1.117057276342020122 ) ) ;
#869 = FILL_AREA_STYLE_COLOUR ( '', #2273 ) ;
#870 = EDGE_LOOP ( 'NONE', ( #2506, #3762, #2784, #731, #3519, #361 ) ) ;
#871 = AXIS2_PLACEMENT_3D ( 'NONE', #1893, #2525, #4128 ) ;
#872 = ADVANCED_FACE ( 'NONE', ( #2176 ), #1551, .F. ) ;
#873 = CARTESIAN_POINT ( 'NONE',  ( 2.153066070248695230, 1.133136613632063971, 1.118144839814285918 ) ) ;
#874 = UNCERTAINTY_MEASURE_WITH_UNIT (LENGTH_MEASURE( 1.000000000000000082E-05 ), #997, 'distance_accuracy_value', 'NONE');
#875 = DIRECTION ( 'NONE',  ( 0.000000000000000000, 1.000000000000000000, 0.000000000000000000 ) ) ;
#876 = VECTOR ( 'NONE', #2536, 1000.000000000000000 ) ;
#877 = COLOUR_RGB ( '',0.5254901960784313930, 0.5254901960784313930, 0.5254901960784313930 ) ;
#878 = DIRECTION ( 'NONE',  ( 0.000000000000000000, -1.000000000000000000, 0.000000000000000000 ) ) ;
#879 = ORIENTED_EDGE ( 'NONE', *, *, #2017, .T. ) ;
#880 = CARTESIAN_POINT ( 'NONE',  ( 1.155245964274400183, 3.350000000000000089, 2.449999999999960210 ) ) ;
#881 = COLOUR_RGB ( '',0.5254901960784313930, 0.5254901960784313930, 0.5254901960784313930 ) ;
#882 = CARTESIAN_POINT ( 'NONE',  ( -2.250000000000000000, 0.4000000000000000222, -0.6500000000000339950 ) ) ;
#883 =( GEOMETRIC_REPRESENTATION_CONTEXT ( 3 ) GLOBAL_UNCERTAINTY_ASSIGNED_CONTEXT ( ( #874 ) ) GLOBAL_UNIT_ASSIGNED_CONTEXT ( ( #997, #612, #2585 ) ) REPRESENTATION_CONTEXT ( 'NONE', 'WORKASPACE' ) );
#884 = CARTESIAN_POINT ( 'NONE',  ( 2.449961500122779690, 0.4000000000000000222, 0.6499999999999770406 ) ) ;
#885 = SURFACE_SIDE_STYLE ('',( #3859 ) ) ;
#886 = DIRECTION ( 'NONE',  ( 1.571423558888038674E-05, 0.000000000000000000, -0.9999999998765314313 ) ) ;
#887 = DIRECTION ( 'NONE',  ( 0.000000000000000000, -1.000000000000000000, 0.000000000000000000 ) ) ;
#888 = CARTESIAN_POINT ( 'NONE',  ( -2.084222185140010009, 1.149999999999999911, 1.302809906364434056 ) ) ;
#889 = ORIENTED_EDGE ( 'NONE', *, *, #3431, .F. ) ;
#890 =( NAMED_UNIT ( * ) SI_UNIT ( $, .STERADIAN. ) SOLID_ANGLE_UNIT ( ) );
#891 = FILL_AREA_STYLE ('',( #1851 ) ) ;
#892 = FILL_AREA_STYLE ('',( #4185 ) ) ;
#893 = EDGE_CURVE ( 'NONE', #3319, #4027, #3972, .T. ) ;
#894 = DIRECTION ( 'NONE',  ( -0.7771459614569680152, 0.000000000000000000, -0.6293203910498410547 ) ) ;
#895 = SURFACE_STYLE_FILL_AREA ( #546 ) ;
#896 = ORIENTED_EDGE ( 'NONE', *, *, #36, .F. ) ;
#897 =( NAMED_UNIT ( * ) SI_UNIT ( $, .STERADIAN. ) SOLID_ANGLE_UNIT ( ) );
#898 =( GEOMETRIC_REPRESENTATION_CONTEXT ( 3 ) GLOBAL_UNCERTAINTY_ASSIGNED_CONTEXT ( ( #3488 ) ) GLOBAL_UNIT_ASSIGNED_CONTEXT ( ( #2774, #2458, #483 ) ) REPRESENTATION_CONTEXT ( 'NONE', 'WORKASPACE' ) );
#899 =( LENGTH_UNIT ( ) NAMED_UNIT ( * ) SI_UNIT ( .MILLI., .METRE. ) );
#900 = LINE ( 'NONE', #3148, #2482 ) ;
#901 = CARTESIAN_POINT ( 'NONE',  ( -2.450038499877194909, 0.4000000000000000222, -1.600001832621674946 ) ) ;
#902 = CARTESIAN_POINT ( 'NONE',  ( -2.149999999999999911, 3.350000000000000089, -1.221581069830731892 ) ) ;
#903 = DIRECTION ( 'NONE',  ( 0.000000000000000000, 0.000000000000000000, -1.000000000000000000 ) ) ;
#904 = VECTOR ( 'NONE', #1705, 1000.000000000000000 ) ;
#905 = CARTESIAN_POINT ( 'NONE',  ( -2.450038499877194909, 0.4000000000000000222, -1.900000000000034994 ) ) ;
#906 = VERTEX_POINT ( 'NONE', #1589 ) ;
#907 = VECTOR ( 'NONE', #1134, 999.9999999999998863 ) ;
#908 = CARTESIAN_POINT ( 'NONE',  ( -1.098378024714940393, 1.150507505414865461, 2.441410100520137405 ) ) ;
#909 = FILL_AREA_STYLE ('',( #3247 ) ) ;
#910 = AXIS2_PLACEMENT_3D ( 'NONE', #2420, #3682, #3038 ) ;
#911 = VECTOR ( 'NONE', #3134, 1000.000000000000000 ) ;
#912 = DIRECTION ( 'NONE',  ( 1.136051315017354063E-14, 0.000000000000000000, -1.000000000000000000 ) ) ;
#913 = EDGE_CURVE ( 'NONE', #3259, #1265, #3481, .T. ) ;
#914 = COLOUR_RGB ( '',0.5254901960784313930, 0.5254901960784313930, 0.5254901960784313930 ) ;
#915 = SHAPE_REPRESENTATION_RELATIONSHIP ( 'NONE' , 'NONE' ,  #2575, #318 ) ;
#916 = ORIENTED_EDGE ( 'NONE', *, *, #1288, .F. ) ;
#917 = UNCERTAINTY_MEASURE_WITH_UNIT (LENGTH_MEASURE( 1.000000000000000082E-05 ), #1523, 'distance_accuracy_value', 'NONE');
#918 = ADVANCED_FACE ( 'NONE', ( #3903 ), #1214, .T. ) ;
#919 = PLANE ( 'NONE',  #2310 ) ;
#920 = FILL_AREA_STYLE ('',( #1181 ) ) ;
#921 = CARTESIAN_POINT ( 'NONE',  ( 2.083143788437094468, 4.100000000000000533, -1.304141615386420039 ) ) ;
#922 = CARTESIAN_POINT ( 'NONE',  ( -1.818415321424814879, 1.149999999999999911, -1.631054046553830128 ) ) ;
#923 = CARTESIAN_POINT ( 'NONE',  ( 2.249903626792729927, 0.000000000000000000, 1.882860023365459989 ) ) ;
#924 = ORIENTED_EDGE ( 'NONE', *, *, #1527, .T. ) ;
#925 =( NAMED_UNIT ( * ) SI_UNIT ( $, .STERADIAN. ) SOLID_ANGLE_UNIT ( ) );
#926 = ORIENTED_EDGE ( 'NONE', *, *, #818, .F. ) ;
#927 = SURFACE_SIDE_STYLE ('',( #2890 ) ) ;
#928 = CARTESIAN_POINT ( 'NONE',  ( -1.012924175082642098, 3.350000000000000089, 2.449999999999960210 ) ) ;
#929 =( GEOMETRIC_REPRESENTATION_CONTEXT ( 3 ) GLOBAL_UNCERTAINTY_ASSIGNED_CONTEXT ( ( #3310 ) ) GLOBAL_UNIT_ASSIGNED_CONTEXT ( ( #2495, #395, #197 ) ) REPRESENTATION_CONTEXT ( 'NONE', 'WORKASPACE' ) );
#930 = SURFACE_SIDE_STYLE ('',( #3869 ) ) ;
#931 = B_SPLINE_CURVE_WITH_KNOTS ( 'NONE', 3,
 ( #2684, #313, #1046, #2353 ),
 .UNSPECIFIED., .F., .F.,
 ( 4, 4 ),
 ( 0.000000000000000000, 1.000000000000000000 ),
 .UNSPECIFIED. ) ;
#932 = PRODUCT_CONTEXT ( 'NONE', #317, 'mechanical' ) ;
#933 = VERTEX_POINT ( 'NONE', #2192 ) ;
#934 = CARTESIAN_POINT ( 'NONE',  ( 0.3638830755270600070, 2.250000000000000000, 2.316666666666635344 ) ) ;
#935 = AXIS2_PLACEMENT_3D ( 'NONE', #218, #4144, #1266 ) ;
#936 = LINE ( 'NONE', #1599, #2292 ) ;
#937 = CARTESIAN_POINT ( 'NONE',  ( 1.983094347506419775, 2.623549144954099965, -1.268713108734506045 ) ) ;
#938 = FILL_AREA_STYLE ('',( #2514 ) ) ;
#939 = CARTESIAN_POINT ( 'NONE',  ( -2.450138499877204890, 0.5000000000000000000, -0.6500000000000339950 ) ) ;
#940 = FACE_OUTER_BOUND ( 'NONE', #2433, .T. ) ;
#941 = DIRECTION ( 'NONE',  ( 0.000000000000000000, 0.000000000000000000, -1.000000000000000000 ) ) ;
#942 = EDGE_CURVE ( 'NONE', #1022, #1332, #2479, .T. ) ;
#943 = B_SPLINE_CURVE_WITH_KNOTS ( 'NONE', 3,
 ( #1658, #2981, #17, #3947 ),
 .UNSPECIFIED., .F., .F.,
 ( 4, 4 ),
 ( 0.000000000000000000, 1.000000000000000000 ),
 .UNSPECIFIED. ) ;
#944 = MECHANICAL_DESIGN_GEOMETRIC_PRESENTATION_REPRESENTATION (  '', ( #3087 ), #1896 ) ;
#945 = LINE ( 'NONE', #2249, #3596 ) ;
#946 = CIRCLE ( 'NONE', #1355, 0.2999999999999999334 ) ;
#947 = CARTESIAN_POINT ( 'NONE',  ( -1.949479455154607743, 1.883371103010982761, 1.257323644500491167 ) ) ;
#948 = ORIENTED_EDGE ( 'NONE', *, *, #1683, .F. ) ;
#949 = EDGE_CURVE ( 'NONE', #2675, #1710, #2232, .T. ) ;
#950 = PRESENTATION_LAYER_ASSIGNMENT (  '', '', ( #47 ) ) ;
#951 = DIRECTION ( 'NONE',  ( 1.000000000000000000, 0.000000000000000000, 0.000000000000000000 ) ) ;
#952 = CARTESIAN_POINT ( 'NONE',  ( -2.152772039837675067, 3.365246219107025372, 1.118040718184857951 ) ) ;
#953 = STYLED_ITEM ( 'NONE', ( #3069 ), #2769 ) ;
#954 = PRODUCT_CONTEXT ( 'NONE', #1274, 'mechanical' ) ;
#955 = SURFACE_STYLE_FILL_AREA ( #2658 ) ;
#956 = ORIENTED_EDGE ( 'NONE', *, *, #3807, .F. ) ;
#957 = UNCERTAINTY_MEASURE_WITH_UNIT (LENGTH_MEASURE( 1.000000000000000082E-05 ), #4146, 'distance_accuracy_value', 'NONE');
#958 = FACE_OUTER_BOUND ( 'NONE', #1465, .T. ) ;
#959 = CARTESIAN_POINT ( 'NONE',  ( 2.016679283834721392, 2.616718155626633902, 1.067618261419877701 ) ) ;
#960 = FILL_AREA_STYLE ('',( #382 ) ) ;
#961 = LINE ( 'NONE', #1883, #1071 ) ;
#962 = EDGE_LOOP ( 'NONE', ( #3253, #2856, #3674, #1330, #1918, #2955 ) ) ;
#963 = VECTOR ( 'NONE', #3994, 1000.000000000000000 ) ;
#964 = SURFACE_STYLE_FILL_AREA ( #2619 ) ;
#965 = EDGE_CURVE ( 'NONE', #3079, #1504, #2338, .T. ) ;
#966 = CARTESIAN_POINT ( 'NONE',  ( 2.450061500122770131, 0.5000000000000000000, -0.6500000000000230038 ) ) ;
#967 = CARTESIAN_POINT ( 'NONE',  ( -1.050000000000000044, 0.000000000000000000, -1.900022000534904887 ) ) ;
#968 = AXIS2_PLACEMENT_3D ( 'NONE', #2058, #3063, #127 ) ;
#969 = DIRECTION ( 'NONE',  ( 0.000000000000000000, -1.000000000000000000, 0.000000000000000000 ) ) ;
#970 = EDGE_CURVE ( 'NONE', #3871, #2045, #3324, .T. ) ;
#971 = CARTESIAN_POINT ( 'NONE',  ( 2.249923000245584781, 0.4000000000000000222, 0.6499999999999770406 ) ) ;
#972 = VECTOR ( 'NONE', #3216, 1000.000000000000000 ) ;
#973 = PRESENTATION_STYLE_ASSIGNMENT (( #529 ) ) ;
#974 = MECHANICAL_DESIGN_GEOMETRIC_PRESENTATION_REPRESENTATION (  '', ( #355 ), #3988 ) ;
#975 = COLOUR_RGB ( '',1.000000000000000000, 1.000000000000000000, 1.000000000000000000 ) ;
#976 = CARTESIAN_POINT ( 'NONE',  ( 1.781959179116064940, 0.4000000000000000222, -1.900000000000034994 ) ) ;
#977 = ORIENTED_EDGE ( 'NONE', *, *, #2127, .T. ) ;
#978 =( LENGTH_UNIT ( ) NAMED_UNIT ( * ) SI_UNIT ( .MILLI., .METRE. ) );
#979 = VECTOR ( 'NONE', #2758, 1000.000000000000000 ) ;
#980 = STYLED_ITEM ( 'NONE', ( #1862 ), #2250 ) ;
#981 = SURFACE_STYLE_FILL_AREA ( #3876 ) ;
#982 = DIRECTION ( 'NONE',  ( 0.000000000000000000, 0.000000000000000000, 1.000000000000000000 ) ) ;
#983 =( LENGTH_UNIT ( ) NAMED_UNIT ( * ) SI_UNIT ( .MILLI., .METRE. ) );
#984 = CARTESIAN_POINT ( 'NONE',  ( 2.083143788437070043, 3.350000000000000089, 1.304141615386415820 ) ) ;
#985 = CARTESIAN_POINT ( 'NONE',  ( -2.450038499877205123, 0.000000000000000000, -0.6500000000000339950 ) ) ;
#986 = STYLED_ITEM ( 'NONE', ( #468 ), #2542 ) ;
#987 =( NAMED_UNIT ( * ) PLANE_ANGLE_UNIT ( ) SI_UNIT ( $, .RADIAN. ) );
#988 = PLANE ( 'NONE',  #280 ) ;
#989 = ORIENTED_EDGE ( 'NONE', *, *, #3058, .F. ) ;
#990 = PRODUCT_DEFINITION ( 'UNKNOWN', '', #259, #3794 ) ;
#991 = LINE ( 'NONE', #1997, #391 ) ;
#992 = SURFACE_STYLE_USAGE ( .BOTH. , #1956 ) ;
#993 = CARTESIAN_POINT ( 'NONE',  ( -2.250000000000000000, 0.4000000000000000222, -1.900000000000034994 ) ) ;
#994 = LINE ( 'NONE', #2293, #4081 ) ;
#995 = EDGE_CURVE ( 'NONE', #3639, #257, #2537, .T. ) ;
#996 =( NAMED_UNIT ( * ) SI_UNIT ( $, .STERADIAN. ) SOLID_ANGLE_UNIT ( ) );
#997 =( LENGTH_UNIT ( ) NAMED_UNIT ( * ) SI_UNIT ( .MILLI., .METRE. ) );
#998 = EDGE_LOOP ( 'NONE', ( #89, #2586, #1954, #2535 ) ) ;
#999 = CARTESIAN_POINT ( 'NONE',  ( 0.3850819880914475579, 3.350000000000000089, 2.449999999999960210 ) ) ;
#1000 = VECTOR ( 'NONE', #2089, 1000.000000000000000 ) ;
#1001 = ORIENTED_EDGE ( 'NONE', *, *, #3732, .F. ) ;
#1002 = CARTESIAN_POINT ( 'NONE',  ( 2.149999999999999911, 1.149999999999999911, 1.117059087394529859 ) ) ;
#1003 = CARTESIAN_POINT ( 'NONE',  ( -1.245297092902100111, 3.350000000000000089, 2.338796117314915435 ) ) ;
#1004 = AXIS2_PLACEMENT_3D ( 'NONE', #478, #3691, #2147 ) ;
#1005 = DIRECTION ( 'NONE',  ( 0.000000000000000000, -1.000000000000000000, 0.000000000000000000 ) ) ;
#1006 = LINE ( 'NONE', #683, #1864 ) ;
#1007 = SURFACE_SIDE_STYLE ('',( #2642 ) ) ;
#1008 = COLOUR_RGB ( '',0.000000000000000000, 0.000000000000000000, 0.000000000000000000 ) ;
#1009 = PRESENTATION_STYLE_ASSIGNMENT (( #30 ) ) ;
#1010 = DIRECTION ( 'NONE',  ( 0.000000000000000000, 0.000000000000000000, 1.000000000000000000 ) ) ;
#1011 = VERTEX_POINT ( 'NONE', #971 ) ;
#1012 = CARTESIAN_POINT ( 'NONE',  ( -2.016679283756160235, 2.616718155194332596, -1.067618261398112889 ) ) ;
#1013 = AXIS2_PLACEMENT_3D ( 'NONE', #466, #3094, #2028 ) ;
#1014 = ORIENTED_EDGE ( 'NONE', *, *, #3875, .F. ) ;
#1015 = FACE_OUTER_BOUND ( 'NONE', #2841, .T. ) ;
#1016 = FACE_OUTER_BOUND ( 'NONE', #3769, .T. ) ;
#1017 = PRESENTATION_LAYER_ASSIGNMENT (  '', '', ( #817 ) ) ;
#1018 = FILL_AREA_STYLE ('',( #2656 ) ) ;
#1019 = ORIENTED_EDGE ( 'NONE', *, *, #3558, .F. ) ;
#1020 = APPLICATION_PROTOCOL_DEFINITION ( 'draft international standard', 'automotive_design', 1998, #3684 ) ;
#1021 = EDGE_CURVE ( 'NONE', #2088, #3594, #2813, .T. ) ;
#1022 = VERTEX_POINT ( 'NONE', #3922 ) ;
#1023 = ORIENTED_EDGE ( 'NONE', *, *, #2924, .T. ) ;
#1024 = VERTEX_POINT ( 'NONE', #3620 ) ;
#1025 = FILL_AREA_STYLE_COLOUR ( '', #881 ) ;
#1026 = CARTESIAN_POINT ( 'NONE',  ( -1.245285451547926137, 3.366614904561749722, 2.343610737678365030 ) ) ;
#1027 = ORIENTED_EDGE ( 'NONE', *, *, #1708, .T. ) ;
#1028 = CARTESIAN_POINT ( 'NONE',  ( 1.009640229711457948, 0.4000000000000000222, 2.149999999999999911 ) ) ;
#1029 = CARTESIAN_POINT ( 'NONE',  ( 1.243318830641969797, 1.150051772220131996, 2.339699311922474934 ) ) ;
#1030 = ORIENTED_EDGE ( 'NONE', *, *, #1447, .F. ) ;
#1031 = CARTESIAN_POINT ( 'NONE',  ( -2.149999999999999911, 1.149999999999999911, -1.117059087394590033 ) ) ;
#1032 = EDGE_LOOP ( 'NONE', ( #2071, #841, #793, #177 ) ) ;
#1033 = FILL_AREA_STYLE_COLOUR ( '', #3172 ) ;
#1034 = SURFACE_SIDE_STYLE ('',( #16 ) ) ;
#1035 = AXIS2_PLACEMENT_3D ( 'NONE', #282, #1610, #1231 ) ;
#1036 = FILL_AREA_STYLE_COLOUR ( '', #2511 ) ;
#1037 = AXIS2_PLACEMENT_3D ( 'NONE', #2312, #3615, #1374 ) ;
#1038 = CARTESIAN_POINT ( 'NONE',  ( 1.107505822232639270, 2.619575360471976921, 2.349910710779606671 ) ) ;
#1039 = FACE_OUTER_BOUND ( 'NONE', #569, .T. ) ;
#1040 = ORIENTED_EDGE ( 'NONE', *, *, #3634, .F. ) ;
#1041 = UNCERTAINTY_MEASURE_WITH_UNIT (LENGTH_MEASURE( 1.000000000000000082E-05 ), #1609, 'distance_accuracy_value', 'NONE');
#1042 = FILL_AREA_STYLE ('',( #2728 ) ) ;
#1043 = ORIENTED_EDGE ( 'NONE', *, *, #3875, .T. ) ;
#1044 =( GEOMETRIC_REPRESENTATION_CONTEXT ( 3 ) GLOBAL_UNCERTAINTY_ASSIGNED_CONTEXT ( ( #656 ) ) GLOBAL_UNIT_ASSIGNED_CONTEXT ( ( #2487, #492, #897 ) ) REPRESENTATION_CONTEXT ( 'NONE', 'WORKASPACE' ) );
#1045 = VECTOR ( 'NONE', #1112, 1000.000000000000000 ) ;
#1046 = CARTESIAN_POINT ( 'NONE',  ( -2.016679283811261048, 2.616718155497397724, 1.067618261463635365 ) ) ;
#1047 = CARTESIAN_POINT ( 'NONE',  ( -2.084222185139990025, 1.149999999999999911, -1.302809906364458037 ) ) ;
#1048 = VERTEX_POINT ( 'NONE', #3001 ) ;
#1049 = FILL_AREA_STYLE_COLOUR ( '', #3264 ) ;
#1050 = FACE_OUTER_BOUND ( 'NONE', #93, .T. ) ;
#1051 = COLOUR_RGB ( '',0.5254901960784313930, 0.5254901960784313930, 0.5254901960784313930 ) ;
#1052 = EDGE_CURVE ( 'NONE', #2454, #4080, #1379, .T. ) ;
#1053 = LINE ( 'NONE', #1952, #3785 ) ;
#1054 = ORIENTED_EDGE ( 'NONE', *, *, #3897, .F. ) ;
#1055 = VECTOR ( 'NONE', #2848, 1000.000000000000000 ) ;
#1056 = CARTESIAN_POINT ( 'NONE',  ( 1.245297092902013958, 4.100000000000000533, -2.338796117314970058 ) ) ;
#1057 = DIRECTION ( 'NONE',  ( 1.000000000000000000, 0.000000000000000000, 0.000000000000000000 ) ) ;
#1058 = VECTOR ( 'NONE', #1711, 1000.000000000000000 ) ;
#1059 = CARTESIAN_POINT ( 'NONE',  ( -2.019713679771980352, 2.995203220545724854, -1.279966246547580067 ) ) ;
#1060 = CARTESIAN_POINT ( 'NONE',  ( 2.449961500122774805, 0.5000000000000000000, -0.6500000000000230038 ) ) ;
#1061 = CARTESIAN_POINT ( 'NONE',  ( 1.015902293191629946, 3.366614902413989974, -2.453020891348014931 ) ) ;
#1062 = B_SPLINE_CURVE_WITH_KNOTS ( 'NONE', 3,
 ( #769, #2073, #1758, #2862 ),
 .UNSPECIFIED., .F., .F.,
 ( 4, 4 ),
 ( 0.000000000000000000, 1.689365752737805020E-06 ),
 .UNSPECIFIED. ) ;
#1063 = SURFACE_STYLE_USAGE ( .BOTH. , #930 ) ;
#1064 = FILL_AREA_STYLE_COLOUR ( '', #1103 ) ;
#1065 = DIRECTION ( 'NONE',  ( 0.000000000000000000, 0.000000000000000000, -1.000000000000000000 ) ) ;
#1066 = ORIENTED_EDGE ( 'NONE', *, *, #4084, .F. ) ;
#1067 = DIRECTION ( 'NONE',  ( -0.000000000000000000, 1.000000000000000000, 0.000000000000000000 ) ) ;
#1068 = VERTEX_POINT ( 'NONE', #1060 ) ;
#1069 = DIRECTION ( 'NONE',  ( -0.6293203910498371689, 0.000000000000000000, 0.7771459614569711238 ) ) ;
#1070 = PRESENTATION_STYLE_ASSIGNMENT (( #1738 ) ) ;
#1071 = VECTOR ( 'NONE', #2265, 1000.000000000000000 ) ;
#1072 = ORIENTED_EDGE ( 'NONE', *, *, #1840, .T. ) ;
#1073 = CARTESIAN_POINT ( 'NONE',  ( 1.155245964274369985, 3.350000000000000089, -2.449999999999999734 ) ) ;
#1074 = SURFACE_STYLE_USAGE ( .BOTH. , #2782 ) ;
#1075 = CARTESIAN_POINT ( 'NONE',  ( -1.155933110629969507, 1.142076522386567428, -2.451440632293368171 ) ) ;
#1076 = CARTESIAN_POINT ( 'NONE',  ( 2.149999999999999911, 3.350000000000000089, -0.4071936899435584789 ) ) ;
#1077 = ORIENTED_EDGE ( 'NONE', *, *, #2594, .T. ) ;
#1078 =( NAMED_UNIT ( * ) SI_UNIT ( $, .STERADIAN. ) SOLID_ANGLE_UNIT ( ) );
#1079 = ADVANCED_FACE ( 'NONE', ( #2291 ), #84, .F. ) ;
#1080 = CARTESIAN_POINT ( 'NONE',  ( -2.087291781468325169, 1.133117220194143959, -1.303896907434493935 ) ) ;
#1081 = COLOUR_RGB ( '',1.000000000000000000, 1.000000000000000000, 1.000000000000000000 ) ;
#1082 = CARTESIAN_POINT ( 'NONE',  ( -2.083860830598879943, 3.349991040012330057, -1.303253553380721907 ) ) ;
#1083 = SURFACE_STYLE_USAGE ( .BOTH. , #4009 ) ;
#1084 = EDGE_CURVE ( 'NONE', #1265, #1873, #3043, .T. ) ;
#1085 =( GEOMETRIC_REPRESENTATION_CONTEXT ( 3 ) GLOBAL_UNCERTAINTY_ASSIGNED_CONTEXT ( ( #3030 ) ) GLOBAL_UNIT_ASSIGNED_CONTEXT ( ( #3446, #3423, #771 ) ) REPRESENTATION_CONTEXT ( 'NONE', 'WORKASPACE' ) );
#1086 = FILL_AREA_STYLE_COLOUR ( '', #611 ) ;
#1087 = UNCERTAINTY_MEASURE_WITH_UNIT (LENGTH_MEASURE( 1.000000000000000082E-05 ), #4197, 'distance_accuracy_value', 'NONE');
#1088 = SURFACE_STYLE_FILL_AREA ( #1042 ) ;
#1089 = ORIENTED_EDGE ( 'NONE', *, *, #762, .T. ) ;
#1090 = CYLINDRICAL_SURFACE ( 'NONE', #3273, 0.2999999999999999334 ) ;
#1091 = DIRECTION ( 'NONE',  ( 0.000000000000000000, 0.000000000000000000, 1.000000000000000000 ) ) ;
#1092 = DIRECTION ( 'NONE',  ( 0.000000000000000000, 0.000000000000000000, 1.000000000000000000 ) ) ;
#1093 = EDGE_LOOP ( 'NONE', ( #1746, #1398, #250, #557 ) ) ;
#1094 = CARTESIAN_POINT ( 'NONE',  ( 2.369134082877225378, 0.4000000000000000222, -1.840236586624284909 ) ) ;
#1095 = CARTESIAN_POINT ( 'NONE',  ( 2.149999999999999911, 4.100000000000000533, -1.115345498071464103 ) ) ;
#1096 = SURFACE_SIDE_STYLE ('',( #4071 ) ) ;
#1097 = VERTEX_POINT ( 'NONE', #3666 ) ;
#1098 = VERTEX_POINT ( 'NONE', #3023 ) ;
#1099 = DIRECTION ( 'NONE',  ( 0.000000000000000000, -1.000000000000000000, 0.000000000000000000 ) ) ;
#1100 = SURFACE_SIDE_STYLE ('',( #2037 ) ) ;
#1101 = ADVANCED_FACE ( 'NONE', ( #1015 ), #344, .T. ) ;
#1102 = CARTESIAN_POINT ( 'NONE',  ( -2.249980626547140261, 0.000000000000000000, 1.882860023365479973 ) ) ;
#1103 = COLOUR_RGB ( '',0.000000000000000000, 0.000000000000000000, 0.000000000000000000 ) ;
#1104 = EDGE_CURVE ( 'NONE', #3049, #3061, #1448, .T. ) ;
#1105 =( LENGTH_UNIT ( ) NAMED_UNIT ( * ) SI_UNIT ( .MILLI., .METRE. ) );
#1106 = AXIS2_PLACEMENT_3D ( 'NONE', #1571, #2915, #583 ) ;
#1107 = FACE_OUTER_BOUND ( 'NONE', #3025, .T. ) ;
#1108 =( NAMED_UNIT ( * ) PLANE_ANGLE_UNIT ( ) SI_UNIT ( $, .RADIAN. ) );
#1109 = ORIENTED_EDGE ( 'NONE', *, *, #1052, .T. ) ;
#1110 = STYLED_ITEM ( 'NONE', ( #4006 ), #70 ) ;
#1111 = LINE ( 'NONE', #4067, #2241 ) ;
#1112 = DIRECTION ( 'NONE',  ( -1.000000000000000000, 0.000000000000000000, 0.000000000000000000 ) ) ;
#1113 =( GEOMETRIC_REPRESENTATION_CONTEXT ( 3 ) GLOBAL_UNCERTAINTY_ASSIGNED_CONTEXT ( ( #917 ) ) GLOBAL_UNIT_ASSIGNED_CONTEXT ( ( #1523, #2491, #3447 ) ) REPRESENTATION_CONTEXT ( 'NONE', 'WORKASPACE' ) );
#1114 = CARTESIAN_POINT ( 'NONE',  ( 2.449961500122779690, 0.4000000000000000222, 0.6499999999999770406 ) ) ;
#1115 = ORIENTED_EDGE ( 'NONE', *, *, #2654, .F. ) ;
#1116 = CARTESIAN_POINT ( 'NONE',  ( 1.818415321424784903, 3.350000000000000089, 1.631054046553769954 ) ) ;
#1117 = SURFACE_STYLE_FILL_AREA ( #140 ) ;
#1118 = COLOUR_RGB ( '',0.5254901960784313930, 0.5254901960784313930, 0.5254901960784313930 ) ;
#1119 = CARTESIAN_POINT ( 'NONE',  ( -1.107505827254243069, 2.619575475253629104, -2.349910721308106076 ) ) ;
#1120 = ORIENTED_EDGE ( 'NONE', *, *, #4156, .T. ) ;
#1121 = PRESENTATION_STYLE_ASSIGNMENT (( #144 ) ) ;
#1122 = VECTOR ( 'NONE', #903, 1000.000000000000000 ) ;
#1123 = AXIS2_PLACEMENT_3D ( 'NONE', #1227, #2230, #3169 ) ;
#1124 = MECHANICAL_DESIGN_GEOMETRIC_PRESENTATION_REPRESENTATION (  '', ( #2982 ), #1594 ) ;
#1125 = CARTESIAN_POINT ( 'NONE',  ( -2.126038094010413104, 3.347872755796887034, 1.250556988033504346 ) ) ;
#1126 = CARTESIAN_POINT ( 'NONE',  ( 2.084217250074650085, 3.349973139425650004, 1.302808240416334140 ) ) ;
#1127 = FILL_AREA_STYLE ('',( #2080 ) ) ;
#1128 = CARTESIAN_POINT ( 'NONE',  ( 2.151592376099731307, 3.358758068548633791, 1.222144959782052398 ) ) ;
#1129 = FACE_OUTER_BOUND ( 'NONE', #2962, .T. ) ;
#1130 = EDGE_CURVE ( 'NONE', #3231, #2331, #3167, .T. ) ;
#1131 = ORIENTED_EDGE ( 'NONE', *, *, #2945, .T. ) ;
#1132 = VERTEX_POINT ( 'NONE', #803 ) ;
#1133 = CARTESIAN_POINT ( 'NONE',  ( -2.450038499877205123, 0.5000000000000000000, -0.6500000000000339950 ) ) ;
#1134 = DIRECTION ( 'NONE',  ( -0.6293203910498317288, 0.000000000000000000, -0.7771459614569755647 ) ) ;
#1135 = CARTESIAN_POINT ( 'NONE',  ( -2.450038499877194909, 0.4000000000000000222, 0.6499999999999770406 ) ) ;
#1136 = EDGE_CURVE ( 'NONE', #2815, #379, #2958, .T. ) ;
#1137 = VERTEX_POINT ( 'NONE', #454 ) ;
#1138 = UNCERTAINTY_MEASURE_WITH_UNIT (LENGTH_MEASURE( 1.000000000000000082E-05 ), #3703, 'distance_accuracy_value', 'NONE');
#1139 = CARTESIAN_POINT ( 'NONE',  ( 2.149999999999975042, 1.149999999999999911, 1.221581069830675936 ) ) ;
#1140 = LINE ( 'NONE', #405, #2494 ) ;
#1141 = CARTESIAN_POINT ( 'NONE',  ( -2.249980357254909968, 0.4000000000000000222, 1.899996856239225096 ) ) ;
#1142 = SURFACE_STYLE_USAGE ( .BOTH. , #1096 ) ;
#1143 = VERTEX_POINT ( 'NONE', #516 ) ;
#1144 = PRESENTATION_STYLE_ASSIGNMENT (( #1063 ) ) ;
#1145 = COLOUR_RGB ( '',1.000000000000000000, 1.000000000000000000, 1.000000000000000000 ) ;
#1146 = DIRECTION ( 'NONE',  ( 0.6293203910498460507, 0.000000000000000000, 0.7771459614569640184 ) ) ;
#1147 = LINE ( 'NONE', #3692, #1923 ) ;
#1148 = DIRECTION ( 'NONE',  ( 1.571423558888038674E-05, 0.000000000000000000, -0.9999999998765314313 ) ) ;
#1149 = ORIENTED_EDGE ( 'NONE', *, *, #1615, .T. ) ;
#1150 = CARTESIAN_POINT ( 'NONE',  ( -2.450038499877225107, 1.149999999999999911, 1.899999999999975042 ) ) ;
#1151 = FILL_AREA_STYLE_COLOUR ( '', #1631 ) ;
#1152 = VECTOR ( 'NONE', #1435, 1000.000000000000000 ) ;
#1153 = EDGE_LOOP ( 'NONE', ( #1701, #547, #3146, #11 ) ) ;
#1154 = PRODUCT_DEFINITION_SHAPE ( 'NONE', 'NONE',  #4258 ) ;
#1155 = EDGE_CURVE ( 'NONE', #2609, #3995, #2766, .T. ) ;
#1156 = EDGE_LOOP ( 'NONE', ( #3321, #1849, #451, #2251 ) ) ;
#1157 = MECHANICAL_DESIGN_GEOMETRIC_PRESENTATION_REPRESENTATION (  '', ( #3605 ), #2670 ) ;
#1158 = LINE ( 'NONE', #1455, #2880 ) ;
#1159 =( BOUNDED_SURFACE ( )  B_SPLINE_SURFACE ( 3, 2, ( 
 ( #328, #1613, #1272 ),
 ( #3599, #1254, #1936 ),
 ( #610, #1916, #2653 ),
 ( #2918, #3248, #2580 ),
 ( #374, #3561, #634 ),
 ( #3228, #285, #952 ) ),
 .UNSPECIFIED., .F., .F., .F. ) 
 B_SPLINE_SURFACE_WITH_KNOTS ( ( 4, 2, 4 ),
 ( 3, 3 ),
 ( 0.003802267302443064750, 0.004979941913698110109, 0.006157616524953160239 ),
 ( 0.000000000000000000, 1.000000000000000000 ),
 .UNSPECIFIED. ) 
 GEOMETRIC_REPRESENTATION_ITEM ( )  RATIONAL_B_SPLINE_SURFACE ( (
 ( 1.000000000000000000, 0.9445309128584229441, 1.000000000000000000),
 ( 1.000000000000000000, 0.9445309128584229441, 1.000000000000000000),
 ( 1.000000000000000000, 0.9426424456209160363, 1.000000000000000000),
 ( 1.000000000000000000, 0.9426405385724250241, 1.000000000000000000),
 ( 1.000000000000000000, 0.9445309128584239433, 1.000000000000000000),
 ( 1.000000000000000000, 0.9445309128584239433, 1.000000000000000000) ) ) 
 REPRESENTATION_ITEM ( '' )  SURFACE ( )  );
#1160 = FILL_AREA_STYLE ('',( #96 ) ) ;
#1161 = ORIENTED_EDGE ( 'NONE', *, *, #3452, .F. ) ;
#1162 = CARTESIAN_POINT ( 'NONE',  ( 1.152578890011937807, 0.4000000000000000222, -2.449999999999999734 ) ) ;
#1163 = EDGE_CURVE ( 'NONE', #2881, #1825, #2759, .T. ) ;
#1164 = EDGE_LOOP ( 'NONE', ( #3096, #827, #1253, #209 ) ) ;
#1165 = FILL_AREA_STYLE_COLOUR ( '', #4132 ) ;
#1166 = CARTESIAN_POINT ( 'NONE',  ( 2.149967000256495009, 0.4000000000000000222, -1.900001832571255100 ) ) ;
#1167 = ORIENTED_EDGE ( 'NONE', *, *, #2716, .T. ) ;
#1168 = SURFACE_STYLE_USAGE ( .BOTH. , #4106 ) ;
#1169 = CARTESIAN_POINT ( 'NONE',  ( -2.150000000000034994, 3.350000000000000089, 1.115345498071492081 ) ) ;
#1170 = VERTEX_POINT ( 'NONE', #1126 ) ;
#1171 = SURFACE_STYLE_FILL_AREA ( #1691 ) ;
#1172 = UNCERTAINTY_MEASURE_WITH_UNIT (LENGTH_MEASURE( 1.000000000000000082E-05 ), #3774, 'distance_accuracy_value', 'NONE');
#1173 = ORIENTED_EDGE ( 'NONE', *, *, #1860, .T. ) ;
#1174 = SURFACE_STYLE_FILL_AREA ( #545 ) ;
#1175 = ORIENTED_EDGE ( 'NONE', *, *, #2493, .T. ) ;
#1176 = UNCERTAINTY_MEASURE_WITH_UNIT (LENGTH_MEASURE( 1.000000000000000082E-05 ), #2532, 'distance_accuracy_value', 'NONE');
#1177 = VECTOR ( 'NONE', #1750, 1000.000000000000000 ) ;
#1178 = CARTESIAN_POINT ( 'NONE',  ( -1.763371420698219838, 1.516666666666665053, 1.593093221107980018 ) ) ;
#1179 = PRODUCT_DEFINITION ( 'UNKNOWN', '', #2103, #743 ) ;
#1180 = PRESENTATION_LAYER_ASSIGNMENT (  '', '', ( #840 ) ) ;
#1181 = FILL_AREA_STYLE_COLOUR ( '', #3982 ) ;
#1182 = DIRECTION ( 'NONE',  ( 1.000000000000000000, 0.000000000000000000, 0.000000000000000000 ) ) ;
#1183 = DIRECTION ( 'NONE',  ( 1.000000000000000000, 0.000000000000000000, 0.000000000000000000 ) ) ;
#1184 = FILL_AREA_STYLE ('',( #2470 ) ) ;
#1185 = EDGE_CURVE ( 'NONE', #1777, #1290, #2788, .T. ) ;
#1186 = LINE ( 'NONE', #802, #2171 ) ;
#1187 = SURFACE_STYLE_FILL_AREA ( #2533 ) ;
#1188 = DIRECTION ( 'NONE',  ( 0.000000000000000000, -1.000000000000000000, 0.000000000000000000 ) ) ;
#1189 = ORIENTED_EDGE ( 'NONE', *, *, #3690, .F. ) ;
#1190 = EDGE_CURVE ( 'NONE', #1277, #2486, #1508, .T. ) ;
#1191 = B_SPLINE_SURFACE_WITH_KNOTS ( 'NONE', 3, 3, ( 
 ( #3338, #3359, #2052, #142, #1720 ),
 ( #1076, #4026, #2399, #3060, #2383 ),
 ( #2423, #772, #3686, #2446, #2075 ),
 ( #3381, #1782, #797, #2718, #753 ) ),
 .UNSPECIFIED., .F., .F., .F.,
 ( 4, 4 ),
 ( 4, 1, 4 ),
 ( 0.000000000000000000, 1.000000000000000000 ),
 ( 0.000000000000000000, 0.5000000000000000000, 1.000000000000000000 ),
 .UNSPECIFIED. ) ;
#1192 = COLOUR_RGB ( '',0.5254901960784313930, 0.5254901960784313930, 0.5254901960784313930 ) ;
#1193 = VECTOR ( 'NONE', #1331, 1000.000000000000000 ) ;
#1194 = CARTESIAN_POINT ( 'NONE',  ( 2.049951677766915115, 2.623555383299715160, 1.079915680621162055 ) ) ;
#1195 = STYLED_ITEM ( 'NONE', ( #1877 ), #2604 ) ;
#1196 = CARTESIAN_POINT ( 'NONE',  ( 1.243840466612600171, 3.349951351268914745, 2.340580846088885281 ) ) ;
#1197 = DIRECTION ( 'NONE',  ( 1.000000000000000000, 0.000000000000000000, 0.000000000000000000 ) ) ;
#1198 = PLANE ( 'NONE',  #3050 ) ;
#1199 = ORIENTED_EDGE ( 'NONE', *, *, #1968, .F. ) ;
#1200 = SURFACE_STYLE_USAGE ( .BOTH. , #1540 ) ;
#1201 = CARTESIAN_POINT ( 'NONE',  ( 2.087291781468370466, 1.133117220193882169, -1.303896907434459962 ) ) ;
#1202 = LINE ( 'NONE', #1542, #1939 ) ;
#1203 = CARTESIAN_POINT ( 'NONE',  ( -1.123447595427866208, 2.983333333333334725, -2.383333333333355064 ) ) ;
#1204 = SURFACE_SIDE_STYLE ('',( #1488 ) ) ;
#1205 = MECHANICAL_DESIGN_GEOMETRIC_PRESENTATION_REPRESENTATION (  '', ( #4008 ), #3067 ) ;
#1206 = EDGE_CURVE ( 'NONE', #370, #2016, #1788, .T. ) ;
#1207 = CARTESIAN_POINT ( 'NONE',  ( 2.149999999999999911, 1.149999999999999911, -1.221581069830675936 ) ) ;
#1208 = DIRECTION ( 'NONE',  ( 0.000000000000000000, -1.000000000000000000, 0.000000000000000000 ) ) ;
#1209 = ORIENTED_EDGE ( 'NONE', *, *, #3089, .F. ) ;
#1210 = VECTOR ( 'NONE', #2968, 1000.000000000000000 ) ;
#1211 = DIRECTION ( 'NONE',  ( 0.000000000000000000, 0.000000000000000000, -1.000000000000000000 ) ) ;
#1212 = EDGE_CURVE ( 'NONE', #2563, #2016, #1147, .T. ) ;
#1213 = AXIS2_PLACEMENT_3D ( 'NONE', #1291, #3520, #1211 ) ;
#1214 = CYLINDRICAL_SURFACE ( 'NONE', #3112, 0.2999999999999999334 ) ;
#1215 = FACE_OUTER_BOUND ( 'NONE', #303, .T. ) ;
#1216 = LINE ( 'NONE', #4112, #621 ) ;
#1217 = STYLED_ITEM ( 'NONE', ( #409 ), #3504 ) ;
#1218 =( GEOMETRIC_REPRESENTATION_CONTEXT ( 3 ) GLOBAL_UNCERTAINTY_ASSIGNED_CONTEXT ( ( #523 ) ) GLOBAL_UNIT_ASSIGNED_CONTEXT ( ( #1699, #1992, #2033 ) ) REPRESENTATION_CONTEXT ( 'NONE', 'WORKASPACE' ) );
#1219 = ORIENTED_EDGE ( 'NONE', *, *, #4216, .T. ) ;
#1220 = UNCERTAINTY_MEASURE_WITH_UNIT (LENGTH_MEASURE( 1.000000000000000082E-05 ), #685, 'distance_accuracy_value', 'NONE');
#1221 = DIRECTION ( 'NONE',  ( 0.000000000000000000, 0.000000000000000000, -1.000000000000000000 ) ) ;
#1222 = CIRCLE ( 'NONE', #3540, 0.2999999999999999334 ) ;
#1223 =( NAMED_UNIT ( * ) PLANE_ANGLE_UNIT ( ) SI_UNIT ( $, .RADIAN. ) );
#1224 = PRESENTATION_STYLE_ASSIGNMENT (( #864 ) ) ;
#1225 = CARTESIAN_POINT ( 'NONE',  ( -1.486830642849620077, 1.149999999999999911, -2.040527023276924812 ) ) ;
#1226 =( NAMED_UNIT ( * ) SI_UNIT ( $, .STERADIAN. ) SOLID_ANGLE_UNIT ( ) );
#1227 = CARTESIAN_POINT ( 'NONE',  ( -2.150038499877195086, 1.149999999999999911, -1.600000000000034950 ) ) ;
#1228 = EDGE_LOOP ( 'NONE', ( #2805, #2191, #3657, #2799, #4096, #1756, #1219, #1434, #2007, #3420, #2047, #2646, #1387, #2024, #1639, #1650 ) ) ;
#1229 = AXIS2_PLACEMENT_3D ( 'NONE', #1769, #65, #1408 ) ;
#1230 = EDGE_CURVE ( 'NONE', #3354, #3351, #2451, .T. ) ;
#1231 = DIRECTION ( 'NONE',  ( 0.000000000000000000, -1.000000000000000000, 0.000000000000000000 ) ) ;
#1232 = FACE_OUTER_BOUND ( 'NONE', #1153, .T. ) ;
#1233 = CARTESIAN_POINT ( 'NONE',  ( -2.250000000000000000, 0.000000000000000000, 0.6499999999999770406 ) ) ;
#1234 = EDGE_CURVE ( 'NONE', #20, #3176, #3767, .T. ) ;
#1235 = ORIENTED_EDGE ( 'NONE', *, *, #679, .F. ) ;
#1236 = COLOUR_RGB ( '',0.5254901960784313930, 0.5254901960784313930, 0.5254901960784313930 ) ;
#1237 = SURFACE_STYLE_USAGE ( .BOTH. , #1576 ) ;
#1238 = CYLINDRICAL_SURFACE ( 'NONE', #3295, 0.2999999999999999334 ) ;
#1239 = COLOUR_RGB ( '',1.000000000000000000, 1.000000000000000000, 1.000000000000000000 ) ;
#1240 = LINE ( 'NONE', #2905, #229 ) ;
#1241 = CARTESIAN_POINT ( 'NONE',  ( -2.083333333333345028, 2.983333333333334725, -1.197973164995326023 ) ) ;
#1242 = CARTESIAN_POINT ( 'NONE',  ( 1.123447595427810031, 1.516666666666665053, -2.383333333333355064 ) ) ;
#1243 = VECTOR ( 'NONE', #394, 1000.000000000000114 ) ;
#1244 = ORIENTED_EDGE ( 'NONE', *, *, #2973, .F. ) ;
#1245 = FILL_AREA_STYLE ('',( #3516 ) ) ;
#1246 = CARTESIAN_POINT ( 'NONE',  ( 1.123447595427810031, 1.516666666666665053, -2.383333333333355064 ) ) ;
#1247 = CARTESIAN_POINT ( 'NONE',  ( 1.049923000245597926, 0.4000000000000000222, -1.900022000534904887 ) ) ;
#1248 = VECTOR ( 'NONE', #357, 1000.000000000000000 ) ;
#1249 = VERTEX_POINT ( 'NONE', #4032 ) ;
#1250 = CIRCLE ( 'NONE', #2623, 0.2999999999999999334 ) ;
#1251 = LINE ( 'NONE', #2576, #1491 ) ;
#1252 = SURFACE_STYLE_FILL_AREA ( #909 ) ;
#1253 = ORIENTED_EDGE ( 'NONE', *, *, #542, .F. ) ;
#1254 = CARTESIAN_POINT ( 'NONE',  ( -2.084931194159617363, 1.507878432113650691, 1.198538997192924782 ) ) ;
#1255 = MECHANICAL_DESIGN_GEOMETRIC_PRESENTATION_REPRESENTATION (  '', ( #2005 ), #3797 ) ;
#1256 = VECTOR ( 'NONE', #1188, 1000.000000000000000 ) ;
#1257 = EDGE_CURVE ( 'NONE', #1170, #2734, #4223, .T. ) ;
#1258 = DIRECTION ( 'NONE',  ( 0.000000000000000000, 0.000000000000000000, -1.000000000000000000 ) ) ;
#1259 = ORIENTED_EDGE ( 'NONE', *, *, #3370, .F. ) ;
#1260 = UNCERTAINTY_MEASURE_WITH_UNIT (LENGTH_MEASURE( 1.000000000000000082E-05 ), #2460, 'distance_accuracy_value', 'NONE');
#1261 = CARTESIAN_POINT ( 'NONE',  ( -1.014456983850033911, 3.349951351268914745, -2.449991154971780105 ) ) ;
#1262 = SURFACE_STYLE_USAGE ( .BOTH. , #4195 ) ;
#1263 = PLANE ( 'NONE',  #81 ) ;
#1264 =( BOUNDED_SURFACE ( )  B_SPLINE_SURFACE ( 3, 2, ( 
 ( #2162, #3471, #574 ),
 ( #2565, #1861, #534 ),
 ( #1880, #617, #937 ),
 ( #2547, #3147, #1521 ),
 ( #3194, #3877, #193 ),
 ( #2183, #3215, #1201 ) ),
 .UNSPECIFIED., .F., .F., .T. ) 
 B_SPLINE_SURFACE_WITH_KNOTS ( ( 4, 2, 4 ),
 ( 3, 3 ),
 ( 0.003803914158994994941, 0.004981598712716269958, 0.006159283266437539338 ),
 ( 0.000000000000000000, 1.000000000000000000 ),
 .UNSPECIFIED. ) 
 GEOMETRIC_REPRESENTATION_ITEM ( )  RATIONAL_B_SPLINE_SURFACE ( (
 ( 1.000000000000000000, 0.9445309128584249425, 1.000000000000000000),
 ( 1.000000000000000000, 0.9445309128584249425, 1.000000000000000000),
 ( 1.000000000000000000, 0.9426405356589530049, 1.000000000000000000),
 ( 1.000000000000000000, 0.9426424485466780023, 1.000000000000000000),
 ( 1.000000000000000000, 0.9445309128584249425, 1.000000000000000000),
 ( 1.000000000000000000, 0.9445309128584249425, 1.000000000000000000) ) ) 
 REPRESENTATION_ITEM ( '' )  SURFACE ( )  );
#1265 = VERTEX_POINT ( 'NONE', #1828 ) ;
#1266 = DIRECTION ( 'NONE',  ( 1.000000000000000000, 0.000000000000000000, 0.000000000000000000 ) ) ;
#1267 = CARTESIAN_POINT ( 'NONE',  ( 1.014461401931691986, 1.149999999999999911, -2.449999999999999734 ) ) ;
#1268 = SURFACE_SIDE_STYLE ('',( #2911 ) ) ;
#1269 = ORIENTED_EDGE ( 'NONE', *, *, #578, .F. ) ;
#1270 = CARTESIAN_POINT ( 'NONE',  ( -1.245297092902070135, 3.350000000000000089, -2.338796117314970058 ) ) ;
#1271 = VECTOR ( 'NONE', #4104, 1000.000000000000000 ) ;
#1272 = CARTESIAN_POINT ( 'NONE',  ( -2.153066094234004968, 1.133136481713149957, 1.118144848307934147 ) ) ;
#1273 = STYLED_ITEM ( 'NONE', ( #334 ), #3249 ) ;
#1274 = APPLICATION_CONTEXT ( 'automotive_design' ) ;
#1275 = CARTESIAN_POINT ( 'NONE',  ( 0.000000000000000000, 0.000000000000000000, 0.000000000000000000 ) ) ;
#1276 =( GEOMETRIC_REPRESENTATION_CONTEXT ( 3 ) GLOBAL_UNCERTAINTY_ASSIGNED_CONTEXT ( ( #400 ) ) GLOBAL_UNIT_ASSIGNED_CONTEXT ( ( #1534, #3831, #890 ) ) REPRESENTATION_CONTEXT ( 'NONE', 'WORKASPACE' ) );
#1277 = VERTEX_POINT ( 'NONE', #3152 ) ;
#1278 = DIRECTION ( 'NONE',  ( 0.000000000000000000, -1.000000000000000000, 0.000000000000000000 ) ) ;
#1279 = EDGE_CURVE ( 'NONE', #2082, #2360, #2059, .T. ) ;
#1280 = AXIS2_PLACEMENT_3D ( 'NONE', #1446, #3364, #3428 ) ;
#1281 = LINE ( 'NONE', #2612, #2513 ) ;
#1282 = DIRECTION ( 'NONE',  ( 0.000000000000000000, -1.000000000000000000, 0.000000000000000000 ) ) ;
#1283 = SURFACE_STYLE_USAGE ( .BOTH. , #3914 ) ;
#1284 = CARTESIAN_POINT ( 'NONE',  ( 1.012923904132600139, 3.350000000000000089, 2.449999999999960210 ) ) ;
#1285 = CARTESIAN_POINT ( 'NONE',  ( 1.243840466612600171, 3.349951351268914745, 2.340580846088885281 ) ) ;
#1286 = ORIENTED_EDGE ( 'NONE', *, *, #1681, .T. ) ;
#1287 = COLOUR_RGB ( '',0.000000000000000000, 0.000000000000000000, 0.000000000000000000 ) ;
#1288 = EDGE_CURVE ( 'NONE', #2462, #581, #2124, .T. ) ;
#1289 = PRESENTATION_STYLE_ASSIGNMENT (( #4227 ) ) ;
#1290 = VERTEX_POINT ( 'NONE', #3717 ) ;
#1291 = CARTESIAN_POINT ( 'NONE',  ( -1.012153304464980197, 4.100000000000000533, -2.149999999999999911 ) ) ;
#1292 = CARTESIAN_POINT ( 'NONE',  ( -1.050000000000000044, 0.000000000000000000, 1.899996856239225096 ) ) ;
#1293 = CARTESIAN_POINT ( 'NONE',  ( -2.084217250076770167, 3.349973139425544755, 1.302808240413782181 ) ) ;
#1294 = B_SPLINE_CURVE_WITH_KNOTS ( 'NONE', 3,
 ( #3513, #576, #1284, #3898 ),
 .UNSPECIFIED., .F., .F.,
 ( 4, 4 ),
 ( 0.0002261691834801254843, 0.0002284000105717840033 ),
 .UNSPECIFIED. ) ;
#1295 = LINE ( 'NONE', #308, #2042 ) ;
#1296 = ORIENTED_EDGE ( 'NONE', *, *, #2901, .T. ) ;
#1297 = UNCERTAINTY_MEASURE_WITH_UNIT (LENGTH_MEASURE( 1.000000000000000082E-05 ), #2333, 'distance_accuracy_value', 'NONE');
#1298 = SURFACE_SIDE_STYLE ('',( #352 ) ) ;
#1299 = CARTESIAN_POINT ( 'NONE',  ( 2.149961500122779867, 0.000000000000000000, -1.600001832621674946 ) ) ;
#1300 = SURFACE_STYLE_USAGE ( .BOTH. , #1672 ) ;
#1301 = CARTESIAN_POINT ( 'NONE',  ( -2.249980626547140261, 0.000000000000000000, 1.882860023365475088 ) ) ;
#1302 = ADVANCED_FACE ( 'NONE', ( #4052 ), #1765, .T. ) ;
#1303 =( NAMED_UNIT ( * ) PLANE_ANGLE_UNIT ( ) SI_UNIT ( $, .RADIAN. ) );
#1304 = AXIS2_PLACEMENT_3D ( 'NONE', #4064, #3460, #3484 ) ;
#1305 = PRESENTATION_LAYER_ASSIGNMENT (  '', '', ( #2893 ) ) ;
#1306 = CARTESIAN_POINT ( 'NONE',  ( 1.009486230202489843, 1.149999999999999911, -2.149999999999999911 ) ) ;
#1307 = DIRECTION ( 'NONE',  ( 0.000000000000000000, 0.000000000000000000, 1.000000000000000000 ) ) ;
#1308 = SURFACE_SIDE_STYLE ('',( #3919 ) ) ;
#1309 = EDGE_CURVE ( 'NONE', #1418, #1048, #626, .T. ) ;
#1310 = VERTEX_POINT ( 'NONE', #1908 ) ;
#1311 = MECHANICAL_DESIGN_GEOMETRIC_PRESENTATION_REPRESENTATION (  '', ( #2406 ), #3302 ) ;
#1312 = CARTESIAN_POINT ( 'NONE',  ( 2.449961500122754821, 0.4000000000000000222, 1.599996856239230159 ) ) ;
#1313 = DIRECTION ( 'NONE',  ( 0.000000000000000000, 0.000000000000000000, 1.000000000000000000 ) ) ;
#1314 = PRESENTATION_LAYER_ASSIGNMENT (  '', '', ( #3173 ) ) ;
#1315 =( LENGTH_UNIT ( ) NAMED_UNIT ( * ) SI_UNIT ( .MILLI., .METRE. ) );
#1316 = LINE ( 'NONE', #2627, #3462 ) ;
#1317 = PRESENTATION_LAYER_ASSIGNMENT (  '', '', ( #1871 ) ) ;
#1318 = CARTESIAN_POINT ( 'NONE',  ( -1.012153304465010173, 4.100000000000000533, 2.449999999999960210 ) ) ;
#1319 = STYLED_ITEM ( 'NONE', ( #1289 ), #2084 ) ;
#1320 = PRESENTATION_STYLE_ASSIGNMENT (( #3928 ) ) ;
#1321 = ORIENTED_EDGE ( 'NONE', *, *, #1473, .T. ) ;
#1322 = CARTESIAN_POINT ( 'NONE',  ( -2.250000000000000000, 0.4000000000000000222, -0.6500000000000339950 ) ) ;
#1323 = AXIS2_PLACEMENT_3D ( 'NONE', #1718, #3081, #3098 ) ;
#1324 = VECTOR ( 'NONE', #1182, 1000.000000000000000 ) ;
#1325 = CARTESIAN_POINT ( 'NONE',  ( 2.149995116318839994, 3.349973139425650004, -1.117057276342020122 ) ) ;
#1326 = CARTESIAN_POINT ( 'NONE',  ( -1.012153304464980197, 3.350000000000000089, -2.449999999999999734 ) ) ;
#1327 =( NAMED_UNIT ( * ) PLANE_ANGLE_UNIT ( ) SI_UNIT ( $, .RADIAN. ) );
#1328 = PLANE ( 'NONE',  #1742 ) ;
#1329 = DIRECTION ( 'NONE',  ( 0.000000000000000000, -1.000000000000000000, 0.000000000000000000 ) ) ;
#1330 = ORIENTED_EDGE ( 'NONE', *, *, #4084, .T. ) ;
#1331 = DIRECTION ( 'NONE',  ( 0.000000000000000000, 1.000000000000000000, 0.000000000000000000 ) ) ;
#1332 = VERTEX_POINT ( 'NONE', #1267 ) ;
#1333 = EDGE_CURVE ( 'NONE', #748, #3226, #260, .T. ) ;
#1334 = LINE ( 'NONE', #2402, #184 ) ;
#1335 = PRESENTATION_STYLE_ASSIGNMENT (( #738 ) ) ;
#1336 = EDGE_CURVE ( 'NONE', #1498, #3700, #3496, .T. ) ;
#1337 = LINE ( 'NONE', #2703, #963 ) ;
#1338 = ORIENTED_EDGE ( 'NONE', *, *, #4065, .F. ) ;
#1339 = FILL_AREA_STYLE ('',( #91 ) ) ;
#1340 = EDGE_LOOP ( 'NONE', ( #2921, #3631, #2740, #3036 ) ) ;
#1341 = CARTESIAN_POINT ( 'NONE',  ( 2.217895482908238680, 0.3999999999999999667, -1.894174781210375746 ) ) ;
#1342 =( NAMED_UNIT ( * ) PLANE_ANGLE_UNIT ( ) SI_UNIT ( $, .RADIAN. ) );
#1343 = DIRECTION ( 'NONE',  ( 1.000000000000000000, 0.000000000000000000, 0.000000000000000000 ) ) ;
#1344 = CARTESIAN_POINT ( 'NONE',  ( 2.249923000245584781, 0.4000000000000000222, 0.6499999999999770406 ) ) ;
#1345 = ORIENTED_EDGE ( 'NONE', *, *, #3452, .T. ) ;
#1346 = DIRECTION ( 'NONE',  ( 1.136051315017354063E-14, 0.000000000000000000, -1.000000000000000000 ) ) ;
#1347 = CARTESIAN_POINT ( 'NONE',  ( -2.250000000000000000, 0.4000000000000000222, 0.6499999999999770406 ) ) ;
#1348 = VERTEX_POINT ( 'NONE', #2571 ) ;
#1349 = MECHANICAL_DESIGN_GEOMETRIC_PRESENTATION_REPRESENTATION (  '', ( #2381 ), #1218 ) ;
#1350 = DIRECTION ( 'NONE',  ( 0.000000000000000000, -1.000000000000000000, 0.000000000000000000 ) ) ;
#1351 = VERTEX_POINT ( 'NONE', #1866 ) ;
#1352 = B_SPLINE_CURVE_WITH_KNOTS ( 'NONE', 3,
 ( #2349, #1595, #1941, #1980 ),
 .UNSPECIFIED., .F., .F.,
 ( 4, 4 ),
 ( 0.0001471293695418726005, 0.0001488198547152231981 ),
 .UNSPECIFIED. ) ;
#1353 = PRESENTATION_LAYER_ASSIGNMENT (  '', '', ( #3267 ) ) ;
#1354 = ORIENTED_EDGE ( 'NONE', *, *, #760, .F. ) ;
#1355 = AXIS2_PLACEMENT_3D ( 'NONE', #4091, #402, #2109 ) ;
#1356 = FILL_AREA_STYLE_COLOUR ( '', #3076 ) ;
#1357 = CARTESIAN_POINT ( 'NONE',  ( -1.012153304464980197, 4.100000000000000533, -2.449999999999999734 ) ) ;
#1358 = DIRECTION ( 'NONE',  ( 0.000000000000000000, -1.000000000000000000, 0.000000000000000000 ) ) ;
#1359 = PRESENTATION_LAYER_ASSIGNMENT (  '', '', ( #2106 ) ) ;
#1360 = EDGE_CURVE ( 'NONE', #906, #222, #2274, .T. ) ;
#1361 = B_SPLINE_CURVE_WITH_KNOTS ( 'NONE', 3,
 ( #3556, #627, #947, #888 ),
 .UNSPECIFIED., .F., .F.,
 ( 4, 4 ),
 ( 0.000000000000000000, 1.000000000000000000 ),
 .UNSPECIFIED. ) ;
#1362 = SURFACE_STYLE_USAGE ( .BOTH. , #1685 ) ;
#1363 = EDGE_CURVE ( 'NONE', #1383, #727, #2702, .T. ) ;
#1364 = EDGE_LOOP ( 'NONE', ( #2112, #3728, #3967, #3140, #668, #2584 ) ) ;
#1365 = DIRECTION ( 'NONE',  ( 0.000000000000000000, -1.000000000000000000, 0.000000000000000000 ) ) ;
#1366 = ORIENTED_EDGE ( 'NONE', *, *, #2889, .F. ) ;
#1367 = CARTESIAN_POINT ( 'NONE',  ( -1.009563229956987884, 1.149999999999999911, 2.149999999999999911 ) ) ;
#1368 = PRESENTATION_STYLE_ASSIGNMENT (( #703 ) ) ;
#1369 = CARTESIAN_POINT ( 'NONE',  ( -1.155669326410966757, 3.354881784475671758, 2.450887597177354049 ) ) ;
#1370 = EDGE_LOOP ( 'NONE', ( #4049, #1381, #115, #4229, #404 ) ) ;
#1371 = LINE ( 'NONE', #1073, #1210 ) ;
#1372 =( NAMED_UNIT ( * ) SI_UNIT ( $, .STERADIAN. ) SOLID_ANGLE_UNIT ( ) );
#1373 = DIRECTION ( 'NONE',  ( 0.000000000000000000, -1.000000000000000000, 0.000000000000000000 ) ) ;
#1374 = DIRECTION ( 'NONE',  ( 0.000000000000000000, 0.000000000000000000, 1.000000000000000000 ) ) ;
#1375 = ORIENTED_EDGE ( 'NONE', *, *, #843, .T. ) ;
#1376 = CARTESIAN_POINT ( 'NONE',  ( 2.149961500122779867, 1.149999999999999911, -1.900000000000034994 ) ) ;
#1377 = SURFACE_STYLE_FILL_AREA ( #2744 ) ;
#1378 = CARTESIAN_POINT ( 'NONE',  ( 2.149961500122779867, 1.149999999999999911, -1.600000000000034950 ) ) ;
#1379 = LINE ( 'NONE', #1357, #904 ) ;
#1380 = CARTESIAN_POINT ( 'NONE',  ( 0.9645016582515619774, 1.873258032026174913, -2.350091699436175130 ) ) ;
#1381 = ORIENTED_EDGE ( 'NONE', *, *, #3197, .F. ) ;
#1382 = CARTESIAN_POINT ( 'NONE',  ( 1.245549266996159865, 1.130343042196249925, 2.344163838267814715 ) ) ;
#1383 = VERTEX_POINT ( 'NONE', #868 ) ;
#1384 = UNCERTAINTY_MEASURE_WITH_UNIT (LENGTH_MEASURE( 1.000000000000000082E-05 ), #3463, 'distance_accuracy_value', 'NONE');
#1385 = AXIS2_PLACEMENT_3D ( 'NONE', #3679, #767, #747 ) ;
#1386 = EDGE_CURVE ( 'NONE', #2896, #3714, #600, .T. ) ;
#1387 = ORIENTED_EDGE ( 'NONE', *, *, #3486, .T. ) ;
#1388 = AXIS2_PLACEMENT_3D ( 'NONE', #4143, #3783, #2516 ) ;
#1389 = STYLED_ITEM ( 'NONE', ( #2389 ), #1961 ) ;
#1390 = CARTESIAN_POINT ( 'NONE',  ( 2.149995116318839994, 3.349973139425650004, -1.117057276342020122 ) ) ;
#1391 =( NAMED_UNIT ( * ) SI_UNIT ( $, .STERADIAN. ) SOLID_ANGLE_UNIT ( ) );
#1392 =( NAMED_UNIT ( * ) PLANE_ANGLE_UNIT ( ) SI_UNIT ( $, .RADIAN. ) );
#1393 = VERTEX_POINT ( 'NONE', #301 ) ;
#1394 = DIRECTION ( 'NONE',  ( -1.000000000000000000, 0.000000000000000000, -7.339214706055721837E-15 ) ) ;
#1395 =( NAMED_UNIT ( * ) SI_UNIT ( $, .STERADIAN. ) SOLID_ANGLE_UNIT ( ) );
#1396 = PRESENTATION_LAYER_ASSIGNMENT (  '', '', ( #1734 ) ) ;
#1397 = EDGE_CURVE ( 'NONE', #3223, #299, #2615, .T. ) ;
#1398 = ORIENTED_EDGE ( 'NONE', *, *, #2493, .F. ) ;
#1399 = VECTOR ( 'NONE', #297, 1000.000000000000000 ) ;
#1400 = DIRECTION ( 'NONE',  ( 0.000000000000000000, 0.000000000000000000, 1.000000000000000000 ) ) ;
#1401 = FILL_AREA_STYLE_COLOUR ( '', #3858 ) ;
#1402 = PRESENTATION_LAYER_ASSIGNMENT (  '', '', ( #858 ) ) ;
#1403 = ORIENTED_EDGE ( 'NONE', *, *, #2679, .T. ) ;
#1404 = DIRECTION ( 'NONE',  ( -0.6293203910498410547, 0.000000000000000000, -0.7771459614569680152 ) ) ;
#1405 = CARTESIAN_POINT ( 'NONE',  ( 1.597960108269149915, 1.149999999999999911, -1.900000000000034994 ) ) ;
#1406 = DIRECTION ( 'NONE',  ( 0.000000000000000000, -1.000000000000000000, 0.000000000000000000 ) ) ;
#1407 = CARTESIAN_POINT ( 'NONE',  ( -1.782031119021652676, 0.3999999999999999667, -1.900000000000034994 ) ) ;
#1408 = DIRECTION ( 'NONE',  ( 0.000000000000000000, -1.000000000000000000, 0.000000000000000000 ) ) ;
#1409 = FACE_OUTER_BOUND ( 'NONE', #714, .T. ) ;
#1410 = CARTESIAN_POINT ( 'NONE',  ( 1.014456983849991945, 3.349951351268909860, -2.449991154971780105 ) ) ;
#1411 = FILL_AREA_STYLE ('',( #2416 ) ) ;
#1412 = MECHANICAL_DESIGN_GEOMETRIC_PRESENTATION_REPRESENTATION (  '', ( #751 ), #2863 ) ;
#1413 = VERTEX_POINT ( 'NONE', #1700 ) ;
#1414 = DIRECTION ( 'NONE',  ( 0.000000000000000000, 1.000000000000000000, 0.000000000000000000 ) ) ;
#1415 = ADVANCED_FACE ( 'NONE', ( #2672 ), #988, .F. ) ;
#1416 = PRESENTATION_LAYER_ASSIGNMENT (  '', '', ( #1890 ) ) ;
#1417 = FILL_AREA_STYLE_COLOUR ( '', #598 ) ;
#1418 = VERTEX_POINT ( 'NONE', #3279 ) ;
#1419 = SURFACE_STYLE_FILL_AREA ( #3448 ) ;
#1420 = CARTESIAN_POINT ( 'NONE',  ( -0.3850819880914950200, 3.350000000000000089, -2.449999999999999734 ) ) ;
#1421 = EDGE_CURVE ( 'NONE', #1290, #2378, #1053, .T. ) ;
#1422 = COLOUR_RGB ( '',0.5254901960784313930, 0.5254901960784313930, 0.5254901960784313930 ) ;
#1423 = PRODUCT_DEFINITION_SHAPE ( 'NONE', 'NONE',  #4259 ) ;
#1424 = CARTESIAN_POINT ( 'NONE',  ( -2.150000000000034994, 1.149999999999999911, 1.221581069830703914 ) ) ;
#1425 = PRESENTATION_LAYER_ASSIGNMENT (  '', '', ( #2238 ) ) ;
#1426 = DIRECTION ( 'NONE',  ( 0.000000000000000000, 0.000000000000000000, -1.000000000000000000 ) ) ;
#1427 = PLANE ( 'NONE',  #3046 ) ;
#1428 =( NAMED_UNIT ( * ) PLANE_ANGLE_UNIT ( ) SI_UNIT ( $, .RADIAN. ) );
#1429 =( GEOMETRIC_REPRESENTATION_CONTEXT ( 3 ) GLOBAL_UNCERTAINTY_ASSIGNED_CONTEXT ( ( #3116 ) ) GLOBAL_UNIT_ASSIGNED_CONTEXT ( ( #1538, #2159, #1503 ) ) REPRESENTATION_CONTEXT ( 'NONE', 'WORKASPACE' ) );
#1430 =( LENGTH_UNIT ( ) NAMED_UNIT ( * ) SI_UNIT ( .MILLI., .METRE. ) );
#1431 = UNCERTAINTY_MEASURE_WITH_UNIT (LENGTH_MEASURE( 1.000000000000000082E-05 ), #1572, 'distance_accuracy_value', 'NONE');
#1432 = VERTEX_POINT ( 'NONE', #387 ) ;
#1433 = CARTESIAN_POINT ( 'NONE',  ( 1.009486230202489843, 1.149999999999999911, -2.449999999999999734 ) ) ;
#1434 = ORIENTED_EDGE ( 'NONE', *, *, #471, .T. ) ;
#1435 = DIRECTION ( 'NONE',  ( 0.000000000000000000, -1.000000000000000000, 0.000000000000000000 ) ) ;
#1436 = CARTESIAN_POINT ( 'NONE',  ( 2.449961500122779690, 1.149999999999999911, -1.900000000000034994 ) ) ;
#1437 =( LENGTH_UNIT ( ) NAMED_UNIT ( * ) SI_UNIT ( .MILLI., .METRE. ) );
#1438 = ORIENTED_EDGE ( 'NONE', *, *, #2852, .T. ) ;
#1439 = CARTESIAN_POINT ( 'NONE',  ( 1.091649226581276055, 2.250000000000000000, 2.316666666666635344 ) ) ;
#1440 = LINE ( 'NONE', #2715, #641 ) ;
#1441 = CARTESIAN_POINT ( 'NONE',  ( -1.124073106461639382, 1.509453905408390195, -2.384644744467996347 ) ) ;
#1442 = EDGE_CURVE ( 'NONE', #426, #1532, #3396, .T. ) ;
#1443 =( NAMED_UNIT ( * ) PLANE_ANGLE_UNIT ( ) SI_UNIT ( $, .RADIAN. ) );
#1444 = EDGE_LOOP ( 'NONE', ( #1994, #1296, #1286, #3864, #97 ) ) ;
#1445 = DIRECTION ( 'NONE',  ( 0.000000000000000000, 0.000000000000000000, 1.000000000000000000 ) ) ;
#1446 = CARTESIAN_POINT ( 'NONE',  ( -1.012153304465010173, 4.100000000000000533, 2.149999999999959943 ) ) ;
#1447 = EDGE_CURVE ( 'NONE', #420, #508, #2691, .T. ) ;
#1448 = LINE ( 'NONE', #435, #1177 ) ;
#1449 = FILL_AREA_STYLE ('',( #869 ) ) ;
#1450 =( GEOMETRIC_REPRESENTATION_CONTEXT ( 3 ) GLOBAL_UNCERTAINTY_ASSIGNED_CONTEXT ( ( #1778 ) ) GLOBAL_UNIT_ASSIGNED_CONTEXT ( ( #2751, #1108, #2816 ) ) REPRESENTATION_CONTEXT ( 'NONE', 'WORKASPACE' ) );
#1451 =( NAMED_UNIT ( * ) PLANE_ANGLE_UNIT ( ) SI_UNIT ( $, .RADIAN. ) );
#1452 = PRESENTATION_LAYER_ASSIGNMENT (  '', '', ( #4119 ) ) ;
#1453 = ORIENTED_EDGE ( 'NONE', *, *, #2272, .F. ) ;
#1454 = CARTESIAN_POINT ( 'NONE',  ( 0.000000000000000000, 0.4000000000000000222, 0.000000000000000000 ) ) ;
#1455 = CARTESIAN_POINT ( 'NONE',  ( -2.249980357254909968, 0.4000000000000000222, 1.899996856239225096 ) ) ;
#1456 =( LENGTH_UNIT ( ) NAMED_UNIT ( * ) SI_UNIT ( .MILLI., .METRE. ) );
#1457 = STYLED_ITEM ( 'NONE', ( #1224 ), #1596 ) ;
#1458 = CARTESIAN_POINT ( 'NONE',  ( 1.597960108269149915, 1.149999999999999911, -1.900000000000034994 ) ) ;
#1459 = ORIENTED_EDGE ( 'NONE', *, *, #1021, .T. ) ;
#1460 = DIRECTION ( 'NONE',  ( 0.000000000000000000, -1.000000000000000000, 0.000000000000000000 ) ) ;
#1461 = CARTESIAN_POINT ( 'NONE',  ( -2.149999999999999911, 4.100000000000000533, -1.115345498071525832 ) ) ;
#1462 = STYLED_ITEM ( 'NONE', ( #973 ), #1853 ) ;
#1463 = SURFACE_STYLE_USAGE ( .BOTH. , #448 ) ;
#1464 = PRODUCT_DEFINITION_SHAPE ( 'NONE', 'NONE',  #1179 ) ;
#1465 = EDGE_LOOP ( 'NONE', ( #2543, #3374, #879, #3162 ) ) ;
#1466 = STYLED_ITEM ( 'NONE', ( #3962 ), #239 ) ;
#1467 =( NAMED_UNIT ( * ) PLANE_ANGLE_UNIT ( ) SI_UNIT ( $, .RADIAN. ) );
#1468 = VECTOR ( 'NONE', #1099, 1000.000000000000000 ) ;
#1469 = CARTESIAN_POINT ( 'NONE',  ( 1.049923000245597926, 0.4000000000000000222, 1.899996856239225096 ) ) ;
#1470 = CARTESIAN_POINT ( 'NONE',  ( 1.012153304464949999, 4.100000000000000533, 2.149999999999959943 ) ) ;
#1471 = CARTESIAN_POINT ( 'NONE',  ( -1.243840466612667894, 3.349951351268909860, 2.340580846088865297 ) ) ;
#1472 = ORIENTED_EDGE ( 'NONE', *, *, #244, .T. ) ;
#1473 = EDGE_CURVE ( 'NONE', #581, #3351, #556, .T. ) ;
#1474 = CARTESIAN_POINT ( 'NONE',  ( 1.182145760804319101, 2.616718856605919630, 2.204937201331016006 ) ) ;
#1475 = PRESENTATION_STYLE_ASSIGNMENT (( #3347 ) ) ;
#1476 = VERTEX_POINT ( 'NONE', #665 ) ;
#1477 = FILL_AREA_STYLE ('',( #2107 ) ) ;
#1478 = EDGE_CURVE ( 'NONE', #3704, #350, #339, .T. ) ;
#1479 = LINE ( 'NONE', #2415, #2039 ) ;
#1480 = CARTESIAN_POINT ( 'NONE',  ( 1.012153304464924242, 4.100000000000000533, -2.149999999999999911 ) ) ;
#1481 = ORIENTED_EDGE ( 'NONE', *, *, #1785, .T. ) ;
#1482 = UNCERTAINTY_MEASURE_WITH_UNIT (LENGTH_MEASURE( 1.000000000000000082E-05 ), #4222, 'distance_accuracy_value', 'NONE');
#1483 = CARTESIAN_POINT ( 'NONE',  ( 1.152732889520904136, 0.4000000000000000222, 2.449999999999999734 ) ) ;
#1484 = PRESENTATION_STYLE_ASSIGNMENT (( #3126 ) ) ;
#1485 = ORIENTED_EDGE ( 'NONE', *, *, #506, .T. ) ;
#1486 = DIRECTION ( 'NONE',  ( 0.000000000000000000, 0.000000000000000000, 1.000000000000000000 ) ) ;
#1487 = SURFACE_STYLE_FILL_AREA ( #2145 ) ;
#1488 = SURFACE_STYLE_FILL_AREA ( #1564 ) ;
#1489 = COLOUR_RGB ( '',0.5254901960784313930, 0.5254901960784313930, 0.5254901960784313930 ) ;
#1490 = SURFACE_STYLE_FILL_AREA ( #174 ) ;
#1491 = VECTOR ( 'NONE', #3845, 1000.000000000000114 ) ;
#1492 = ORIENTED_EDGE ( 'NONE', *, *, #1519, .T. ) ;
#1493 = CIRCLE ( 'NONE', #2449, 0.2999999999999999334 ) ;
#1494 = SURFACE_STYLE_USAGE ( .BOTH. , #3137 ) ;
#1495 = CARTESIAN_POINT ( 'NONE',  ( 1.983094932290550227, 2.623555383299715160, 1.268713305661332003 ) ) ;
#1496 = SURFACE_STYLE_FILL_AREA ( #3139 ) ;
#1497 = ORIENTED_EDGE ( 'NONE', *, *, #4216, .F. ) ;
#1498 = VERTEX_POINT ( 'NONE', #966 ) ;
#1499 =( GEOMETRIC_REPRESENTATION_CONTEXT ( 3 ) GLOBAL_UNCERTAINTY_ASSIGNED_CONTEXT ( ( #4036 ) ) GLOBAL_UNIT_ASSIGNED_CONTEXT ( ( #2483, #1637, #3008 ) ) REPRESENTATION_CONTEXT ( 'NONE', 'WORKASPACE' ) );
#1500 = CARTESIAN_POINT ( 'NONE',  ( 0.000000000000000000, 0.000000000000000000, 0.000000000000000000 ) ) ;
#1501 = EDGE_CURVE ( 'NONE', #1310, #1825, #647, .T. ) ;
#1502 = DIRECTION ( 'NONE',  ( 0.000000000000000000, -1.000000000000000000, 0.000000000000000000 ) ) ;
#1503 =( NAMED_UNIT ( * ) SI_UNIT ( $, .STERADIAN. ) SOLID_ANGLE_UNIT ( ) );
#1504 = VERTEX_POINT ( 'NONE', #2970 ) ;
#1505 = CARTESIAN_POINT ( 'NONE',  ( -1.155245964274456139, 3.350000000000000089, 2.449999999999960210 ) ) ;
#1506 = LINE ( 'NONE', #3993, #1958 ) ;
#1507 = CARTESIAN_POINT ( 'NONE',  ( -2.150000000000034994, 1.149999999999999911, 1.117059087394553840 ) ) ;
#1508 = LINE ( 'NONE', #3091, #692 ) ;
#1509 =( LENGTH_UNIT ( ) NAMED_UNIT ( * ) SI_UNIT ( .MILLI., .METRE. ) );
#1510 = VERTEX_POINT ( 'NONE', #1628 ) ;
#1511 = CARTESIAN_POINT ( 'NONE',  ( 2.087288255388669800, 1.133136613632077960, 1.303895658784155920 ) ) ;
#1512 = AXIS2_PLACEMENT_3D ( 'NONE', #1772, #744, #1365 ) ;
#1513 = DIRECTION ( 'NONE',  ( 1.000000000000000000, 0.000000000000000000, 0.000000000000000000 ) ) ;
#1514 = SURFACE_SIDE_STYLE ('',( #1838 ) ) ;
#1515 = PRESENTATION_STYLE_ASSIGNMENT (( #2242 ) ) ;
#1516 = VERTEX_POINT ( 'NONE', #3577 ) ;
#1517 = UNCERTAINTY_MEASURE_WITH_UNIT (LENGTH_MEASURE( 1.000000000000000082E-05 ), #1545, 'distance_accuracy_value', 'NONE');
#1518 =( GEOMETRIC_REPRESENTATION_CONTEXT ( 3 ) GLOBAL_UNCERTAINTY_ASSIGNED_CONTEXT ( ( #3122 ) ) GLOBAL_UNIT_ASSIGNED_CONTEXT ( ( #2340, #2698, #2365 ) ) REPRESENTATION_CONTEXT ( 'NONE', 'WORKASPACE' ) );
#1519 = EDGE_CURVE ( 'NONE', #299, #1310, #8, .T. ) ;
#1520 = AXIS2_PLACEMENT_3D ( 'NONE', #3529, #3510, #3856 ) ;
#1521 = CARTESIAN_POINT ( 'NONE',  ( 1.983193333970194594, 1.874868542113079961, -1.268746442757236137 ) ) ;
#1522 = B_SPLINE_CURVE_WITH_KNOTS ( 'NONE', 3,
 ( #3950, #1407, #2725, #693 ),
 .UNSPECIFIED., .F., .F.,
 ( 4, 4 ),
 ( 0.000000000000000000, 1.000000000000000000 ),
 .UNSPECIFIED. ) ;
#1523 =( LENGTH_UNIT ( ) NAMED_UNIT ( * ) SI_UNIT ( .MILLI., .METRE. ) );
#1524 = CARTESIAN_POINT ( 'NONE',  ( -2.149999999999999911, 1.149999999999999911, -1.221581069830731892 ) ) ;
#1525 = CARTESIAN_POINT ( 'NONE',  ( 2.249923000245584781, 0.000000000000000000, 0.6499999999999770406 ) ) ;
#1526 = MECHANICAL_DESIGN_GEOMETRIC_PRESENTATION_REPRESENTATION (  '', ( #2498 ), #223 ) ;
#1527 = EDGE_CURVE ( 'NONE', #3281, #2891, #283, .T. ) ;
#1528 = CARTESIAN_POINT ( 'NONE',  ( 2.449961500122754821, 0.4000000000000000222, 1.899999999999975042 ) ) ;
#1529 = CARTESIAN_POINT ( 'NONE',  ( 1.818415321424794895, 1.149999999999999911, -1.631054046553790160 ) ) ;
#1530 = COLOUR_RGB ( '',0.5254901960784313930, 0.5254901960784313930, 0.5254901960784313930 ) ;
#1531 =( LENGTH_UNIT ( ) NAMED_UNIT ( * ) SI_UNIT ( .MILLI., .METRE. ) );
#1532 = VERTEX_POINT ( 'NONE', #2359 ) ;
#1533 = VECTOR ( 'NONE', #2401, 1000.000000000000000 ) ;
#1534 =( LENGTH_UNIT ( ) NAMED_UNIT ( * ) SI_UNIT ( .MILLI., .METRE. ) );
#1535 = AXIS2_PLACEMENT_3D ( 'NONE', #4019, #2713, #4000 ) ;
#1536 = CARTESIAN_POINT ( 'NONE',  ( 1.244811968303503935, 3.350000000000000089, 2.339395196302209712 ) ) ;
#1537 = FILL_AREA_STYLE_COLOUR ( '', #759 ) ;
#1538 =( LENGTH_UNIT ( ) NAMED_UNIT ( * ) SI_UNIT ( .MILLI., .METRE. ) );
#1539 = ORIENTED_EDGE ( 'NONE', *, *, #818, .T. ) ;
#1540 = SURFACE_SIDE_STYLE ('',( #191 ) ) ;
#1541 = SURFACE_STYLE_FILL_AREA ( #938 ) ;
#1542 = CARTESIAN_POINT ( 'NONE',  ( -1.155245964274456139, 3.350000000000000089, 2.449999999999960210 ) ) ;
#1543 = ADVANCED_FACE ( 'NONE', ( #3660 ), #1191, .T. ) ;
#1544 = CARTESIAN_POINT ( 'NONE',  ( -1.818415321424814879, 3.350000000000000089, -1.631054046553830128 ) ) ;
#1545 =( LENGTH_UNIT ( ) NAMED_UNIT ( * ) SI_UNIT ( .MILLI., .METRE. ) );
#1546 = CARTESIAN_POINT ( 'NONE',  ( -2.450038499877214893, 0.4000000000000000222, 0.6499999999999659384 ) ) ;
#1547 =( LENGTH_UNIT ( ) NAMED_UNIT ( * ) SI_UNIT ( .MILLI., .METRE. ) );
#1548 = FILL_AREA_STYLE_COLOUR ( '', #3179 ) ;
#1549 = EDGE_CURVE ( 'NONE', #1498, #1068, #77, .T. ) ;
#1550 = ORIENTED_EDGE ( 'NONE', *, *, #3583, .T. ) ;
#1551 = PLANE ( 'NONE',  #1035 ) ;
#1552 = DIRECTION ( 'NONE',  ( 1.000000000000000000, 0.000000000000000000, 0.000000000000000000 ) ) ;
#1553 = ORIENTED_EDGE ( 'NONE', *, *, #3643, .F. ) ;
#1554 = LINE ( 'NONE', #2878, #2539 ) ;
#1555 = STYLED_ITEM ( 'NONE', ( #3575 ), #3833 ) ;
#1556 = CARTESIAN_POINT ( 'NONE',  ( 0.000000000000000000, 0.000000000000000000, 0.000000000000000000 ) ) ;
#1557 = AXIS2_PLACEMENT_3D ( 'NONE', #3255, #1282, #1643 ) ;
#1558 = ORIENTED_EDGE ( 'NONE', *, *, #3750, .F. ) ;
#1559 = CARTESIAN_POINT ( 'NONE',  ( 1.012053594015146052, 1.150001903920109925, 2.450001782076590473 ) ) ;
#1560 = AXIS2_PLACEMENT_3D ( 'NONE', #1556, #3816, #1197 ) ;
#1561 = CARTESIAN_POINT ( 'NONE',  ( 1.949494243490428991, 2.616695482987546395, 1.257329793179810862 ) ) ;
#1562 = FACE_OUTER_BOUND ( 'NONE', #201, .T. ) ;
#1563 = PRESENTATION_STYLE_ASSIGNMENT (( #2549 ) ) ;
#1564 = FILL_AREA_STYLE ('',( #3515 ) ) ;
#1565 = ORIENTED_EDGE ( 'NONE', *, *, #2901, .F. ) ;
#1566 = DIRECTION ( 'NONE',  ( 0.7771459614569675711, 0.000000000000000000, -0.6293203910498417208 ) ) ;
#1567 = DIRECTION ( 'NONE',  ( -7.339214706055721837E-15, 0.000000000000000000, 1.000000000000000000 ) ) ;
#1568 = EDGE_LOOP ( 'NONE', ( #3336, #3107, #1558, #146 ) ) ;
#1569 = EDGE_CURVE ( 'NONE', #2067, #1710, #278, .T. ) ;
#1570 = FACE_OUTER_BOUND ( 'NONE', #2666, .T. ) ;
#1571 = CARTESIAN_POINT ( 'NONE',  ( -2.150038499877195086, 1.149999999999999911, -1.600000000000034950 ) ) ;
#1572 =( LENGTH_UNIT ( ) NAMED_UNIT ( * ) SI_UNIT ( .MILLI., .METRE. ) );
#1573 =( NAMED_UNIT ( * ) PLANE_ANGLE_UNIT ( ) SI_UNIT ( $, .RADIAN. ) );
#1574 = ORIENTED_EDGE ( 'NONE', *, *, #736, .T. ) ;
#1575 = FILL_AREA_STYLE_COLOUR ( '', #2844 ) ;
#1576 = SURFACE_SIDE_STYLE ('',( #4194 ) ) ;
#1577 = FILL_AREA_STYLE_COLOUR ( '', #351 ) ;
#1578 = AXIS2_PLACEMENT_3D ( 'NONE', #3500, #561, #4163 ) ;
#1579 = DIRECTION ( 'NONE',  ( 0.000000000000000000, -1.000000000000000000, 0.000000000000000000 ) ) ;
#1580 = CARTESIAN_POINT ( 'NONE',  ( -2.249980357254909968, 0.4000000000000000222, 1.899996856239225096 ) ) ;
#1581 = VECTOR ( 'NONE', #887, 1000.000000000000000 ) ;
#1582 = ORIENTED_EDGE ( 'NONE', *, *, #2742, .T. ) ;
#1583 = DIRECTION ( 'NONE',  ( 0.000000000000000000, 1.000000000000000000, 0.000000000000000000 ) ) ;
#1584 = CARTESIAN_POINT ( 'NONE',  ( 2.249923000245584781, 0.000000000000000000, -1.900000000000034994 ) ) ;
#1585 = MECHANICAL_DESIGN_GEOMETRIC_PRESENTATION_REPRESENTATION (  '', ( #3503 ), #3363 ) ;
#1586 = ORIENTED_EDGE ( 'NONE', *, *, #1084, .F. ) ;
#1587 = PRESENTATION_LAYER_ASSIGNMENT (  '', '', ( #1462 ) ) ;
#1588 = SURFACE_STYLE_FILL_AREA ( #4149 ) ;
#1589 = CARTESIAN_POINT ( 'NONE',  ( 1.243840466612573969, 3.349951351268909860, -2.340580846088940348 ) ) ;
#1590 = CARTESIAN_POINT ( 'NONE',  ( -2.083143788437119781, 3.350000000000000089, 1.304141615386449793 ) ) ;
#1591 = ADVANCED_FACE ( 'NONE', ( #123 ), #450, .F. ) ;
#1592 = PRESENTATION_LAYER_ASSIGNMENT (  '', '', ( #3439 ) ) ;
#1593 =( GEOMETRIC_REPRESENTATION_CONTEXT ( 3 ) GLOBAL_UNCERTAINTY_ASSIGNED_CONTEXT ( ( #957 ) ) GLOBAL_UNIT_ASSIGNED_CONTEXT ( ( #4146, #2596, #3842 ) ) REPRESENTATION_CONTEXT ( 'NONE', 'WORKASPACE' ) );
#1594 =( GEOMETRIC_REPRESENTATION_CONTEXT ( 3 ) GLOBAL_UNCERTAINTY_ASSIGNED_CONTEXT ( ( #3566 ) ) GLOBAL_UNIT_ASSIGNED_CONTEXT ( ( #3986, #2035, #1078 ) ) REPRESENTATION_CONTEXT ( 'NONE', 'WORKASPACE' ) );
#1595 = CARTESIAN_POINT ( 'NONE',  ( 2.083860830598895042, 3.349991040012330057, 1.303253553380606000 ) ) ;
#1596 = ADVANCED_FACE ( 'NONE', ( #1562 ), #2223, .T. ) ;
#1597 = ORIENTED_EDGE ( 'NONE', *, *, #995, .F. ) ;
#1598 = CARTESIAN_POINT ( 'NONE',  ( -1.123447595427914170, 1.516666666666665053, 2.383333333333295112 ) ) ;
#1599 = CARTESIAN_POINT ( 'NONE',  ( 2.249903357500499634, 0.000000000000000000, 1.899996856239225096 ) ) ;
#1600 = PRESENTATION_STYLE_ASSIGNMENT (( #2988 ) ) ;
#1601 = LINE ( 'NONE', #316, #75 ) ;
#1602 = LINE ( 'NONE', #2247, #779 ) ;
#1603 = CARTESIAN_POINT ( 'NONE',  ( -2.083333333333340143, 1.516666666666665053, -1.197973164995326023 ) ) ;
#1604 = DIRECTION ( 'NONE',  ( 0.000000000000000000, -1.000000000000000000, 0.000000000000000000 ) ) ;
#1605 = ORIENTED_EDGE ( 'NONE', *, *, #212, .F. ) ;
#1606 = CARTESIAN_POINT ( 'NONE',  ( 2.450061500122765246, 0.5000000000000000000, 0.6499999999999770406 ) ) ;
#1607 = SURFACE_STYLE_FILL_AREA ( #1676 ) ;
#1608 = ORIENTED_EDGE ( 'NONE', *, *, #6, .T. ) ;
#1609 =( LENGTH_UNIT ( ) NAMED_UNIT ( * ) SI_UNIT ( .MILLI., .METRE. ) );
#1610 = DIRECTION ( 'NONE',  ( 0.000000000000000000, 0.000000000000000000, -1.000000000000000000 ) ) ;
#1611 =( NAMED_UNIT ( * ) SI_UNIT ( $, .STERADIAN. ) SOLID_ANGLE_UNIT ( ) );
#1612 = VECTOR ( 'NONE', #513, 1000.000000000000000 ) ;
#1613 = CARTESIAN_POINT ( 'NONE',  ( -2.151886406476669400, 1.139624764378500243, 1.222249081399425341 ) ) ;
#1614 = PRESENTATION_LAYER_ASSIGNMENT (  '', '', ( #1273 ) ) ;
#1615 = EDGE_CURVE ( 'NONE', #2172, #1413, #900, .T. ) ;
#1616 = DIRECTION ( 'NONE',  ( 0.000000000000000000, 1.000000000000000000, 0.000000000000000000 ) ) ;
#1617 = VECTOR ( 'NONE', #2123, 1000.000000000000114 ) ;
#1618 = ORIENTED_EDGE ( 'NONE', *, *, #893, .F. ) ;
#1619 = CARTESIAN_POINT ( 'NONE',  ( -0.3744825318093299438, 2.983333333333334725, 2.383333333333295112 ) ) ;
#1620 = ADVANCED_FACE ( 'NONE', ( #2847 ), #2884, .F. ) ;
#1621 = STYLED_ITEM ( 'NONE', ( #1009 ), #3812 ) ;
#1622 = FACE_OUTER_BOUND ( 'NONE', #3980, .T. ) ;
#1623 = DIRECTION ( 'NONE',  ( 0.000000000000000000, 0.000000000000000000, -1.000000000000000000 ) ) ;
#1624 = CARTESIAN_POINT ( 'NONE',  ( -2.084222185140010009, 1.149999999999999911, 1.302809906364434056 ) ) ;
#1625 = FILL_AREA_STYLE_COLOUR ( '', #1051 ) ;
#1626 = ORIENTED_EDGE ( 'NONE', *, *, #471, .F. ) ;
#1627 = MECHANICAL_DESIGN_GEOMETRIC_PRESENTATION_REPRESENTATION (  '', ( #669 ), #2743 ) ;
#1628 = CARTESIAN_POINT ( 'NONE',  ( -2.084222185139990025, 1.149999999999999911, -1.302809906364458037 ) ) ;
#1629 = CARTESIAN_POINT ( 'NONE',  ( -2.083333333333345028, 2.983333333333334725, -1.197973164995326023 ) ) ;
#1630 = ORIENTED_EDGE ( 'NONE', *, *, #2436, .T. ) ;
#1631 = COLOUR_RGB ( '',0.5254901960784313930, 0.5254901960784313930, 0.5254901960784313930 ) ;
#1632 = CARTESIAN_POINT ( 'NONE',  ( 2.249923000245584781, 0.000000000000000000, 0.6499999999999770406 ) ) ;
#1633 = CARTESIAN_POINT ( 'NONE',  ( 2.084222185139984695, 1.149999999999999911, -1.302809906364402082 ) ) ;
#1634 = CARTESIAN_POINT ( 'NONE',  ( 2.149999999999999911, 3.350000000000000089, 1.115345498071467878 ) ) ;
#1635 = CARTESIAN_POINT ( 'NONE',  ( -0.9478553803227695029, 1.883416943742844296, -2.316651464774073688 ) ) ;
#1636 = CARTESIAN_POINT ( 'NONE',  ( 2.450061500122770131, 0.000000000000000000, -0.6500000000000230038 ) ) ;
#1637 =( NAMED_UNIT ( * ) PLANE_ANGLE_UNIT ( ) SI_UNIT ( $, .RADIAN. ) );
#1638 = FILL_AREA_STYLE_COLOUR ( '', #605 ) ;
#1639 = ORIENTED_EDGE ( 'NONE', *, *, #3897, .T. ) ;
#1640 = UNCERTAINTY_MEASURE_WITH_UNIT (LENGTH_MEASURE( 1.000000000000000082E-05 ), #2562, 'distance_accuracy_value', 'NONE');
#1641 = CARTESIAN_POINT ( 'NONE',  ( 1.123447595427838230, 2.983333333333334725, 2.383333333333295112 ) ) ;
#1642 =( LENGTH_UNIT ( ) NAMED_UNIT ( * ) SI_UNIT ( .MILLI., .METRE. ) );
#1643 = DIRECTION ( 'NONE',  ( 0.000000000000000000, 0.000000000000000000, -1.000000000000000000 ) ) ;
#1644 = FACE_OUTER_BOUND ( 'NONE', #3835, .T. ) ;
#1645 = FILL_AREA_STYLE ('',( #336 ) ) ;
#1646 = EDGE_CURVE ( 'NONE', #4027, #1048, #2566, .T. ) ;
#1647 = EDGE_LOOP ( 'NONE', ( #3311, #1027, #5, #3394 ) ) ;
#1648 = SURFACE_STYLE_FILL_AREA ( #3278 ) ;
#1649 = DIRECTION ( 'NONE',  ( -1.207054522205896064E-14, 0.000000000000000000, 1.000000000000000000 ) ) ;
#1650 = ORIENTED_EDGE ( 'NONE', *, *, #1808, .T. ) ;
#1651 = CARTESIAN_POINT ( 'NONE',  ( -2.149999999999999911, 3.350000000000000089, -0.4071936899435870116 ) ) ;
#1652 = ORIENTED_EDGE ( 'NONE', *, *, #518, .F. ) ;
#1653 = ADVANCED_FACE ( 'NONE', ( #4172 ), #1238, .T. ) ;
#1654 = STYLED_ITEM ( 'NONE', ( #3969 ), #1079 ) ;
#1655 = FILL_AREA_STYLE_COLOUR ( '', #67 ) ;
#1656 = STYLED_ITEM ( 'NONE', ( #1484 ), #1591 ) ;
#1657 = CARTESIAN_POINT ( 'NONE',  ( 1.155669326224621374, 3.354881782327906681, -2.450887596786909928 ) ) ;
#1658 = CARTESIAN_POINT ( 'NONE',  ( 2.149999999999999911, 1.149999999999999911, 1.117059087394529859 ) ) ;
#1659 = STYLED_ITEM ( 'NONE', ( #3475 ), #92 ) ;
#1660 =( GEOMETRIC_REPRESENTATION_CONTEXT ( 3 ) GLOBAL_UNCERTAINTY_ASSIGNED_CONTEXT ( ( #1138 ) ) GLOBAL_UNIT_ASSIGNED_CONTEXT ( ( #3703, #1392, #136 ) ) REPRESENTATION_CONTEXT ( 'NONE', 'WORKASPACE' ) );
#1661 = COLOUR_RGB ( '',0.7921568627450980005, 0.8196078431372548767, 0.9333333333333333481 ) ;
#1662 = CARTESIAN_POINT ( 'NONE',  ( 1.197557327333043764, 2.623790919068169636, 2.238703087984029949 ) ) ;
#1663 = STYLED_ITEM ( 'NONE', ( #1863 ), #206 ) ;
#1664 = VECTOR ( 'NONE', #1278, 1000.000000000000000 ) ;
#1665 = SURFACE_STYLE_FILL_AREA ( #378 ) ;
#1666 = B_SPLINE_CURVE_WITH_KNOTS ( 'NONE', 3,
 ( #1270, #4094, #2916, #2579 ),
 .UNSPECIFIED., .F., .F.,
 ( 4, 4 ),
 ( 0.000000000000000000, 2.275775663302210137E-06 ),
 .UNSPECIFIED. ) ;
#1667 = EDGE_LOOP ( 'NONE', ( #2762, #1984, #3960, #3574 ) ) ;
#1668 = CARTESIAN_POINT ( 'NONE',  ( 2.249923000245584781, 0.4000000000000000222, -0.6500000000000339950 ) ) ;
#1669 =( GEOMETRIC_REPRESENTATION_CONTEXT ( 3 ) GLOBAL_UNCERTAINTY_ASSIGNED_CONTEXT ( ( #3872 ) ) GLOBAL_UNIT_ASSIGNED_CONTEXT ( ( #2572, #713, #732 ) ) REPRESENTATION_CONTEXT ( 'NONE', 'WORKASPACE' ) );
#1670 = EDGE_LOOP ( 'NONE', ( #1269, #190, #2707, #2951, #3187, #3937 ) ) ;
#1671 = LINE ( 'NONE', #701, #2729 ) ;
#1672 = SURFACE_SIDE_STYLE ('',( #3234 ) ) ;
#1673 = CARTESIAN_POINT ( 'NONE',  ( -1.014456983850079874, 3.349951351268914745, 2.449991154971725038 ) ) ;
#1674 = DIRECTION ( 'NONE',  ( 0.000000000000000000, -1.000000000000000000, 0.000000000000000000 ) ) ;
#1675 = AXIS2_PLACEMENT_3D ( 'NONE', #1480, #2069, #1092 ) ;
#1676 = FILL_AREA_STYLE ('',( #2644 ) ) ;
#1677 = ORIENTED_EDGE ( 'NONE', *, *, #506, .F. ) ;
#1678 = PRESENTATION_STYLE_ASSIGNMENT (( #33 ) ) ;
#1679 = CARTESIAN_POINT ( 'NONE',  ( 2.449961500122754821, 0.4000000000000000222, 1.899999999999975042 ) ) ;
#1680 =( NAMED_UNIT ( * ) SI_UNIT ( $, .STERADIAN. ) SOLID_ANGLE_UNIT ( ) );
#1681 = EDGE_CURVE ( 'NONE', #1393, #1249, #2614, .T. ) ;
#1682 = CARTESIAN_POINT ( 'NONE',  ( -2.083502919761479610, 3.350000000000000089, 1.303698125135176022 ) ) ;
#1683 = EDGE_CURVE ( 'NONE', #3549, #2563, #2925, .T. ) ;
#1684 = PRESENTATION_LAYER_ASSIGNMENT (  '', '', ( #246 ) ) ;
#1685 = SURFACE_SIDE_STYLE ('',( #3007 ) ) ;
#1686 = CARTESIAN_POINT ( 'NONE',  ( -1.012153304465010173, 3.350000000000000089, 2.449999999999960210 ) ) ;
#1687 = ORIENTED_EDGE ( 'NONE', *, *, #4141, .F. ) ;
#1688 = UNCERTAINTY_MEASURE_WITH_UNIT (LENGTH_MEASURE( 1.000000000000000082E-05 ), #3723, 'distance_accuracy_value', 'NONE');
#1689 = DIRECTION ( 'NONE',  ( 1.000000000000000000, 0.000000000000000000, 0.000000000000000000 ) ) ;
#1690 = ORIENTED_EDGE ( 'NONE', *, *, #1991, .F. ) ;
#1691 = FILL_AREA_STYLE ('',( #381 ) ) ;
#1692 = CARTESIAN_POINT ( 'NONE',  ( 2.126038094009774948, 3.347872755796914124, -1.250556988034230432 ) ) ;
#1693 =( GEOMETRIC_REPRESENTATION_CONTEXT ( 3 ) GLOBAL_UNCERTAINTY_ASSIGNED_CONTEXT ( ( #3070 ) ) GLOBAL_UNIT_ASSIGNED_CONTEXT ( ( #2040, #3968, #3282 ) ) REPRESENTATION_CONTEXT ( 'NONE', 'WORKASPACE' ) );
#1694 = FACE_OUTER_BOUND ( 'NONE', #72, .T. ) ;
#1695 = CARTESIAN_POINT ( 'NONE',  ( -1.155933141859255775, 1.142076162282333662, 2.451440697766806398 ) ) ;
#1696 = ORIENTED_EDGE ( 'NONE', *, *, #1309, .T. ) ;
#1697 = PRESENTATION_STYLE_ASSIGNMENT (( #4023 ) ) ;
#1698 = STYLED_ITEM ( 'NONE', ( #515 ), #3662 ) ;
#1699 =( LENGTH_UNIT ( ) NAMED_UNIT ( * ) SI_UNIT ( .MILLI., .METRE. ) );
#1700 = CARTESIAN_POINT ( 'NONE',  ( -1.598027428577079911, 0.4000000000000000222, -1.900011953121109931 ) ) ;
#1701 = ORIENTED_EDGE ( 'NONE', *, *, #46, .F. ) ;
#1702 = CARTESIAN_POINT ( 'NONE',  ( -2.149999999999999911, 3.350000000000000089, -1.221581069830731892 ) ) ;
#1703 = ORIENTED_EDGE ( 'NONE', *, *, #1257, .T. ) ;
#1704 = CARTESIAN_POINT ( 'NONE',  ( -2.151592397130254852, 3.358758184216373621, -1.222144967229400248 ) ) ;
#1705 = DIRECTION ( 'NONE',  ( 0.000000000000000000, 1.000000000000000000, 0.000000000000000000 ) ) ;
#1706 = CARTESIAN_POINT ( 'NONE',  ( 1.213393152532995956, 1.501134870402889954, -2.276747142178249916 ) ) ;
#1707 = DIRECTION ( 'NONE',  ( 0.000000000000000000, -1.000000000000000000, 0.000000000000000000 ) ) ;
#1708 = EDGE_CURVE ( 'NONE', #1504, #170, #2686, .T. ) ;
#1709 = DIRECTION ( 'NONE',  ( 0.000000000000000000, -1.000000000000000000, 0.000000000000000000 ) ) ;
#1710 = VERTEX_POINT ( 'NONE', #1673 ) ;
#1711 = DIRECTION ( 'NONE',  ( 1.136051315017354063E-14, 0.000000000000000000, -1.000000000000000000 ) ) ;
#1712 = ADVANCED_FACE ( 'NONE', ( #4220 ), #3978, .F. ) ;
#1713 = ORIENTED_EDGE ( 'NONE', *, *, #2121, .F. ) ;
#1714 = CARTESIAN_POINT ( 'NONE',  ( 2.016679283901893438, 2.616718155995990003, -1.067618261437565774 ) ) ;
#1715 = CARTESIAN_POINT ( 'NONE',  ( -1.107505822232596193, 2.619575360471147363, 2.349910710779687939 ) ) ;
#1716 = EDGE_LOOP ( 'NONE', ( #4189, #1739, #2315, #406 ) ) ;
#1717 = DIRECTION ( 'NONE',  ( 1.000000000000000000, 0.000000000000000000, 1.207054522205896064E-14 ) ) ;
#1718 = CARTESIAN_POINT ( 'NONE',  ( -2.450138499877210219, 0.000000000000000000, -1.798211182389504914E-14 ) ) ;
#1719 = APPLICATION_CONTEXT ( 'automotive_design' ) ;
#1720 = CARTESIAN_POINT ( 'NONE',  ( 2.149999999999999911, 1.149999999999999911, -1.221581069830675936 ) ) ;
#1721 = VERTEX_POINT ( 'NONE', #1624 ) ;
#1722 = STYLED_ITEM ( 'NONE', ( #564 ), #654 ) ;
#1723 = CARTESIAN_POINT ( 'NONE',  ( -2.016666666666704799, 2.250000000000000000, 1.174365260159929925 ) ) ;
#1724 = CARTESIAN_POINT ( 'NONE',  ( -2.049951707797986522, 2.621226726878047142, -1.186152111412367205 ) ) ;
#1725 = DIRECTION ( 'NONE',  ( 1.000000000000000000, 0.000000000000000000, 0.000000000000000000 ) ) ;
#1726 = CARTESIAN_POINT ( 'NONE',  ( 2.450061500122765246, 0.5000000000000000000, 0.6499999999999770406 ) ) ;
#1727 = LINE ( 'NONE', #497, #2648 ) ;
#1728 =( LENGTH_UNIT ( ) NAMED_UNIT ( * ) SI_UNIT ( .MILLI., .METRE. ) );
#1729 = EDGE_CURVE ( 'NONE', #474, #370, #1601, .T. ) ;
#1730 = ORIENTED_EDGE ( 'NONE', *, *, #1163, .T. ) ;
#1731 = UNCERTAINTY_MEASURE_WITH_UNIT (LENGTH_MEASURE( 1.000000000000000082E-05 ), #2613, 'distance_accuracy_value', 'NONE');
#1732 = AXIS2_PLACEMENT_3D ( 'NONE', #2354, #1091, #3999 ) ;
#1733 = DIRECTION ( 'NONE',  ( -0.6293203910498366138, 0.000000000000000000, 0.7771459614569714569 ) ) ;
#1734 = STYLED_ITEM ( 'NONE', ( #2519 ), #2090 ) ;
#1735 = DIRECTION ( 'NONE',  ( 7.339214706055721837E-15, 0.000000000000000000, -1.000000000000000000 ) ) ;
#1736 = ADVANCED_FACE ( 'NONE', ( #1694 ), #25, .F. ) ;
#1737 = PRESENTATION_STYLE_ASSIGNMENT (( #467 ) ) ;
#1738 = SURFACE_STYLE_USAGE ( .BOTH. , #2461 ) ;
#1739 = ORIENTED_EDGE ( 'NONE', *, *, #652, .T. ) ;
#1740 = SURFACE_STYLE_FILL_AREA ( #2397 ) ;
#1741 = DIRECTION ( 'NONE',  ( 0.6293203910498421649, 0.000000000000000000, 0.7771459614569671270 ) ) ;
#1742 = AXIS2_PLACEMENT_3D ( 'NONE', #1580, #941, #1604 ) ;
#1743 = PRESENTATION_LAYER_ASSIGNMENT (  '', '', ( #642 ) ) ;
#1744 = CARTESIAN_POINT ( 'NONE',  ( -1.245549235766929996, 1.130343402300491906, -2.344163772794375156 ) ) ;
#1745 = CARTESIAN_POINT ( 'NONE',  ( 2.450061500122770131, 0.5000000000000000000, -0.6500000000000230038 ) ) ;
#1746 = ORIENTED_EDGE ( 'NONE', *, *, #3224, .F. ) ;
#1747 = MECHANICAL_DESIGN_GEOMETRIC_PRESENTATION_REPRESENTATION (  '', ( #1195 ), #2631 ) ;
#1748 = FILL_AREA_STYLE ('',( #2362 ) ) ;
#1749 = DIRECTION ( 'NONE',  ( -1.207054522205896064E-14, 0.000000000000000000, 1.000000000000000000 ) ) ;
#1750 = DIRECTION ( 'NONE',  ( 0.000000000000000000, -1.000000000000000000, 0.000000000000000000 ) ) ;
#1751 = SURFACE_STYLE_USAGE ( .BOTH. , #438 ) ;
#1752 = PRODUCT_RELATED_PRODUCT_CATEGORY ( 'part', '', ( #3209 ) ) ;
#1753 = ORIENTED_EDGE ( 'NONE', *, *, #965, .F. ) ;
#1754 = DIRECTION ( 'NONE',  ( 0.000000000000000000, 1.000000000000000000, 0.000000000000000000 ) ) ;
#1755 = SURFACE_STYLE_FILL_AREA ( #1160 ) ;
#1756 = ORIENTED_EDGE ( 'NONE', *, *, #3349, .T. ) ;
#1757 = CARTESIAN_POINT ( 'NONE',  ( 1.486830642849592099, 1.149999999999999911, 2.040527023276864860 ) ) ;
#1758 = CARTESIAN_POINT ( 'NONE',  ( 2.083860830600305025, 3.349991040012290089, -1.303253553378890039 ) ) ;
#1759 = ADVANCED_FACE ( 'NONE', ( #2712 ), #2376, .F. ) ;
#1760 = CARTESIAN_POINT ( 'NONE',  ( -1.188269639010867795, 3.346256716241077900, 2.408137726066470918 ) ) ;
#1761 = VERTEX_POINT ( 'NONE', #2030 ) ;
#1762 = FACE_OUTER_BOUND ( 'NONE', #754, .T. ) ;
#1763 = CARTESIAN_POINT ( 'NONE',  ( -2.150038499877220399, 0.4000000000000000222, 1.899996856239225096 ) ) ;
#1764 = LINE ( 'NONE', #480, #3119 ) ;
#1765 = B_SPLINE_SURFACE_WITH_KNOTS ( 'NONE', 3, 3, ( 
 ( #2207, #4202, #4178, #1246, #2829 ),
 ( #2555, #579, #219, #538, #4158 ),
 ( #2189, #1848, #3555, #1886, #1529 ),
 ( #2871, #2854, #2169, #3203, #1207 ) ),
 .UNSPECIFIED., .F., .F., .F.,
 ( 4, 4 ),
 ( 4, 1, 4 ),
 ( 0.000000000000000000, 1.000000000000000000 ),
 ( 0.000000000000000000, 0.5000000000000000000, 1.000000000000000000 ),
 .UNSPECIFIED. ) ;
#1766 = VECTOR ( 'NONE', #2375, 1000.000000000000000 ) ;
#1767 =( NAMED_UNIT ( * ) SI_UNIT ( $, .STERADIAN. ) SOLID_ANGLE_UNIT ( ) );
#1768 = VECTOR ( 'NONE', #2634, 1000.000000000000000 ) ;
#1769 = CARTESIAN_POINT ( 'NONE',  ( -1.050000000000000044, 0.4000000000000000222, -1.900022000534904887 ) ) ;
#1770 = UNCERTAINTY_MEASURE_WITH_UNIT (LENGTH_MEASURE( 1.000000000000000082E-05 ), #2014, 'distance_accuracy_value', 'NONE');
#1771 = ORIENTED_EDGE ( 'NONE', *, *, #3583, .F. ) ;
#1772 = CARTESIAN_POINT ( 'NONE',  ( -2.250000000000000000, 0.4000000000000000222, 0.6499999999999770406 ) ) ;
#1773 = EDGE_LOOP ( 'NONE', ( #662, #977, #3929, #3330, #1730, #3957 ) ) ;
#1774 = DIRECTION ( 'NONE',  ( 0.000000000000000000, 0.000000000000000000, 1.000000000000000000 ) ) ;
#1775 = CARTESIAN_POINT ( 'NONE',  ( -2.150000000000034994, 3.350000000000000089, 1.115345498071492081 ) ) ;
#1776 = CARTESIAN_POINT ( 'NONE',  ( -2.450138499877204890, 0.5000000000000000000, -0.6500000000000339950 ) ) ;
#1777 = VERTEX_POINT ( 'NONE', #813 ) ;
#1778 = UNCERTAINTY_MEASURE_WITH_UNIT (LENGTH_MEASURE( 1.000000000000000082E-05 ), #2751, 'distance_accuracy_value', 'NONE');
#1779 = CARTESIAN_POINT ( 'NONE',  ( 1.399988373276400022, 2.250000000000000000, 1.935899531164375187 ) ) ;
#1780 = SURFACE_STYLE_FILL_AREA ( #74 ) ;
#1781 = FACE_OUTER_BOUND ( 'NONE', #1444, .T. ) ;
#1782 = CARTESIAN_POINT ( 'NONE',  ( 2.083333333333315274, 2.983333333333334725, 1.197973164995270068 ) ) ;
#1783 = ORIENTED_EDGE ( 'NONE', *, *, #1569, .F. ) ;
#1784 =( NAMED_UNIT ( * ) SI_UNIT ( $, .STERADIAN. ) SOLID_ANGLE_UNIT ( ) );
#1785 = EDGE_CURVE ( 'NONE', #2683, #2560, #2049, .T. ) ;
#1786 = SURFACE_SIDE_STYLE ('',( #1377 ) ) ;
#1787 = CARTESIAN_POINT ( 'NONE',  ( -2.084217250076770167, 3.349973139425544755, 1.302808240413782181 ) ) ;
#1788 = LINE ( 'NONE', #109, #4249 ) ;
#1789 = PLANE ( 'NONE',  #226 ) ;
#1790 = EDGE_CURVE ( 'NONE', #2160, #3259, #422, .T. ) ;
#1791 = AXIS2_PLACEMENT_3D ( 'NONE', #543, #894, #2194 ) ;
#1792 = CYLINDRICAL_SURFACE ( 'NONE', #1213, 0.2999999999999999334 ) ;
#1793 =( NAMED_UNIT ( * ) SI_UNIT ( $, .STERADIAN. ) SOLID_ANGLE_UNIT ( ) );
#1794 = SURFACE_STYLE_USAGE ( .BOTH. , #3502 ) ;
#1795 = ORIENTED_EDGE ( 'NONE', *, *, #3005, .F. ) ;
#1796 = SURFACE_STYLE_USAGE ( .BOTH. , #485 ) ;
#1797 = COLOUR_RGB ( '',0.000000000000000000, 0.000000000000000000, 0.000000000000000000 ) ;
#1798 = FACE_OUTER_BOUND ( 'NONE', #1667, .T. ) ;
#1799 = ORIENTED_EDGE ( 'NONE', *, *, #1549, .T. ) ;
#1800 = CARTESIAN_POINT ( 'NONE',  ( 1.763371420698155001, 1.516666666666665053, 1.593093221107944935 ) ) ;
#1801 = CARTESIAN_POINT ( 'NONE',  ( -2.083143788437099797, 3.350000000000000089, -1.304141615386471997 ) ) ;
#1802 = PRESENTATION_LAYER_ASSIGNMENT (  '', '', ( #751 ) ) ;
#1803 = LINE ( 'NONE', #76, #192 ) ;
#1804 = FILL_AREA_STYLE_COLOUR ( '', #1797 ) ;
#1805 = ORIENTED_EDGE ( 'NONE', *, *, #3925, .T. ) ;
#1806 = PRESENTATION_LAYER_ASSIGNMENT (  '', '', ( #2144 ) ) ;
#1807 =( NAMED_UNIT ( * ) SI_UNIT ( $, .STERADIAN. ) SOLID_ANGLE_UNIT ( ) );
#1808 = EDGE_CURVE ( 'NONE', #4080, #1143, #1250, .T. ) ;
#1809 = CARTESIAN_POINT ( 'NONE',  ( -2.250000000000000000, 0.000000000000000000, 0.6499999999999770406 ) ) ;
#1810 = CARTESIAN_POINT ( 'NONE',  ( -1.050000000000000044, 0.000000000000000000, -1.900022000534904887 ) ) ;
#1811 = SURFACE_SIDE_STYLE ('',( #502 ) ) ;
#1812 = ORIENTED_EDGE ( 'NONE', *, *, #2436, .F. ) ;
#1813 = EDGE_CURVE ( 'NONE', #1873, #399, #3054, .T. ) ;
#1814 = SURFACE_STYLE_FILL_AREA ( #3435 ) ;
#1815 = CARTESIAN_POINT ( 'NONE',  ( -1.243346907793722034, 1.150045509154542067, 2.339656603485180231 ) ) ;
#1816 =( LENGTH_UNIT ( ) NAMED_UNIT ( * ) SI_UNIT ( .MILLI., .METRE. ) );
#1817 = CARTESIAN_POINT ( 'NONE',  ( 0.000000000000000000, 0.000000000000000000, 0.000000000000000000 ) ) ;
#1818 = FILL_AREA_STYLE ('',( #1839 ) ) ;
#1819 = ORIENTED_EDGE ( 'NONE', *, *, #3925, .F. ) ;
#1820 = UNCERTAINTY_MEASURE_WITH_UNIT (LENGTH_MEASURE( 1.000000000000000082E-05 ), #2164, 'distance_accuracy_value', 'NONE');
#1821 = CARTESIAN_POINT ( 'NONE',  ( -1.016166077596979855, 1.130343402300481914, -2.453573926854474951 ) ) ;
#1822 = STYLED_ITEM ( 'NONE', ( #256 ), #2999 ) ;
#1823 = DIRECTION ( 'NONE',  ( 1.000000000000000000, 0.000000000000000000, 0.000000000000000000 ) ) ;
#1824 = CARTESIAN_POINT ( 'NONE',  ( -2.149999999999999911, 1.149999999999999911, -1.221581069830731892 ) ) ;
#1825 = VERTEX_POINT ( 'NONE', #1775 ) ;
#1826 = VECTOR ( 'NONE', #3290, 1000.000000000000000 ) ;
#1827 = DIRECTION ( 'NONE',  ( 0.000000000000000000, 1.000000000000000000, 0.000000000000000000 ) ) ;
#1828 = CARTESIAN_POINT ( 'NONE',  ( 1.597960108269149915, 1.149999999999999911, -1.900000000000034994 ) ) ;
#1829 = VECTOR ( 'NONE', #2427, 1000.000000000000000 ) ;
#1830 = ORIENTED_EDGE ( 'NONE', *, *, #3901, .F. ) ;
#1831 = CARTESIAN_POINT ( 'NONE',  ( -2.150038499877220399, 0.4000000000000000222, 1.899996856239225096 ) ) ;
#1832 = CARTESIAN_POINT ( 'NONE',  ( 2.019984999599450326, 1.503304520404600053, 1.280062325937088019 ) ) ;
#1833 = ADVANCED_FACE ( 'NONE', ( #95 ), #724, .F. ) ;
#1834 = PRESENTATION_LAYER_ASSIGNMENT (  '', '', ( #3677 ) ) ;
#1835 = PLANE ( 'NONE',  #1304 ) ;
#1836 = B_SPLINE_SURFACE_WITH_KNOTS ( 'NONE', 3, 3, ( 
 ( #3362, #2786, #2056, #4075, #3088 ),
 ( #1420, #3739, #4030, #56, #777 ),
 ( #126, #2077, #452, #2096, #3409 ),
 ( #476, #3106, #2448, #1242, #2550 ) ),
 .UNSPECIFIED., .F., .F., .F.,
 ( 4, 4 ),
 ( 4, 1, 4 ),
 ( 0.000000000000000000, 1.000000000000000000 ),
 ( 0.000000000000000000, 0.5000000000000000000, 1.000000000000000000 ),
 .UNSPECIFIED. ) ;
#1837 = COLOUR_RGB ( '',1.000000000000000000, 1.000000000000000000, 1.000000000000000000 ) ;
#1838 = SURFACE_STYLE_FILL_AREA ( #2158 ) ;
#1839 = FILL_AREA_STYLE_COLOUR ( '', #783 ) ;
#1840 = EDGE_CURVE ( 'NONE', #539, #2734, #4011, .T. ) ;
#1841 = ORIENTED_EDGE ( 'NONE', *, *, #2382, .F. ) ;
#1842 = CARTESIAN_POINT ( 'NONE',  ( -1.818415321424839970, 1.149999999999999911, 1.631054046553790160 ) ) ;
#1843 = SURFACE_SIDE_STYLE ('',( #2490 ) ) ;
#1844 =( LENGTH_UNIT ( ) NAMED_UNIT ( * ) SI_UNIT ( .MILLI., .METRE. ) );
#1845 = SURFACE_STYLE_USAGE ( .BOTH. , #195 ) ;
#1846 = CARTESIAN_POINT ( 'NONE',  ( -1.009563229956992103, 1.149999999999999911, -2.149999999999999911 ) ) ;
#1847 = PLANE ( 'NONE',  #1388 ) ;
#1848 = CARTESIAN_POINT ( 'NONE',  ( 1.763371420698164993, 2.983333333333334725, -1.593093221107965141 ) ) ;
#1849 = ORIENTED_EDGE ( 'NONE', *, *, #760, .T. ) ;
#1850 = PRESENTATION_STYLE_ASSIGNMENT (( #2858 ) ) ;
#1851 = FILL_AREA_STYLE_COLOUR ( '', #3560 ) ;
#1852 = DIRECTION ( 'NONE',  ( 1.000000000000000000, 0.000000000000000000, 0.000000000000000000 ) ) ;
#1853 = ADVANCED_FACE ( 'NONE', ( #3904 ), #3559, .T. ) ;
#1854 =( LENGTH_UNIT ( ) NAMED_UNIT ( * ) SI_UNIT ( .MILLI., .METRE. ) );
#1855 = ORIENTED_EDGE ( 'NONE', *, *, #578, .T. ) ;
#1856 = UNCERTAINTY_MEASURE_WITH_UNIT (LENGTH_MEASURE( 1.000000000000000082E-05 ), #2253, 'distance_accuracy_value', 'NONE');
#1857 = AXIS2_PLACEMENT_3D ( 'NONE', #3265, #3301, #1725 ) ;
#1858 = FILL_AREA_STYLE ('',( #3489 ) ) ;
#1859 = VECTOR ( 'NONE', #2997, 1000.000000000000000 ) ;
#1860 = EDGE_CURVE ( 'NONE', #2434, #2331, #1666, .T. ) ;
#1861 = CARTESIAN_POINT ( 'NONE',  ( 2.084664180606290884, 2.990652993343508648, -1.198444442737358839 ) ) ;
#1862 = PRESENTATION_STYLE_ASSIGNMENT (( #1845 ) ) ;
#1863 = PRESENTATION_STYLE_ASSIGNMENT (( #552 ) ) ;
#1864 = VECTOR ( 'NONE', #2307, 1000.000000000000114 ) ;
#1865 = COLOUR_RGB ( '',0.000000000000000000, 0.000000000000000000, 0.000000000000000000 ) ;
#1866 = CARTESIAN_POINT ( 'NONE',  ( -1.242707018394079821, 0.4000000000000000222, 2.338796117314939860 ) ) ;
#1867 =( GEOMETRIC_REPRESENTATION_CONTEXT ( 3 ) GLOBAL_UNCERTAINTY_ASSIGNED_CONTEXT ( ( #2463 ) ) GLOBAL_UNIT_ASSIGNED_CONTEXT ( ( #2342, #4247, #3667 ) ) REPRESENTATION_CONTEXT ( 'NONE', 'WORKASPACE' ) );
#1868 = CARTESIAN_POINT ( 'NONE',  ( 2.149999999999999911, 4.100000000000000533, -1.115345498071464103 ) ) ;
#1869 = ORIENTED_EDGE ( 'NONE', *, *, #3539, .T. ) ;
#1870 = PRESENTATION_STYLE_ASSIGNMENT (( #2602 ) ) ;
#1871 = STYLED_ITEM ( 'NONE', ( #249 ), #2620 ) ;
#1872 = SURFACE_STYLE_FILL_AREA ( #892 ) ;
#1873 = VERTEX_POINT ( 'NONE', #2938 ) ;
#1874 = LINE ( 'NONE', #3796, #3032 ) ;
#1875 =( REPRESENTATION_RELATIONSHIP ('NONE','NONE', #2453, #2575 ) REPRESENTATION_RELATIONSHIP_WITH_TRANSFORMATION ( #3563 )SHAPE_REPRESENTATION_RELATIONSHIP( ) );
#1876 = DIRECTION ( 'NONE',  ( 0.000000000000000000, -1.000000000000000000, 0.000000000000000000 ) ) ;
#1877 = PRESENTATION_STYLE_ASSIGNMENT (( #2860 ) ) ;
#1878 = ORIENTED_EDGE ( 'NONE', *, *, #1130, .T. ) ;
#1879 = DIRECTION ( 'NONE',  ( 0.000000000000000000, -1.000000000000000000, 0.000000000000000000 ) ) ;
#1880 = CARTESIAN_POINT ( 'NONE',  ( 2.049951099374224928, 2.623549144954015144, -1.079915465645854056 ) ) ;
#1881 =( NAMED_UNIT ( * ) SI_UNIT ( $, .STERADIAN. ) SOLID_ANGLE_UNIT ( ) );
#1882 =( LENGTH_UNIT ( ) NAMED_UNIT ( * ) SI_UNIT ( .MILLI., .METRE. ) );
#1883 = CARTESIAN_POINT ( 'NONE',  ( -1.050000000000000044, 0.4000000000000000222, 1.899996856239225096 ) ) ;
#1884 = EDGE_CURVE ( 'NONE', #1249, #20, #2135, .T. ) ;
#1885 =( GEOMETRIC_REPRESENTATION_CONTEXT ( 3 ) GLOBAL_UNCERTAINTY_ASSIGNED_CONTEXT ( ( #2457 ) ) GLOBAL_UNIT_ASSIGNED_CONTEXT ( ( #3545, #2605, #3889 ) ) REPRESENTATION_CONTEXT ( 'NONE', 'WORKASPACE' ) );
#1886 = CARTESIAN_POINT ( 'NONE',  ( 1.763371420698164993, 1.516666666666665053, -1.593093221107965141 ) ) ;
#1887 = FACE_OUTER_BOUND ( 'NONE', #341, .T. ) ;
#1888 = ORIENTED_EDGE ( 'NONE', *, *, #1360, .T. ) ;
#1889 = EDGE_CURVE ( 'NONE', #1068, #1516, #2603, .T. ) ;
#1890 = STYLED_ITEM ( 'NONE', ( #3811 ), #3294 ) ;
#1891 = STYLED_ITEM ( 'NONE', ( #1850 ), #3403 ) ;
#1892 = CARTESIAN_POINT ( 'NONE',  ( 2.149961500122754998, 0.4000000000000000222, 1.599996856239225052 ) ) ;
#1893 = CARTESIAN_POINT ( 'NONE',  ( -1.850000000000034950, 4.100000000000000533, 1.115345498071494079 ) ) ;
#1894 = PRESENTATION_LAYER_ASSIGNMENT (  '', '', ( #1621 ) ) ;
#1895 = DIRECTION ( 'NONE',  ( 0.000000000000000000, 0.000000000000000000, -1.000000000000000000 ) ) ;
#1896 =( GEOMETRIC_REPRESENTATION_CONTEXT ( 3 ) GLOBAL_UNCERTAINTY_ASSIGNED_CONTEXT ( ( #2771 ) ) GLOBAL_UNIT_ASSIGNED_CONTEXT ( ( #2246, #1223, #2529 ) ) REPRESENTATION_CONTEXT ( 'NONE', 'WORKASPACE' ) );
#1897 =( LENGTH_UNIT ( ) NAMED_UNIT ( * ) SI_UNIT ( .MILLI., .METRE. ) );
#1898 = VERTEX_POINT ( 'NONE', #2818 ) ;
#1899 = UNCERTAINTY_MEASURE_WITH_UNIT (LENGTH_MEASURE( 1.000000000000000082E-05 ), #1547, 'distance_accuracy_value', 'NONE');
#1900 = CARTESIAN_POINT ( 'NONE',  ( -2.450038499877194909, 0.4000000000000000222, -1.600001832621674946 ) ) ;
#1901 = COLOUR_RGB ( '',0.5254901960784313930, 0.5254901960784313930, 0.5254901960784313930 ) ;
#1902 = PRODUCT ( 'L_XND5050YA.STEP', 'L_XND5050YA.STEP', '', ( #954 ) ) ;
#1903 = DIRECTION ( 'NONE',  ( 0.000000000000000000, -1.000000000000000000, 0.000000000000000000 ) ) ;
#1904 = DIRECTION ( 'NONE',  ( 1.000000000000000000, 0.000000000000000000, 0.000000000000000000 ) ) ;
#1905 = PLANE ( 'NONE',  #3745 ) ;
#1906 = ORIENTED_EDGE ( 'NONE', *, *, #1983, .F. ) ;
#1907 = EDGE_CURVE ( 'NONE', #1532, #711, #486, .T. ) ;
#1908 = CARTESIAN_POINT ( 'NONE',  ( -2.149999999999999911, 3.350000000000000089, -1.115345498071525832 ) ) ;
#1909 = SURFACE_SIDE_STYLE ('',( #3204 ) ) ;
#1910 = ORIENTED_EDGE ( 'NONE', *, *, #2679, .F. ) ;
#1911 = FILL_AREA_STYLE_COLOUR ( '', #1422 ) ;
#1912 = ADVANCED_FACE ( 'NONE', ( #2484 ), #3337, .T. ) ;
#1913 = CARTESIAN_POINT ( 'NONE',  ( -1.014456983850079874, 3.349951351268914745, 2.449991154971725038 ) ) ;
#1914 = ORIENTED_EDGE ( 'NONE', *, *, #1257, .F. ) ;
#1915 = SURFACE_SIDE_STYLE ('',( #1174 ) ) ;
#1916 = CARTESIAN_POINT ( 'NONE',  ( -2.050048246394200913, 1.877207088413658465, 1.186186297522129562 ) ) ;
#1917 = AXIS2_PLACEMENT_3D ( 'NONE', #1454, #3814, #1852 ) ;
#1918 = ORIENTED_EDGE ( 'NONE', *, *, #2278, .F. ) ;
#1919 = DIRECTION ( 'NONE',  ( 0.000000000000000000, -1.000000000000000000, 0.000000000000000000 ) ) ;
#1920 = CARTESIAN_POINT ( 'NONE',  ( 2.083143788437070043, 4.100000000000000533, 1.304141615386415820 ) ) ;
#1921 = CARTESIAN_POINT ( 'NONE',  ( 2.149613237706552660, 3.347872755796949207, -1.183982835967739344 ) ) ;
#1922 =( LENGTH_UNIT ( ) NAMED_UNIT ( * ) SI_UNIT ( .MILLI., .METRE. ) );
#1923 = VECTOR ( 'NONE', #4107, 1000.000000000000000 ) ;
#1924 = LINE ( 'NONE', #2885, #1055 ) ;
#1925 = ORIENTED_EDGE ( 'NONE', *, *, #1790, .F. ) ;
#1926 = DIRECTION ( 'NONE',  ( -1.000000000000000000, -1.355274900095509990E-16, 0.000000000000000000 ) ) ;
#1927 = FILL_AREA_STYLE_COLOUR ( '', #553 ) ;
#1928 = FILL_AREA_STYLE ('',( #1548 ) ) ;
#1929 =( GEOMETRIC_REPRESENTATION_CONTEXT ( 3 ) GLOBAL_UNCERTAINTY_ASSIGNED_CONTEXT ( ( #2898 ) ) GLOBAL_UNIT_ASSIGNED_CONTEXT ( ( #792, #3353, #2777 ) ) REPRESENTATION_CONTEXT ( 'NONE', 'WORKASPACE' ) );
#1930 = CARTESIAN_POINT ( 'NONE',  ( 1.949479454737944595, 1.883371105474896945, -1.257323644303072196 ) ) ;
#1931 =( GEOMETRIC_REPRESENTATION_CONTEXT ( 3 ) GLOBAL_UNCERTAINTY_ASSIGNED_CONTEXT ( ( #2371 ) ) GLOBAL_UNIT_ASSIGNED_CONTEXT ( ( #129, #2456, #4150 ) ) REPRESENTATION_CONTEXT ( 'NONE', 'WORKASPACE' ) );
#1932 = EDGE_CURVE ( 'NONE', #3498, #1504, #2974, .T. ) ;
#1933 = PRESENTATION_LAYER_ASSIGNMENT (  '', '', ( #2414 ) ) ;
#1934 = PRESENTATION_STYLE_ASSIGNMENT (( #633 ) ) ;
#1935 = AXIS2_PLACEMENT_3D ( 'NONE', #4035, #1709, #1065 ) ;
#1936 = CARTESIAN_POINT ( 'NONE',  ( -2.085761487196970076, 1.503311820416864952, 1.094311036926583824 ) ) ;
#1937 = VECTOR ( 'NONE', #3181, 1000.000000000000000 ) ;
#1938 = EDGE_CURVE ( 'NONE', #3049, #474, #373, .T. ) ;
#1939 = VECTOR ( 'NONE', #3511, 1000.000000000000000 ) ;
#1940 = APPLICATION_PROTOCOL_DEFINITION ( 'draft international standard', 'automotive_design', 1998, #758 ) ;
#1941 = CARTESIAN_POINT ( 'NONE',  ( 2.083502919760734873, 3.350000000000000089, 1.303698125136000030 ) ) ;
#1942 = ORIENTED_EDGE ( 'NONE', *, *, #2294, .F. ) ;
#1943 = UNCERTAINTY_MEASURE_WITH_UNIT (LENGTH_MEASURE( 1.000000000000000082E-05 ), #4050, 'distance_accuracy_value', 'NONE');
#1944 = ADVANCED_FACE ( 'NONE', ( #1977 ), #3024, .F. ) ;
#1945 = CARTESIAN_POINT ( 'NONE',  ( 2.016655677123967205, 1.883393775818111182, 1.067610675905224404 ) ) ;
#1946 =( NAMED_UNIT ( * ) SI_UNIT ( $, .STERADIAN. ) SOLID_ANGLE_UNIT ( ) );
#1947 = CARTESIAN_POINT ( 'NONE',  ( 2.249903626792729927, 0.4000000000000000222, 1.882860023365459989 ) ) ;
#1948 = CARTESIAN_POINT ( 'NONE',  ( -1.949479443687866631, 1.883371165492073951, -1.257323640609162796 ) ) ;
#1949 = CARTESIAN_POINT ( 'NONE',  ( 2.149961500122754998, 0.4000000000000000222, 1.899996856239225096 ) ) ;
#1950 = CARTESIAN_POINT ( 'NONE',  ( 1.014456983850001937, 3.349951351268909860, 2.449991154971720153 ) ) ;
#1951 = PRESENTATION_STYLE_ASSIGNMENT (( #2671 ) ) ;
#1952 = CARTESIAN_POINT ( 'NONE',  ( 1.049923000245597926, 0.000000000000000000, 1.899996856239225096 ) ) ;
#1953 = CARTESIAN_POINT ( 'NONE',  ( -2.083333333333370341, 1.516666666666665053, 1.197973164995318029 ) ) ;
#1954 = ORIENTED_EDGE ( 'NONE', *, *, #2153, .F. ) ;
#1955 = PRESENTATION_LAYER_ASSIGNMENT (  '', '', ( #1822 ) ) ;
#1956 = SURFACE_SIDE_STYLE ('',( #690 ) ) ;
#1957 = FILL_AREA_STYLE_COLOUR ( '', #2410 ) ;
#1958 = VECTOR ( 'NONE', #1707, 1000.000000000000000 ) ;
#1959 = SURFACE_STYLE_FILL_AREA ( #2276 ) ;
#1960 =( GEOMETRIC_REPRESENTATION_CONTEXT ( 3 ) GLOBAL_UNCERTAINTY_ASSIGNED_CONTEXT ( ( #2681 ) ) GLOBAL_UNIT_ASSIGNED_CONTEXT ( ( #3590, #1303, #3017 ) ) REPRESENTATION_CONTEXT ( 'NONE', 'WORKASPACE' ) );
#1961 = ADVANCED_FACE ( 'NONE', ( #3343 ), #3621, .F. ) ;
#1962 = COLOUR_RGB ( '',0.5254901960784313930, 0.5254901960784313930, 0.5254901960784313930 ) ;
#1963 = ORIENTED_EDGE ( 'NONE', *, *, #3554, .F. ) ;
#1964 = B_SPLINE_CURVE_WITH_KNOTS ( 'NONE', 3,
 ( #3971, #2343, #3647, #3236 ),
 .UNSPECIFIED., .F., .F.,
 ( 4, 4 ),
 ( 0.000000000000000000, 1.000000000000000000 ),
 .UNSPECIFIED. ) ;
#1965 = VECTOR ( 'NONE', #3261, 1000.000000000000000 ) ;
#1966 = CARTESIAN_POINT ( 'NONE',  ( -2.083143788437099797, 4.100000000000000533, -1.304141615386471997 ) ) ;
#1967 = PLANE ( 'NONE',  #1557 ) ;
#1968 = EDGE_CURVE ( 'NONE', #3697, #2067, #3963, .T. ) ;
#1969 = CARTESIAN_POINT ( 'NONE',  ( -1.015902293377973997, 3.366614904561749722, 2.453020891738460385 ) ) ;
#1970 = CARTESIAN_POINT ( 'NONE',  ( -1.245297092902100111, 4.100000000000000533, 2.338796117314915435 ) ) ;
#1971 = FACE_OUTER_BOUND ( 'NONE', #2797, .T. ) ;
#1972 = PRESENTATION_LAYER_ASSIGNMENT (  '', '', ( #3605 ) ) ;
#1973 = DIRECTION ( 'NONE',  ( 0.6293203910498371689, 0.000000000000000000, -0.7771459614569711238 ) ) ;
#1974 = CARTESIAN_POINT ( 'NONE',  ( -2.016666666666689700, 2.250000000000000000, -0.3914550867199705353 ) ) ;
#1975 = ORIENTED_EDGE ( 'NONE', *, *, #3953, .T. ) ;
#1976 = SURFACE_SIDE_STYLE ('',( #3944 ) ) ;
#1977 = FACE_OUTER_BOUND ( 'NONE', #3033, .T. ) ;
#1978 = CARTESIAN_POINT ( 'NONE',  ( -2.149995116318869748, 3.349973139425645119, 1.117057276342092065 ) ) ;
#1979 = CARTESIAN_POINT ( 'NONE',  ( 1.014456983850001937, 3.349951351268909860, 2.449991154971720153 ) ) ;
#1980 = CARTESIAN_POINT ( 'NONE',  ( 2.083143788437070043, 3.350000000000000089, 1.304141615386415820 ) ) ;
#1981 = ORIENTED_EDGE ( 'NONE', *, *, #42, .F. ) ;
#1982 = CARTESIAN_POINT ( 'NONE',  ( -2.250000000000000000, 0.4000000000000000222, -1.882858153910764942 ) ) ;
#1983 = EDGE_CURVE ( 'NONE', #426, #722, #2221, .T. ) ;
#1984 = ORIENTED_EDGE ( 'NONE', *, *, #679, .T. ) ;
#1985 = CARTESIAN_POINT ( 'NONE',  ( -2.150044000010914669, 0.000000000000000000, -1.900001832571255100 ) ) ;
#1986 = SURFACE_SIDE_STYLE ('',( #4238 ) ) ;
#1987 =( NAMED_UNIT ( * ) SI_UNIT ( $, .STERADIAN. ) SOLID_ANGLE_UNIT ( ) );
#1988 = DIRECTION ( 'NONE',  ( -7.339214706055721837E-15, 0.000000000000000000, 1.000000000000000000 ) ) ;
#1989 = VECTOR ( 'NONE', #3159, 1000.000000000000000 ) ;
#1990 =( NAMED_UNIT ( * ) SI_UNIT ( $, .STERADIAN. ) SOLID_ANGLE_UNIT ( ) );
#1991 = EDGE_CURVE ( 'NONE', #2231, #539, #152, .T. ) ;
#1992 =( NAMED_UNIT ( * ) PLANE_ANGLE_UNIT ( ) SI_UNIT ( $, .RADIAN. ) );
#1993 = CARTESIAN_POINT ( 'NONE',  ( -2.149999999999999911, 3.350000000000000089, -1.221581069830731892 ) ) ;
#1994 = ORIENTED_EDGE ( 'NONE', *, *, #3750, .T. ) ;
#1995 = CARTESIAN_POINT ( 'NONE',  ( 1.949494243915797620, 2.616695485283419220, -1.257329793317874422 ) ) ;
#1996 = PRESENTATION_LAYER_ASSIGNMENT (  '', '', ( #1654 ) ) ;
#1997 = CARTESIAN_POINT ( 'NONE',  ( 2.450061500122765246, 0.5000000000000000000, 0.6499999999999770406 ) ) ;
#1998 = CARTESIAN_POINT ( 'NONE',  ( 2.126531969023078172, 1.149999999999999911, -1.250561674553567482 ) ) ;
#1999 = SURFACE_SIDE_STYLE ('',( #1959 ) ) ;
#2000 =( GEOMETRIC_REPRESENTATION_CONTEXT ( 3 ) GLOBAL_UNCERTAINTY_ASSIGNED_CONTEXT ( ( #1820 ) ) GLOBAL_UNIT_ASSIGNED_CONTEXT ( ( #2164, #3915, #1987 ) ) REPRESENTATION_CONTEXT ( 'NONE', 'WORKASPACE' ) );
#2001 = AXIS2_PLACEMENT_3D ( 'NONE', #3775, #1502, #3799 ) ;
#2002 = SURFACE_STYLE_FILL_AREA ( #1018 ) ;
#2003 = SHAPE_DEFINITION_REPRESENTATION ( #1464, #2453 ) ;
#2004 =( GEOMETRIC_REPRESENTATION_CONTEXT ( 3 ) GLOBAL_UNCERTAINTY_ASSIGNED_CONTEXT ( ( #1517 ) ) GLOBAL_UNIT_ASSIGNED_CONTEXT ( ( #1545, #2497, #865 ) ) REPRESENTATION_CONTEXT ( 'NONE', 'WORKASPACE' ) );
#2005 = STYLED_ITEM ( 'NONE', ( #292 ), #525 ) ;
#2006 = ORIENTED_EDGE ( 'NONE', *, *, #736, .F. ) ;
#2007 = ORIENTED_EDGE ( 'NONE', *, *, #1447, .T. ) ;
#2008 = CARTESIAN_POINT ( 'NONE',  ( -1.242707018394079821, 0.4000000000000000222, -2.338796117314945189 ) ) ;
#2009 = CYLINDRICAL_SURFACE ( 'NONE', #3602, 0.2999999999999999334 ) ;
#2010 =( NAMED_UNIT ( * ) SI_UNIT ( $, .STERADIAN. ) SOLID_ANGLE_UNIT ( ) );
#2011 = SURFACE_STYLE_FILL_AREA ( #2593 ) ;
#2012 = ORIENTED_EDGE ( 'NONE', *, *, #965, .T. ) ;
#2013 = ORIENTED_EDGE ( 'NONE', *, *, #2919, .F. ) ;
#2014 =( LENGTH_UNIT ( ) NAMED_UNIT ( * ) SI_UNIT ( .MILLI., .METRE. ) );
#2015 = SURFACE_SIDE_STYLE ('',( #1607 ) ) ;
#2016 = VERTEX_POINT ( 'NONE', #3413 ) ;
#2017 = EDGE_CURVE ( 'NONE', #1504, #1011, #1764, .T. ) ;
#2018 = ORIENTED_EDGE ( 'NONE', *, *, #2328, .F. ) ;
#2019 = SURFACE_SIDE_STYLE ('',( #716 ) ) ;
#2020 = CARTESIAN_POINT ( 'NONE',  ( 1.107505827254056330, 2.619575475252887475, -2.349910721308279715 ) ) ;
#2021 = EDGE_CURVE ( 'NONE', #590, #1097, #2452, .T. ) ;
#2022 = CARTESIAN_POINT ( 'NONE',  ( 1.012153304464924242, 4.100000000000000533, -2.449999999999999734 ) ) ;
#2023 = DIRECTION ( 'NONE',  ( -1.000000000000000000, 0.000000000000000000, 0.000000000000000000 ) ) ;
#2024 = ORIENTED_EDGE ( 'NONE', *, *, #2522, .T. ) ;
#2025 = UNCERTAINTY_MEASURE_WITH_UNIT (LENGTH_MEASURE( 1.000000000000000082E-05 ), #4157, 'distance_accuracy_value', 'NONE');
#2026 = CIRCLE ( 'NONE', #2574, 0.2999999999999999334 ) ;
#2027 = EDGE_LOOP ( 'NONE', ( #104, #1652, #1338, #3391, #2660, #137 ) ) ;
#2028 = DIRECTION ( 'NONE',  ( 0.000000000000000000, 0.000000000000000000, 1.000000000000000000 ) ) ;
#2029 = PRESENTATION_LAYER_ASSIGNMENT (  '', '', ( #1217 ) ) ;
#2030 = CARTESIAN_POINT ( 'NONE',  ( -1.050000000000000044, 0.4000000000000000222, -1.900022000534904887 ) ) ;
#2031 = CARTESIAN_POINT ( 'NONE',  ( -1.197557327332931854, 2.623790919067514604, 2.238703087984214690 ) ) ;
#2032 = ORIENTED_EDGE ( 'NONE', *, *, #2945, .F. ) ;
#2033 =( NAMED_UNIT ( * ) SI_UNIT ( $, .STERADIAN. ) SOLID_ANGLE_UNIT ( ) );
#2034 = VERTEX_POINT ( 'NONE', #3092 ) ;
#2035 =( NAMED_UNIT ( * ) PLANE_ANGLE_UNIT ( ) SI_UNIT ( $, .RADIAN. ) );
#2036 = STYLED_ITEM ( 'NONE', ( #3761 ), #3881 ) ;
#2037 = SURFACE_STYLE_FILL_AREA ( #1748 ) ;
#2038 = ADVANCED_FACE ( 'NONE', ( #3386 ), #1789, .T. ) ;
#2039 = VECTOR ( 'NONE', #1069, 1000.000000000000114 ) ;
#2040 =( LENGTH_UNIT ( ) NAMED_UNIT ( * ) SI_UNIT ( .MILLI., .METRE. ) );
#2041 = DIRECTION ( 'NONE',  ( 0.000000000000000000, 0.000000000000000000, -1.000000000000000000 ) ) ;
#2042 = VECTOR ( 'NONE', #1616, 1000.000000000000000 ) ;
#2043 = ADVANCED_FACE ( 'NONE', ( #3809 ), #1427, .F. ) ;
#2044 = LINE ( 'NONE', #1318, #4181 ) ;
#2045 = VERTEX_POINT ( 'NONE', #2932 ) ;
#2046 = CARTESIAN_POINT ( 'NONE',  ( 1.014461401931691986, 1.149999999999999911, -2.449999999999999734 ) ) ;
#2047 = ORIENTED_EDGE ( 'NONE', *, *, #707, .T. ) ;
#2048 = DIRECTION ( 'NONE',  ( 1.000000000000000000, 0.000000000000000000, 0.000000000000000000 ) ) ;
#2049 = LINE ( 'NONE', #118, #2907 ) ;
#2050 = EDGE_LOOP ( 'NONE', ( #2, #1963, #2240, #2624 ) ) ;
#2051 = CARTESIAN_POINT ( 'NONE',  ( 1.443409508062996061, 1.516666666666665053, 1.988213277220620023 ) ) ;
#2052 = CARTESIAN_POINT ( 'NONE',  ( 2.016666666666679486, 2.250000000000000000, -1.174365260159863977 ) ) ;
#2053 = EDGE_LOOP ( 'NONE', ( #649, #676, #124, #377, #3201, #4212, #3687 ) ) ;
#2054 = PRESENTATION_LAYER_ASSIGNMENT (  '', '', ( #211 ) ) ;
#2055 = FACE_OUTER_BOUND ( 'NONE', #3892, .T. ) ;
#2056 = CARTESIAN_POINT ( 'NONE',  ( -1.091649226581304255, 2.250000000000000000, -2.316666666666690411 ) ) ;
#2057 = SURFACE_SIDE_STYLE ('',( #2809 ) ) ;
#2058 = CARTESIAN_POINT ( 'NONE',  ( 1.850000000000000089, 4.100000000000000533, -1.115345498071467878 ) ) ;
#2059 = CIRCLE ( 'NONE', #968, 0.2999999999999999334 ) ;
#2060 = EDGE_CURVE ( 'NONE', #1432, #1721, #1361, .T. ) ;
#2061 =( NAMED_UNIT ( * ) PLANE_ANGLE_UNIT ( ) SI_UNIT ( $, .RADIAN. ) );
#2062 = FILL_AREA_STYLE ('',( #1086 ) ) ;
#2063 = EDGE_CURVE ( 'NONE', #3231, #2454, #3866, .T. ) ;
#2064 = UNCERTAINTY_MEASURE_WITH_UNIT (LENGTH_MEASURE( 1.000000000000000082E-05 ), #3108, 'distance_accuracy_value', 'NONE');
#2065 = VECTOR ( 'NONE', #3992, 1000.000000000000000 ) ;
#2066 = PRESENTATION_STYLE_ASSIGNMENT (( #3675 ) ) ;
#2067 = VERTEX_POINT ( 'NONE', #2190 ) ;
#2068 = CARTESIAN_POINT ( 'NONE',  ( 2.249923000245584781, 0.4000000000000000222, -0.6500000000000339950 ) ) ;
#2069 = DIRECTION ( 'NONE',  ( 0.000000000000000000, 1.000000000000000000, 0.000000000000000000 ) ) ;
#2070 = EDGE_CURVE ( 'NONE', #1873, #1777, #4203, .T. ) ;
#2071 = ORIENTED_EDGE ( 'NONE', *, *, #1813, .T. ) ;
#2072 = CARTESIAN_POINT ( 'NONE',  ( 2.016666666666649732, 2.250000000000000000, 1.174365260159863977 ) ) ;
#2073 = CARTESIAN_POINT ( 'NONE',  ( 2.083502919761455185, 3.350000000000000089, -1.303698125135144048 ) ) ;
#2074 = AXIS2_PLACEMENT_3D ( 'NONE', #3235, #255, #1904 ) ;
#2075 = CARTESIAN_POINT ( 'NONE',  ( 2.149999999999999911, 1.149999999999999911, 0.4071936899435584789 ) ) ;
#2076 = ORIENTED_EDGE ( 'NONE', *, *, #1983, .T. ) ;
#2077 = CARTESIAN_POINT ( 'NONE',  ( 0.3744825318092509514, 2.983333333333334725, -2.383333333333355064 ) ) ;
#2078 = CARTESIAN_POINT ( 'NONE',  ( 2.450061500122770131, 0.000000000000000000, -0.6500000000000230038 ) ) ;
#2079 = CARTESIAN_POINT ( 'NONE',  ( -2.084217250074610117, 3.349973139425654889, -1.302808240416476249 ) ) ;
#2080 = FILL_AREA_STYLE_COLOUR ( '', #1530 ) ;
#2081 = CARTESIAN_POINT ( 'NONE',  ( -1.362772100911723294, 1.149999999999999911, 2.193726563959899956 ) ) ;
#2082 = VERTEX_POINT ( 'NONE', #1868 ) ;
#2083 = CARTESIAN_POINT ( 'NONE',  ( 0.000000000000000000, 0.4000000000000000222, 0.000000000000000000 ) ) ;
#2084 = ADVANCED_FACE ( 'NONE', ( #1887 ), #2855, .T. ) ;
#2085 = VERTEX_POINT ( 'NONE', #2534 ) ;
#2086 = CARTESIAN_POINT ( 'NONE',  ( 2.249903357500499634, 0.4000000000000000222, 1.899996856239225096 ) ) ;
#2087 = DIRECTION ( 'NONE',  ( 0.000000000000000000, -1.000000000000000000, 0.000000000000000000 ) ) ;
#2088 = VERTEX_POINT ( 'NONE', #3537 ) ;
#2089 = DIRECTION ( 'NONE',  ( -1.000000000000000000, 0.000000000000000000, 0.000000000000000000 ) ) ;
#2090 = ADVANCED_FACE ( 'NONE', ( #261 ), #3518, .F. ) ;
#2091 = MECHANICAL_DESIGN_GEOMETRIC_PRESENTATION_REPRESENTATION (  '', ( #456 ), #1276 ) ;
#2092 = CARTESIAN_POINT ( 'NONE',  ( 2.083143788437094468, 3.350000000000000089, -1.304141615386420039 ) ) ;
#2093 = PRESENTATION_STYLE_ASSIGNMENT (( #1142 ) ) ;
#2094 = ORIENTED_EDGE ( 'NONE', *, *, #235, .T. ) ;
#2095 = CARTESIAN_POINT ( 'NONE',  ( 2.249923000245584781, 0.000000000000000000, -1.882858153910764942 ) ) ;
#2096 = CARTESIAN_POINT ( 'NONE',  ( 0.3744825318092509514, 1.516666666666665053, -2.383333333333355064 ) ) ;
#2097 = COLOUR_RGB ( '',0.5254901960784313930, 0.5254901960784313930, 0.5254901960784313930 ) ;
#2098 = ORIENTED_EDGE ( 'NONE', *, *, #3274, .F. ) ;
#2099 = CARTESIAN_POINT ( 'NONE',  ( -2.150038499877220399, 1.149999999999999911, 1.599996856239225052 ) ) ;
#2100 = PRESENTATION_LAYER_ASSIGNMENT (  '', '', ( #2036 ) ) ;
#2101 = CARTESIAN_POINT ( 'NONE',  ( 0.9478553802075858625, 1.883416945408772358, 2.316651464471095156 ) ) ;
#2102 = B_SPLINE_SURFACE_WITH_KNOTS ( 'NONE', 3, 3, ( 
 ( #902, #1241, #3165, #1603, #1524 ),
 ( #1544, #4142, #2186, #3840, #922 ),
 ( #2868, #2248, #2531, #2225, #1225 ),
 ( #3531, #1203, #2202, #596, #2927 ) ),
 .UNSPECIFIED., .F., .F., .F.,
 ( 4, 4 ),
 ( 4, 1, 4 ),
 ( 0.000000000000000000, 1.000000000000000000 ),
 ( 0.000000000000000000, 0.5000000000000000000, 1.000000000000000000 ),
 .UNSPECIFIED. ) ;
#2103 = PRODUCT_DEFINITION_FORMATION_WITH_SPECIFIED_SOURCE ( 'ANY', '', #1902, .NOT_KNOWN. ) ;
#2104 = DIRECTION ( 'NONE',  ( 0.000000000000000000, 0.000000000000000000, -1.000000000000000000 ) ) ;
#2105 = CARTESIAN_POINT ( 'NONE',  ( 2.086994248997044554, 3.365246351213975196, 1.303791545660438089 ) ) ;
#2106 = STYLED_ITEM ( 'NONE', ( #3586 ), #2720 ) ;
#2107 = FILL_AREA_STYLE_COLOUR ( '', #132 ) ;
#2108 = ORIENTED_EDGE ( 'NONE', *, *, #1163, .F. ) ;
#2109 = DIRECTION ( 'NONE',  ( 0.000000000000000000, 0.000000000000000000, 1.000000000000000000 ) ) ;
#2110 = DIRECTION ( 'NONE',  ( 0.000000000000000000, 0.000000000000000000, 1.000000000000000000 ) ) ;
#2111 = CARTESIAN_POINT ( 'NONE',  ( 1.242630018639579781, 1.149999999999999911, -2.338796117314939860 ) ) ;
#2112 = ORIENTED_EDGE ( 'NONE', *, *, #1136, .F. ) ;
#2113 = UNCERTAINTY_MEASURE_WITH_UNIT (LENGTH_MEASURE( 1.000000000000000082E-05 ), #2963, 'distance_accuracy_value', 'NONE');
#2114 = FACE_OUTER_BOUND ( 'NONE', #4253, .T. ) ;
#2115 = CARTESIAN_POINT ( 'NONE',  ( -1.242707018394079821, 1.149999999999999911, -2.338796117314945189 ) ) ;
#2116 = ADVANCED_FACE ( 'NONE', ( #666 ), #2879, .T. ) ;
#2117 = FILL_AREA_STYLE ('',( #494 ) ) ;
#2118 = ORIENTED_EDGE ( 'NONE', *, *, #369, .F. ) ;
#2119 = CARTESIAN_POINT ( 'NONE',  ( -1.598037108023675046, 1.149999999999999911, -1.900000000000034994 ) ) ;
#2120 = FACE_OUTER_BOUND ( 'NONE', #2396, .T. ) ;
#2121 = EDGE_CURVE ( 'NONE', #2045, #3127, #2954, .T. ) ;
#2122 = ORIENTED_EDGE ( 'NONE', *, *, #2875, .T. ) ;
#2123 = DIRECTION ( 'NONE',  ( 1.571423558992123776E-05, 0.000000000000000000, 0.9999999998765314313 ) ) ;
#2124 = LINE ( 'NONE', #1102, #2404 ) ;
#2125 = CARTESIAN_POINT ( 'NONE',  ( -1.182145755982520363, 2.616718799052259570, 2.204937190658359913 ) ) ;
#2126 = ORIENTED_EDGE ( 'NONE', *, *, #3539, .F. ) ;
#2127 = EDGE_CURVE ( 'NONE', #495, #599, #2581, .T. ) ;
#2128 = VECTOR ( 'NONE', #3888, 1000.000000000000000 ) ;
#2129 = LINE ( 'NONE', #4034, #3200 ) ;
#2130 = VECTOR ( 'NONE', #3242, 1000.000000000000000 ) ;
#2131 = PRESENTATION_STYLE_ASSIGNMENT (( #2177 ) ) ;
#2132 = ORIENTED_EDGE ( 'NONE', *, *, #3082, .F. ) ;
#2133 = SURFACE_SIDE_STYLE ('',( #2526 ) ) ;
#2134 =( GEOMETRIC_REPRESENTATION_CONTEXT ( 3 ) GLOBAL_UNCERTAINTY_ASSIGNED_CONTEXT ( ( #4213 ) ) GLOBAL_UNIT_ASSIGNED_CONTEXT ( ( #1844, #2184, #1881 ) ) REPRESENTATION_CONTEXT ( 'NONE', 'WORKASPACE' ) );
#2135 = LINE ( 'NONE', #1292, #3719 ) ;
#2136 = VECTOR ( 'NONE', #1329, 1000.000000000000000 ) ;
#2137 = SURFACE_SIDE_STYLE ('',( #4095 ) ) ;
#2138 = ORIENTED_EDGE ( 'NONE', *, *, #1363, .F. ) ;
#2139 = CARTESIAN_POINT ( 'NONE',  ( 1.486830642849592099, 3.350000000000000089, 2.040527023276864860 ) ) ;
#2140 = LINE ( 'NONE', #548, #566 ) ;
#2141 = VECTOR ( 'NONE', #1919, 1000.000000000000000 ) ;
#2142 =( GEOMETRIC_REPRESENTATION_CONTEXT ( 3 ) GLOBAL_UNCERTAINTY_ASSIGNED_CONTEXT ( ( #1260 ) ) GLOBAL_UNIT_ASSIGNED_CONTEXT ( ( #2460, #2839, #187 ) ) REPRESENTATION_CONTEXT ( 'NONE', 'WORKASPACE' ) );
#2143 = FACE_OUTER_BOUND ( 'NONE', #2657, .T. ) ;
#2144 = STYLED_ITEM ( 'NONE', ( #3633 ), #258 ) ;
#2145 = FILL_AREA_STYLE ('',( #1036 ) ) ;
#2146 = PRESENTATION_LAYER_ASSIGNMENT (  '', '', ( #1389 ) ) ;
#2147 = DIRECTION ( 'NONE',  ( 0.000000000000000000, 0.000000000000000000, -1.000000000000000000 ) ) ;
#2148 = DIRECTION ( 'NONE',  ( 0.6293203910498460507, 0.000000000000000000, 0.7771459614569640184 ) ) ;
#2149 = CARTESIAN_POINT ( 'NONE',  ( -1.182131096281228144, 1.883401681962615370, 2.204911116320489750 ) ) ;
#2150 = EDGE_LOOP ( 'NONE', ( #1481, #742, #2553, #2098, #3781, #321, #4087, #3415, #1131, #279 ) ) ;
#2151 = COLOUR_RGB ( '',1.000000000000000000, 1.000000000000000000, 1.000000000000000000 ) ;
#2152 = SURFACE_SIDE_STYLE ('',( #1171 ) ) ;
#2153 = EDGE_CURVE ( 'NONE', #590, #2088, #3941, .T. ) ;
#2154 = CARTESIAN_POINT ( 'NONE',  ( 2.050047820675388266, 1.877213955761111608, 1.186186146767074012 ) ) ;
#2155 = SURFACE_STYLE_USAGE ( .BOTH. , #3522 ) ;
#2156 = UNCERTAINTY_MEASURE_WITH_UNIT (LENGTH_MEASURE( 1.000000000000000082E-05 ), #3009, 'distance_accuracy_value', 'NONE');
#2157 = DIRECTION ( 'NONE',  ( 0.000000000000000000, 0.000000000000000000, 1.000000000000000000 ) ) ;
#2158 = FILL_AREA_STYLE ('',( #859 ) ) ;
#2159 =( NAMED_UNIT ( * ) PLANE_ANGLE_UNIT ( ) SI_UNIT ( $, .RADIAN. ) );
#2160 = VERTEX_POINT ( 'NONE', #1376 ) ;
#2161 = CARTESIAN_POINT ( 'NONE',  ( -2.083333333333370341, 1.516666666666665053, 1.197973164995318029 ) ) ;
#2162 = CARTESIAN_POINT ( 'NONE',  ( 2.152772084887674797, 3.365246466882184873, -1.118040734137883963 ) ) ;
#2163 = PRESENTATION_LAYER_ASSIGNMENT (  '', '', ( #4008 ) ) ;
#2164 =( LENGTH_UNIT ( ) NAMED_UNIT ( * ) SI_UNIT ( .MILLI., .METRE. ) );
#2165 = B_SPLINE_CURVE_WITH_KNOTS ( 'NONE', 3,
 ( #253, #2903, #3855, #2864 ),
 .UNSPECIFIED., .F., .F.,
 ( 4, 4 ),
 ( 0.000000000000000000, 1.000000000000000000 ),
 .UNSPECIFIED. ) ;
#2166 = FACE_OUTER_BOUND ( 'NONE', #3725, .T. ) ;
#2167 = PRESENTATION_LAYER_ASSIGNMENT (  '', '', ( #2865 ) ) ;
#2168 = LINE ( 'NONE', #1528, #2659 ) ;
#2169 = CARTESIAN_POINT ( 'NONE',  ( 2.016666666666679486, 2.250000000000000000, -1.174365260159863977 ) ) ;
#2170 = SURFACE_STYLE_FILL_AREA ( #1449 ) ;
#2171 = VECTOR ( 'NONE', #1749, 1000.000000000000000 ) ;
#2172 = VERTEX_POINT ( 'NONE', #2361 ) ;
#2173 = EDGE_CURVE ( 'NONE', #3594, #2172, #3342, .T. ) ;
#2174 =( GEOMETRIC_REPRESENTATION_CONTEXT ( 3 ) GLOBAL_UNCERTAINTY_ASSIGNED_CONTEXT ( ( #3390 ) ) GLOBAL_UNIT_ASSIGNED_CONTEXT ( ( #3202, #537, #925 ) ) REPRESENTATION_CONTEXT ( 'NONE', 'WORKASPACE' ) );
#2175 = DIRECTION ( 'NONE',  ( 0.000000000000000000, 1.000000000000000000, 0.000000000000000000 ) ) ;
#2176 = FACE_OUTER_BOUND ( 'NONE', #2888, .T. ) ;
#2177 = SURFACE_STYLE_USAGE ( .BOTH. , #830 ) ;
#2178 = COLOUR_RGB ( '',1.000000000000000000, 1.000000000000000000, 1.000000000000000000 ) ;
#2179 = EDGE_CURVE ( 'NONE', #3714, #2355, #3339, .T. ) ;
#2180 = PRODUCT_DEFINITION_SHAPE ( 'NONE', 'NONE',  #3317 ) ;
#2181 = ORIENTED_EDGE ( 'NONE', *, *, #416, .T. ) ;
#2182 = CARTESIAN_POINT ( 'NONE',  ( 1.245297092902041936, 4.100000000000000533, 2.338796117314910106 ) ) ;
#2183 = CARTESIAN_POINT ( 'NONE',  ( 2.153069596328390123, 1.133117220193870178, -1.118146088464584187 ) ) ;
#2184 =( NAMED_UNIT ( * ) PLANE_ANGLE_UNIT ( ) SI_UNIT ( $, .RADIAN. ) );
#2185 = CARTESIAN_POINT ( 'NONE',  ( 2.149961500122779867, 1.149999999999999911, -1.900000000000034994 ) ) ;
#2186 = CARTESIAN_POINT ( 'NONE',  ( -1.708327519971555075, 2.250000000000000000, -1.555132395662174982 ) ) ;
#2187 = LINE ( 'NONE', #3532, #1122 ) ;
#2188 = FACE_OUTER_BOUND ( 'NONE', #1670, .T. ) ;
#2189 = CARTESIAN_POINT ( 'NONE',  ( 1.818415321424794895, 3.350000000000000089, -1.631054046553790160 ) ) ;
#2190 = CARTESIAN_POINT ( 'NONE',  ( -1.243840466612667894, 3.349951351268909860, 2.340580846088865297 ) ) ;
#2191 = ORIENTED_EDGE ( 'NONE', *, *, #1397, .T. ) ;
#2192 = CARTESIAN_POINT ( 'NONE',  ( 2.149961500122754998, 1.149999999999999911, 1.899999999999975042 ) ) ;
#2193 = EDGE_CURVE ( 'NONE', #2859, #4168, #2212, .T. ) ;
#2194 = DIRECTION ( 'NONE',  ( -0.6293203910498410547, 0.000000000000000000, 0.7771459614569680152 ) ) ;
#2195 = EDGE_CURVE ( 'NONE', #4168, #2609, #4029, .T. ) ;
#2196 = ORIENTED_EDGE ( 'NONE', *, *, #4242, .T. ) ;
#2197 = UNCERTAINTY_MEASURE_WITH_UNIT (LENGTH_MEASURE( 1.000000000000000082E-05 ), #4246, 'distance_accuracy_value', 'NONE');
#2198 = VECTOR ( 'NONE', #1567, 1000.000000000000000 ) ;
#2199 = CARTESIAN_POINT ( 'NONE',  ( 1.242630018639579781, 0.4000000000000000222, -2.338796117314939860 ) ) ;
#2200 =( GEOMETRIC_REPRESENTATION_CONTEXT ( 3 ) GLOBAL_UNCERTAINTY_ASSIGNED_CONTEXT ( ( #4169 ) ) GLOBAL_UNIT_ASSIGNED_CONTEXT ( ( #473, #3101, #2804 ) ) REPRESENTATION_CONTEXT ( 'NONE', 'WORKASPACE' ) );
#2201 = LINE ( 'NONE', #3217, #2629 ) ;
#2202 = CARTESIAN_POINT ( 'NONE',  ( -1.091649226581304255, 2.250000000000000000, -2.316666666666690411 ) ) ;
#2203 = VECTOR ( 'NONE', #2438, 1000.000000000000000 ) ;
#2204 = MECHANICAL_DESIGN_GEOMETRIC_PRESENTATION_REPRESENTATION (  '', ( #3173 ), #3117 ) ;
#2205 = CARTESIAN_POINT ( 'NONE',  ( -2.149999999999999911, 3.350000000000000089, -1.115345498071525832 ) ) ;
#2206 = VECTOR ( 'NONE', #2668, 1000.000000000000114 ) ;
#2207 = CARTESIAN_POINT ( 'NONE',  ( 1.155245964274369985, 3.350000000000000089, -2.449999999999999734 ) ) ;
#2208 = VECTOR ( 'NONE', #3820, 1000.000000000000000 ) ;
#2209 = PRESENTATION_LAYER_ASSIGNMENT (  '', '', ( #4054 ) ) ;
#2210 = ORIENTED_EDGE ( 'NONE', *, *, #4003, .T. ) ;
#2211 =( GEOMETRIC_REPRESENTATION_CONTEXT ( 3 ) GLOBAL_UNCERTAINTY_ASSIGNED_CONTEXT ( ( #1297 ) ) GLOBAL_UNIT_ASSIGNED_CONTEXT ( ( #2333, #987, #3591 ) ) REPRESENTATION_CONTEXT ( 'NONE', 'WORKASPACE' ) );
#2212 = CIRCLE ( 'NONE', #855, 0.2999999999999999334 ) ;
#2213 = SURFACE_SIDE_STYLE ('',( #1588 ) ) ;
#2214 = CARTESIAN_POINT ( 'NONE',  ( -2.084217250074610117, 3.349973139425654889, -1.302808240416476249 ) ) ;
#2215 = B_SPLINE_CURVE_WITH_KNOTS ( 'NONE', 3,
 ( #658, #1341, #2304, #4193 ),
 .UNSPECIFIED., .F., .F.,
 ( 4, 4 ),
 ( 0.000000000000000000, 1.000000000000000000 ),
 .UNSPECIFIED. ) ;
#2216 = DIRECTION ( 'NONE',  ( 0.000000000000000000, 1.000000000000000000, 0.000000000000000000 ) ) ;
#2217 = CARTESIAN_POINT ( 'NONE',  ( 2.449961500122754821, 1.149999999999999911, 1.899999999999975042 ) ) ;
#2218 = ORIENTED_EDGE ( 'NONE', *, *, #913, .T. ) ;
#2219 = CARTESIAN_POINT ( 'NONE',  ( -1.091649226581371979, 2.250000000000000000, 2.316666666666635344 ) ) ;
#2220 = ADVANCED_FACE ( 'NONE', ( #1762 ), #3738, .T. ) ;
#2221 = B_SPLINE_CURVE_WITH_KNOTS ( 'NONE', 3,
 ( #4079, #2101, #455, #804 ),
 .UNSPECIFIED., .F., .F.,
 ( 4, 4 ),
 ( 0.000000000000000000, 1.000000000000000000 ),
 .UNSPECIFIED. ) ;
#2222 = PRESENTATION_STYLE_ASSIGNMENT (( #1237 ) ) ;
#2223 = CYLINDRICAL_SURFACE ( 'NONE', #2341, 0.2999999999999999334 ) ;
#2224 = FACE_OUTER_BOUND ( 'NONE', #1647, .T. ) ;
#2225 = CARTESIAN_POINT ( 'NONE',  ( -1.443409508063024038, 1.516666666666665053, -1.988213277220679975 ) ) ;
#2226 = LINE ( 'NONE', #1525, #4057 ) ;
#2227 = ADVANCED_FACE ( 'NONE', ( #2055 ), #842, .F. ) ;
#2228 = PRESENTATION_STYLE_ASSIGNMENT (( #2909 ) ) ;
#2229 = CARTESIAN_POINT ( 'NONE',  ( 1.012153304464924242, 4.100000000000000533, -2.449999999999999734 ) ) ;
#2230 = DIRECTION ( 'NONE',  ( 0.000000000000000000, -1.000000000000000000, 0.000000000000000000 ) ) ;
#2231 = VERTEX_POINT ( 'NONE', #2806 ) ;
#2232 = B_SPLINE_CURVE_WITH_KNOTS ( 'NONE', 3,
 ( #3867, #928, #607, #1913 ),
 .UNSPECIFIED., .F., .F.,
 ( 4, 4 ),
 ( 0.000000000000000000, 2.275775663301064948E-06 ),
 .UNSPECIFIED. ) ;
#2233 = CARTESIAN_POINT ( 'NONE',  ( -1.243346907793722034, 1.150045509154542067, 2.339656603485180231 ) ) ;
#2234 = PRESENTATION_LAYER_ASSIGNMENT (  '', '', ( #2444 ) ) ;
#2235 = SURFACE_SIDE_STYLE ('',( #4182 ) ) ;
#2236 = ORIENTED_EDGE ( 'NONE', *, *, #3184, .F. ) ;
#2237 = SURFACE_STYLE_USAGE ( .BOTH. , #1999 ) ;
#2238 = STYLED_ITEM ( 'NONE', ( #2228 ), #3724 ) ;
#2239 = B_SPLINE_CURVE_WITH_KNOTS ( 'NONE', 3,
 ( #1950, #661, #3936, #1285 ),
 .UNSPECIFIED., .F., .F.,
 ( 4, 4 ),
 ( 0.000000000000000000, 1.000000000000000000 ),
 .UNSPECIFIED. ) ;
#2240 = ORIENTED_EDGE ( 'NONE', *, *, #2405, .F. ) ;
#2241 = VECTOR ( 'NONE', #3334, 1000.000000000000000 ) ;
#2242 = SURFACE_STYLE_USAGE ( .BOTH. , #2819 ) ;
#2243 = EDGE_LOOP ( 'NONE', ( #1914, #1819, #1366, #836 ) ) ;
#2244 = CARTESIAN_POINT ( 'NONE',  ( 1.012153304464949999, 4.100000000000000533, 2.149999999999959943 ) ) ;
#2245 = SURFACE_SIDE_STYLE ('',( #981 ) ) ;
#2246 =( LENGTH_UNIT ( ) NAMED_UNIT ( * ) SI_UNIT ( .MILLI., .METRE. ) );
#2247 = CARTESIAN_POINT ( 'NONE',  ( 1.049923000245597926, 0.4000000000000000222, 1.899996856239225096 ) ) ;
#2248 = CARTESIAN_POINT ( 'NONE',  ( -1.443409508063024038, 2.983333333333334725, -1.988213277220679975 ) ) ;
#2249 = CARTESIAN_POINT ( 'NONE',  ( 1.242784018148549885, 1.149999999999999911, 2.338796117314939860 ) ) ;
#2250 = ADVANCED_FACE ( 'NONE', ( #105 ), #496, .T. ) ;
#2251 = ORIENTED_EDGE ( 'NONE', *, *, #1336, .T. ) ;
#2252 = PLANE ( 'NONE',  #589 ) ;
#2253 =( LENGTH_UNIT ( ) NAMED_UNIT ( * ) SI_UNIT ( .MILLI., .METRE. ) );
#2254 = CARTESIAN_POINT ( 'NONE',  ( 2.449961500122765035, 0.5000000000000000000, 0.6499999999999770406 ) ) ;
#2255 = ORIENTED_EDGE ( 'NONE', *, *, #3456, .T. ) ;
#2256 = FILL_AREA_STYLE_COLOUR ( '', #3874 ) ;
#2257 = PRODUCT_CONTEXT ( 'NONE', #3468, 'mechanical' ) ;
#2258 = LINE ( 'NONE', #3286, #1768 ) ;
#2259 = ORIENTED_EDGE ( 'NONE', *, *, #3252, .F. ) ;
#2260 = CARTESIAN_POINT ( 'NONE',  ( 0.3744825318092539490, 1.516666666666665053, 2.383333333333295112 ) ) ;
#2261 = MECHANICAL_DESIGN_GEOMETRIC_PRESENTATION_REPRESENTATION (  '', ( #4119 ), #3844 ) ;
#2262 =( LENGTH_UNIT ( ) NAMED_UNIT ( * ) SI_UNIT ( .MILLI., .METRE. ) );
#2263 = VECTOR ( 'NONE', #2148, 1000.000000000000114 ) ;
#2264 = CARTESIAN_POINT ( 'NONE',  ( -1.016166108826265901, 1.130343042196252146, 2.453573992327915398 ) ) ;
#2265 = DIRECTION ( 'NONE',  ( 0.000000000000000000, -1.000000000000000000, 0.000000000000000000 ) ) ;
#2266 = B_SPLINE_CURVE_WITH_KNOTS ( 'NONE', 3,
 ( #3847, #1536, #522, #1196 ),
 .UNSPECIFIED., .F., .F.,
 ( 4, 4 ),
 ( 0.000000000000000000, 2.275775663303195236E-06 ),
 .UNSPECIFIED. ) ;
#2267 = PRESENTATION_LAYER_ASSIGNMENT (  '', '', ( #1457 ) ) ;
#2268 = FILL_AREA_STYLE_COLOUR ( '', #3083 ) ;
#2269 =( NAMED_UNIT ( * ) PLANE_ANGLE_UNIT ( ) SI_UNIT ( $, .RADIAN. ) );
#2270 = PRESENTATION_LAYER_ASSIGNMENT (  '', '', ( #986 ) ) ;
#2271 = CARTESIAN_POINT ( 'NONE',  ( 2.449961500122765035, 0.4000000000000000222, 0.6499999999999770406 ) ) ;
#2272 = EDGE_CURVE ( 'NONE', #2486, #1348, #1924, .T. ) ;
#2273 = COLOUR_RGB ( '',0.7921568627450980005, 0.8196078431372548767, 0.9333333333333333481 ) ;
#2274 = B_SPLINE_CURVE_WITH_KNOTS ( 'NONE', 3,
 ( #3808, #242, #2886, #3884 ),
 .UNSPECIFIED., .F., .F.,
 ( 4, 4 ),
 ( 0.000000000000000000, 1.000000000000000000 ),
 .UNSPECIFIED. ) ;
#2275 = CARTESIAN_POINT ( 'NONE',  ( -1.181522812912281895, 1.150648537357724654, -2.402129118084120663 ) ) ;
#2276 = FILL_AREA_STYLE ('',( #2256 ) ) ;
#2277 = MECHANICAL_DESIGN_GEOMETRIC_PRESENTATION_REPRESENTATION (  '', ( #980 ), #2913 ) ;
#2278 = EDGE_CURVE ( 'NONE', #1011, #44, #271, .T. ) ;
#2279 = APPLICATION_PROTOCOL_DEFINITION ( 'draft international standard', 'automotive_design', 1998, #3468 ) ;
#2280 = SURFACE_SIDE_STYLE ('',( #1665 ) ) ;
#2281 = ORIENTED_EDGE ( 'NONE', *, *, #1279, .F. ) ;
#2282 = DIRECTION ( 'NONE',  ( 0.000000000000000000, 1.000000000000000000, 0.000000000000000000 ) ) ;
#2283 = CARTESIAN_POINT ( 'NONE',  ( 2.449961500122779690, 1.149999999999999911, -1.900000000000034994 ) ) ;
#2284 =( NAMED_UNIT ( * ) SI_UNIT ( $, .STERADIAN. ) SOLID_ANGLE_UNIT ( ) );
#2285 = CARTESIAN_POINT ( 'NONE',  ( -2.250000000000000000, 0.4000000000000000222, -1.882858153910764942 ) ) ;
#2286 = DIRECTION ( 'NONE',  ( -0.7771459614569755647, 0.000000000000000000, 0.6293203910498317288 ) ) ;
#2287 = CYLINDRICAL_SURFACE ( 'NONE', #4154, 0.2999999999999999334 ) ;
#2288 = CARTESIAN_POINT ( 'NONE',  ( 1.217018524819962089, 1.150399942531384445, 2.373633921180990924 ) ) ;
#2289 = CARTESIAN_POINT ( 'NONE',  ( -2.083333333333354798, 1.516666666666665053, -0.3993243883317790233 ) ) ;
#2290 = ORIENTED_EDGE ( 'NONE', *, *, #3953, .F. ) ;
#2291 = FACE_OUTER_BOUND ( 'NONE', #998, .T. ) ;
#2292 = VECTOR ( 'NONE', #643, 1000.000000000000000 ) ;
#2293 = CARTESIAN_POINT ( 'NONE',  ( -2.450038499877194909, 1.149999999999999911, -1.600000000000034950 ) ) ;
#2294 = EDGE_CURVE ( 'NONE', #420, #4152, #2567, .T. ) ;
#2295 = COLOUR_RGB ( '',0.5254901960784313930, 0.5254901960784313930, 0.5254901960784313930 ) ;
#2296 = CARTESIAN_POINT ( 'NONE',  ( 1.123835411748682844, 2.987805239292717019, 2.384146407141122470 ) ) ;
#2297 = CARTESIAN_POINT ( 'NONE',  ( 2.149967000273294904, 0.4000000000000000222, -1.900000916285645047 ) ) ;
#2298 = EDGE_CURVE ( 'NONE', #2160, #182, #3878, .T. ) ;
#2299 = MECHANICAL_DESIGN_GEOMETRIC_PRESENTATION_REPRESENTATION (  '', ( #1621 ), #2737 ) ;
#2300 = ORIENTED_EDGE ( 'NONE', *, *, #100, .T. ) ;
#2301 = CARTESIAN_POINT ( 'NONE',  ( -0.3638830755271559858, 2.250000000000000000, 2.316666666666635344 ) ) ;
#2302 = EDGE_LOOP ( 'NONE', ( #789, #3153, #2447, #3016 ) ) ;
#2303 = CIRCLE ( 'NONE', #1013, 0.2999999999999999334 ) ;
#2304 = CARTESIAN_POINT ( 'NONE',  ( 2.183935042838589968, 0.3999999999999999667, -1.899999377187028271 ) ) ;
#2305 = FACE_OUTER_BOUND ( 'NONE', #4111, .T. ) ;
#2306 =( NAMED_UNIT ( * ) PLANE_ANGLE_UNIT ( ) SI_UNIT ( $, .RADIAN. ) );
#2307 = DIRECTION ( 'NONE',  ( -0.9999999998319363259, 0.000000000000000000, -1.833377905454695305E-05 ) ) ;
#2308 = SURFACE_STYLE_USAGE ( .BOTH. , #1007 ) ;
#2309 = ORIENTED_EDGE ( 'NONE', *, *, #2173, .F. ) ;
#2310 = AXIS2_PLACEMENT_3D ( 'NONE', #2283, #982, #356 ) ;
#2311 =( NAMED_UNIT ( * ) SI_UNIT ( $, .STERADIAN. ) SOLID_ANGLE_UNIT ( ) );
#2312 = CARTESIAN_POINT ( 'NONE',  ( -1.850000000000000089, 4.100000000000000533, -1.115345498071522057 ) ) ;
#2313 = ORIENTED_EDGE ( 'NONE', *, *, #3051, .T. ) ;
#2314 = CARTESIAN_POINT ( 'NONE',  ( -2.150000000000025224, 1.149999999999999911, 0.4071936899435589785 ) ) ;
#2315 = ORIENTED_EDGE ( 'NONE', *, *, #843, .F. ) ;
#2316 = CARTESIAN_POINT ( 'NONE',  ( -2.049951099374220043, 2.623549144953800205, -1.079915465646130057 ) ) ;
#2317 = DIRECTION ( 'NONE',  ( 0.000000000000000000, -1.000000000000000000, 0.000000000000000000 ) ) ;
#2318 =( GEOMETRIC_REPRESENTATION_CONTEXT ( 3 ) GLOBAL_UNCERTAINTY_ASSIGNED_CONTEXT ( ( #1688 ) ) GLOBAL_UNIT_ASSIGNED_CONTEXT ( ( #3723, #2726, #719 ) ) REPRESENTATION_CONTEXT ( 'NONE', 'WORKASPACE' ) );
#2319 = PLANE ( 'NONE',  #3322 ) ;
#2320 = B_SPLINE_CURVE_WITH_KNOTS ( 'NONE', 3,
 ( #2297, #330, #976, #21 ),
 .UNSPECIFIED., .F., .F.,
 ( 4, 4 ),
 ( 0.1533143361689029982, 1.000000000000000000 ),
 .UNSPECIFIED. ) ;
#2321 = FILL_AREA_STYLE ('',( #1064 ) ) ;
#2322 = ORIENTED_EDGE ( 'NONE', *, *, #2121, .T. ) ;
#2323 = ORIENTED_EDGE ( 'NONE', *, *, #6, .F. ) ;
#2324 = CARTESIAN_POINT ( 'NONE',  ( 2.149999999999975042, 4.100000000000000533, 1.221581069830675936 ) ) ;
#2325 = EDGE_LOOP ( 'NONE', ( #1812, #798, #2528, #639, #1354, #1244, #613, #1869, #4090, #3661 ) ) ;
#2326 = UNCERTAINTY_MEASURE_WITH_UNIT (LENGTH_MEASURE( 1.000000000000000082E-05 ), #1642, 'distance_accuracy_value', 'NONE');
#2327 = DIRECTION ( 'NONE',  ( 1.000000000000000000, 0.000000000000000000, 7.532351935162430267E-15 ) ) ;
#2328 = EDGE_CURVE ( 'NONE', #2675, #1024, #1202, .T. ) ;
#2329 = EDGE_LOOP ( 'NONE', ( #331, #3974, #3737, #2076, #773, #2018 ) ) ;
#2330 = CARTESIAN_POINT ( 'NONE',  ( 1.012153304464924242, 3.350000000000000089, -2.449999999999999734 ) ) ;
#2331 = VERTEX_POINT ( 'NONE', #2867 ) ;
#2332 = FILL_AREA_STYLE ('',( #385 ) ) ;
#2333 =( LENGTH_UNIT ( ) NAMED_UNIT ( * ) SI_UNIT ( .MILLI., .METRE. ) );
#2334 = DIRECTION ( 'NONE',  ( 0.000000000000000000, 0.000000000000000000, -1.000000000000000000 ) ) ;
#2335 = DIRECTION ( 'NONE',  ( -1.445602896647339508E-15, 0.000000000000000000, 1.000000000000000000 ) ) ;
#2336 = ORIENTED_EDGE ( 'NONE', *, *, #3601, .T. ) ;
#2337 = CARTESIAN_POINT ( 'NONE',  ( -0.9478553759899082110, 1.883417014082755081, 2.316651451984916399 ) ) ;
#2338 = CIRCLE ( 'NONE', #629, 0.2999999999999999334 ) ;
#2339 = B_SPLINE_CURVE_WITH_KNOTS ( 'NONE', 3,
 ( #3040, #733, #2695, #3764 ),
 .UNSPECIFIED., .F., .F.,
 ( 4, 4 ),
 ( 0.000000000000000000, 1.000000000000000000 ),
 .UNSPECIFIED. ) ;
#2340 =( LENGTH_UNIT ( ) NAMED_UNIT ( * ) SI_UNIT ( .MILLI., .METRE. ) );
#2341 = AXIS2_PLACEMENT_3D ( 'NONE', #594, #2548, #3472 ) ;
#2342 =( LENGTH_UNIT ( ) NAMED_UNIT ( * ) SI_UNIT ( .MILLI., .METRE. ) );
#2343 = CARTESIAN_POINT ( 'NONE',  ( -1.182145760933936085, 2.616718857961369160, -2.204937201562652938 ) ) ;
#2344 = PRESENTATION_LAYER_ASSIGNMENT (  '', '', ( #1659 ) ) ;
#2345 =( GEOMETRIC_REPRESENTATION_CONTEXT ( 3 ) GLOBAL_UNCERTAINTY_ASSIGNED_CONTEXT ( ( #2113 ) ) GLOBAL_UNIT_ASSIGNED_CONTEXT ( ( #2963, #657, #3271 ) ) REPRESENTATION_CONTEXT ( 'NONE', 'WORKASPACE' ) );
#2346 = CARTESIAN_POINT ( 'NONE',  ( 0.9645016636863691373, 1.873257800045174948, 2.350091710292460334 ) ) ;
#2347 = PRESENTATION_LAYER_ASSIGNMENT (  '', '', ( #364 ) ) ;
#2348 = MECHANICAL_DESIGN_GEOMETRIC_PRESENTATION_REPRESENTATION (  '', ( #2414 ), #1593 ) ;
#2349 = CARTESIAN_POINT ( 'NONE',  ( 2.084217250074650085, 3.349973139425650004, 1.302808240416334140 ) ) ;
#2350 = ORIENTED_EDGE ( 'NONE', *, *, #1840, .F. ) ;
#2351 = LINE ( 'NONE', #2372, #2917 ) ;
#2352 = EDGE_LOOP ( 'NONE', ( #2418, #800, #1459, #3710 ) ) ;
#2353 = CARTESIAN_POINT ( 'NONE',  ( -2.149995116318869748, 3.349973139425645119, 1.117057276342092065 ) ) ;
#2354 = CARTESIAN_POINT ( 'NONE',  ( -2.250000000000000000, 0.4000000000000000222, -0.6500000000000339950 ) ) ;
#2355 = VERTEX_POINT ( 'NONE', #3492 ) ;
#2356 = CARTESIAN_POINT ( 'NONE',  ( 2.249903357500499634, 0.4000000000000000222, 1.899996856239225096 ) ) ;
#2357 = EDGE_CURVE ( 'NONE', #2563, #4208, #3824, .T. ) ;
#2358 =( NAMED_UNIT ( * ) PLANE_ANGLE_UNIT ( ) SI_UNIT ( $, .RADIAN. ) );
#2359 = CARTESIAN_POINT ( 'NONE',  ( 1.243318830641969797, 1.150051772220131996, 2.339699311922474934 ) ) ;
#2360 = VERTEX_POINT ( 'NONE', #921 ) ;
#2361 = CARTESIAN_POINT ( 'NONE',  ( -1.600627182531664916, 1.149999999999999911, -1.900000000000034994 ) ) ;
#2362 = FILL_AREA_STYLE_COLOUR ( '', #914 ) ;
#2363 = EDGE_CURVE ( 'NONE', #1011, #3506, #2201, .T. ) ;
#2364 =( NAMED_UNIT ( * ) PLANE_ANGLE_UNIT ( ) SI_UNIT ( $, .RADIAN. ) );
#2365 =( NAMED_UNIT ( * ) SI_UNIT ( $, .STERADIAN. ) SOLID_ANGLE_UNIT ( ) );
#2366 = DIRECTION ( 'NONE',  ( 0.000000000000000000, -1.000000000000000000, 0.000000000000000000 ) ) ;
#2367 = MECHANICAL_DESIGN_GEOMETRIC_PRESENTATION_REPRESENTATION (  '', ( #1822 ), #102 ) ;
#2368 = CARTESIAN_POINT ( 'NONE',  ( 2.149999999999999911, 3.350000000000000089, -1.115345498071464103 ) ) ;
#2369 = SURFACE_STYLE_FILL_AREA ( #2391 ) ;
#2370 = VERTEX_POINT ( 'NONE', #901 ) ;
#2371 = UNCERTAINTY_MEASURE_WITH_UNIT (LENGTH_MEASURE( 1.000000000000000082E-05 ), #129, 'distance_accuracy_value', 'NONE');
#2372 = CARTESIAN_POINT ( 'NONE',  ( -2.450138499877214660, 0.5000000000000000000, 0.6499999999999659384 ) ) ;
#2373 = STYLED_ITEM ( 'NONE', ( #795 ), #3160 ) ;
#2374 = ORIENTED_EDGE ( 'NONE', *, *, #1884, .T. ) ;
#2375 = DIRECTION ( 'NONE',  ( -1.000000000000000000, 0.000000000000000000, 0.000000000000000000 ) ) ;
#2376 = PLANE ( 'NONE',  #1385 ) ;
#2377 =( NAMED_UNIT ( * ) PLANE_ANGLE_UNIT ( ) SI_UNIT ( $, .RADIAN. ) );
#2378 = VERTEX_POINT ( 'NONE', #536 ) ;
#2379 = SURFACE_SIDE_STYLE ('',( #3658 ) ) ;
#2380 =( NAMED_UNIT ( * ) PLANE_ANGLE_UNIT ( ) SI_UNIT ( $, .RADIAN. ) );
#2381 = STYLED_ITEM ( 'NONE', ( #1951 ), #3790 ) ;
#2382 = EDGE_CURVE ( 'NONE', #3263, #655, #575, .T. ) ;
#2383 = CARTESIAN_POINT ( 'NONE',  ( 2.149999999999999911, 1.149999999999999911, -0.4071936899435584789 ) ) ;
#2384 = EDGE_LOOP ( 'NONE', ( #4069, #1878, #3749, #3309, #3135, #2971 ) ) ;
#2385 = SURFACE_STYLE_FILL_AREA ( #2763 ) ;
#2386 = FILL_AREA_STYLE ('',( #1356 ) ) ;
#2387 = EDGE_CURVE ( 'NONE', #3916, #1068, #1240, .T. ) ;
#2388 = CARTESIAN_POINT ( 'NONE',  ( -2.149998370891515354, 3.349991040012325172, 1.116486901126479969 ) ) ;
#2389 = PRESENTATION_STYLE_ASSIGNMENT (( #1083 ) ) ;
#2390 = PRESENTATION_STYLE_ASSIGNMENT (( #376 ) ) ;
#2391 = FILL_AREA_STYLE ('',( #1151 ) ) ;
#2392 = SURFACE_STYLE_USAGE ( .BOTH. , #3331 ) ;
#2393 = EDGE_LOOP ( 'NONE', ( #3378, #1109, #1054, #3795 ) ) ;
#2394 = CARTESIAN_POINT ( 'NONE',  ( -1.155245964274456139, 4.100000000000000533, 2.449999999999960210 ) ) ;
#2395 = FILL_AREA_STYLE ('',( #488 ) ) ;
#2396 = EDGE_LOOP ( 'NONE', ( #4204, #1485, #705, #1975 ) ) ;
#2397 = FILL_AREA_STYLE ('',( #3056 ) ) ;
#2398 = CARTESIAN_POINT ( 'NONE',  ( -2.250000000000000000, 0.000000000000000000, -0.6500000000000339950 ) ) ;
#2399 = CARTESIAN_POINT ( 'NONE',  ( 2.016666666666669716, 2.250000000000000000, -0.3914550867199550477 ) ) ;
#2400 = ORIENTED_EDGE ( 'NONE', *, *, #4092, .T. ) ;
#2401 = DIRECTION ( 'NONE',  ( 0.000000000000000000, 1.000000000000000000, 0.000000000000000000 ) ) ;
#2402 = CARTESIAN_POINT ( 'NONE',  ( 2.249923000245584781, 0.000000000000000000, -0.6500000000000339950 ) ) ;
#2403 = DIRECTION ( 'NONE',  ( 0.000000000000000000, 1.000000000000000000, 0.000000000000000000 ) ) ;
#2404 = VECTOR ( 'NONE', #2403, 1000.000000000000000 ) ;
#2405 = EDGE_CURVE ( 'NONE', #1777, #1476, #1602, .T. ) ;
#2406 = STYLED_ITEM ( 'NONE', ( #3340 ), #64 ) ;
#2407 = CARTESIAN_POINT ( 'NONE',  ( -2.450038499877194909, 0.4000000000000000222, 0.6499999999999770406 ) ) ;
#2408 =( LENGTH_UNIT ( ) NAMED_UNIT ( * ) SI_UNIT ( .MILLI., .METRE. ) );
#2409 = FILL_AREA_STYLE ('',( #3695 ) ) ;
#2410 = COLOUR_RGB ( '',1.000000000000000000, 1.000000000000000000, 1.000000000000000000 ) ;
#2411 = ADVANCED_FACE ( 'NONE', ( #2224 ), #3164, .F. ) ;
#2412 = VECTOR ( 'NONE', #4174, 1000.000000000000000 ) ;
#2413 = MECHANICAL_DESIGN_GEOMETRIC_PRESENTATION_REPRESENTATION (  '', ( #775 ), #2345 ) ;
#2414 = STYLED_ITEM ( 'NONE', ( #2746 ), #2043 ) ;
#2415 = CARTESIAN_POINT ( 'NONE',  ( 2.149999999999975042, 1.149999999999999911, 1.221581069830675936 ) ) ;
#2416 = FILL_AREA_STYLE_COLOUR ( '', #3641 ) ;
#2417 = DIRECTION ( 'NONE',  ( 0.000000000000000000, 0.000000000000000000, -1.000000000000000000 ) ) ;
#2418 = ORIENTED_EDGE ( 'NONE', *, *, #1130, .F. ) ;
#2419 = DIRECTION ( 'NONE',  ( 0.000000000000000000, 0.000000000000000000, -1.000000000000000000 ) ) ;
#2420 = CARTESIAN_POINT ( 'NONE',  ( 2.149961500122754998, 1.149999999999999911, 1.599996856239225052 ) ) ;
#2421 = AXIS2_PLACEMENT_3D ( 'NONE', #2674, #4005, #1400 ) ;
#2422 = CARTESIAN_POINT ( 'NONE',  ( -1.197557332310219769, 2.623791035312770248, -2.238703098953825243 ) ) ;
#2423 = CARTESIAN_POINT ( 'NONE',  ( 2.149999999999999911, 3.350000000000000089, 0.4071936899435584789 ) ) ;
#2424 = ORIENTED_EDGE ( 'NONE', *, *, #3141, .T. ) ;
#2425 =( LENGTH_UNIT ( ) NAMED_UNIT ( * ) SI_UNIT ( .MILLI., .METRE. ) );
#2426 = B_SPLINE_CURVE_WITH_KNOTS ( 'NONE', 3,
 ( #121, #1094, #3080, #4022 ),
 .UNSPECIFIED., .F., .F.,
 ( 4, 4 ),
 ( 0.000000000000000000, 1.000000000000000000 ),
 .UNSPECIFIED. ) ;
#2427 = DIRECTION ( 'NONE',  ( 0.000000000000000000, 1.000000000000000000, 0.000000000000000000 ) ) ;
#2428 = DIRECTION ( 'NONE',  ( 0.000000000000000000, -1.000000000000000000, 0.000000000000000000 ) ) ;
#2429 =( NAMED_UNIT ( * ) PLANE_ANGLE_UNIT ( ) SI_UNIT ( $, .RADIAN. ) );
#2430 = DIRECTION ( 'NONE',  ( 0.000000000000000000, 1.000000000000000000, 0.000000000000000000 ) ) ;
#2431 = PRESENTATION_STYLE_ASSIGNMENT (( #3722 ) ) ;
#2432 = FACE_OUTER_BOUND ( 'NONE', #4108, .T. ) ;
#2433 = EDGE_LOOP ( 'NONE', ( #3360, #1175, #3093, #503, #1173, #430, #3455 ) ) ;
#2434 = VERTEX_POINT ( 'NONE', #4239 ) ;
#2435 = DIRECTION ( 'NONE',  ( 0.000000000000000000, 1.000000000000000000, 0.000000000000000000 ) ) ;
#2436 = EDGE_CURVE ( 'NONE', #4125, #1290, #1006, .T. ) ;
#2437 = SURFACE_STYLE_FILL_AREA ( #3077 ) ;
#2438 = DIRECTION ( 'NONE',  ( 1.000000000000000000, 0.000000000000000000, 0.000000000000000000 ) ) ;
#2439 = B_SPLINE_CURVE_WITH_KNOTS ( 'NONE', 3,
 ( #3436, #159, #2081, #1815 ),
 .UNSPECIFIED., .F., .F.,
 ( 4, 4 ),
 ( 0.000000000000000000, 1.000000000000000000 ),
 .UNSPECIFIED. ) ;
#2440 = PRESENTATION_LAYER_ASSIGNMENT (  '', '', ( #660 ) ) ;
#2441 = VERTEX_POINT ( 'NONE', #984 ) ;
#2442 = CARTESIAN_POINT ( 'NONE',  ( 1.155245964274400183, 3.350000000000000089, 2.449999999999960210 ) ) ;
#2443 = PRESENTATION_STYLE_ASSIGNMENT (( #1074 ) ) ;
#2444 = STYLED_ITEM ( 'NONE', ( #3792 ), #3377 ) ;
#2445 = CARTESIAN_POINT ( 'NONE',  ( -1.197641913230703903, 1.873258032026754893, -2.238889502125035236 ) ) ;
#2446 = CARTESIAN_POINT ( 'NONE',  ( 2.083333333333325044, 1.516666666666665053, 0.3993243883317569853 ) ) ;
#2447 = ORIENTED_EDGE ( 'NONE', *, *, #442, .F. ) ;
#2448 = CARTESIAN_POINT ( 'NONE',  ( 1.091649226581249854, 2.250000000000000000, -2.316666666666690411 ) ) ;
#2449 = AXIS2_PLACEMENT_3D ( 'NONE', #3495, #1583, #4177 ) ;
#2450 = CYLINDRICAL_SURFACE ( 'NONE', #1280, 0.2999999999999999334 ) ;
#2451 = LINE ( 'NONE', #1763, #419 ) ;
#2452 = LINE ( 'NONE', #3768, #1256 ) ;
#2453 = SHAPE_REPRESENTATION ( 'L_XND5050YA.STEP', ( #2527, #3683 ), #3547 ) ;
#2454 = VERTEX_POINT ( 'NONE', #1326 ) ;
#2455 = CARTESIAN_POINT ( 'NONE',  ( 2.152772063857065099, 3.365246351213989850, 1.118040726690569864 ) ) ;
#2456 =( NAMED_UNIT ( * ) PLANE_ANGLE_UNIT ( ) SI_UNIT ( $, .RADIAN. ) );
#2457 = UNCERTAINTY_MEASURE_WITH_UNIT (LENGTH_MEASURE( 1.000000000000000082E-05 ), #3545, 'distance_accuracy_value', 'NONE');
#2458 =( NAMED_UNIT ( * ) PLANE_ANGLE_UNIT ( ) SI_UNIT ( $, .RADIAN. ) );
#2459 = CARTESIAN_POINT ( 'NONE',  ( -2.083143788437119781, 4.100000000000000533, 1.304141615386449793 ) ) ;
#2460 =( LENGTH_UNIT ( ) NAMED_UNIT ( * ) SI_UNIT ( .MILLI., .METRE. ) );
#2461 = SURFACE_SIDE_STYLE ('',( #1755 ) ) ;
#2462 = VERTEX_POINT ( 'NONE', #1301 ) ;
#2463 = UNCERTAINTY_MEASURE_WITH_UNIT (LENGTH_MEASURE( 1.000000000000000082E-05 ), #2342, 'distance_accuracy_value', 'NONE');
#2464 = CARTESIAN_POINT ( 'NONE',  ( 1.708327519971524877, 2.250000000000000000, 1.555132395662120137 ) ) ;
#2465 = LINE ( 'NONE', #2115, #2704 ) ;
#2466 = ADVANCED_FACE ( 'NONE', ( #1644 ), #4082, .T. ) ;
#2467 = CARTESIAN_POINT ( 'NONE',  ( -1.155669326224788129, 3.354881782329190099, -2.450887596787144407 ) ) ;
#2468 = ORIENTED_EDGE ( 'NONE', *, *, #942, .T. ) ;
#2469 = CARTESIAN_POINT ( 'NONE',  ( -2.083143788437119781, 4.100000000000000533, 1.304141615386449793 ) ) ;
#2470 = FILL_AREA_STYLE_COLOUR ( '', #3508 ) ;
#2471 = EDGE_CURVE ( 'NONE', #1761, #20, #3630, .T. ) ;
#2472 =( NAMED_UNIT ( * ) PLANE_ANGLE_UNIT ( ) SI_UNIT ( $, .RADIAN. ) );
#2473 = CARTESIAN_POINT ( 'NONE',  ( 2.126038094008180668, 3.347872755796951427, 1.250556988037400341 ) ) ;
#2474 =( NAMED_UNIT ( * ) SI_UNIT ( $, .STERADIAN. ) SOLID_ANGLE_UNIT ( ) );
#2475 = ORIENTED_EDGE ( 'NONE', *, *, #3643, .T. ) ;
#2476 = AXIS2_PLACEMENT_3D ( 'NONE', #507, #3771, #2749 ) ;
#2477 = CARTESIAN_POINT ( 'NONE',  ( -2.149999999999999911, 1.149999999999999911, -1.117059087394590033 ) ) ;
#2478 = SURFACE_STYLE_FILL_AREA ( #113 ) ;
#2479 = CIRCLE ( 'NONE', #1578, 0.2999999999999999334 ) ;
#2480 = PRESENTATION_STYLE_ASSIGNMENT (( #2155 ) ) ;
#2481 = ORIENTED_EDGE ( 'NONE', *, *, #14, .F. ) ;
#2482 = VECTOR ( 'NONE', #1903, 1000.000000000000000 ) ;
#2483 =( LENGTH_UNIT ( ) NAMED_UNIT ( * ) SI_UNIT ( .MILLI., .METRE. ) );
#2484 = FACE_OUTER_BOUND ( 'NONE', #2812, .T. ) ;
#2485 = DIRECTION ( 'NONE',  ( -7.532351935162430267E-15, 0.000000000000000000, 1.000000000000000000 ) ) ;
#2486 = VERTEX_POINT ( 'NONE', #3572 ) ;
#2487 =( LENGTH_UNIT ( ) NAMED_UNIT ( * ) SI_UNIT ( .MILLI., .METRE. ) );
#2488 = PRESENTATION_LAYER_ASSIGNMENT (  '', '', ( #80 ) ) ;
#2489 = MECHANICAL_DESIGN_GEOMETRIC_PRESENTATION_REPRESENTATION (  '', ( #3917 ), #4192 ) ;
#2490 = SURFACE_STYLE_FILL_AREA ( #3180 ) ;
#2491 =( NAMED_UNIT ( * ) PLANE_ANGLE_UNIT ( ) SI_UNIT ( $, .RADIAN. ) );
#2492 = DIRECTION ( 'NONE',  ( 0.000000000000000000, 1.000000000000000000, 0.000000000000000000 ) ) ;
#2493 = EDGE_CURVE ( 'NONE', #1510, #2815, #3906, .T. ) ;
#2494 = VECTOR ( 'NONE', #1414, 1000.000000000000000 ) ;
#2495 =( LENGTH_UNIT ( ) NAMED_UNIT ( * ) SI_UNIT ( .MILLI., .METRE. ) );
#2496 = PRESENTATION_LAYER_ASSIGNMENT (  '', '', ( #3860 ) ) ;
#2497 =( NAMED_UNIT ( * ) PLANE_ANGLE_UNIT ( ) SI_UNIT ( $, .RADIAN. ) );
#2498 = STYLED_ITEM ( 'NONE', ( #1515 ), #2598 ) ;
#2499 = LINE ( 'NONE', #625, #3329 ) ;
#2500 = CARTESIAN_POINT ( 'NONE',  ( 2.450061500122765246, 0.5000000000000000000, 0.6499999999999770406 ) ) ;
#2501 = DIRECTION ( 'NONE',  ( -0.000000000000000000, 1.000000000000000000, 0.000000000000000000 ) ) ;
#2502 = ADVANCED_FACE ( 'NONE', ( #3979 ), #2733, .T. ) ;
#2503 = ORIENTED_EDGE ( 'NONE', *, *, #2193, .F. ) ;
#2504 = CARTESIAN_POINT ( 'NONE',  ( 2.050048423258480135, 1.874881025752989983, 1.079951638564410121 ) ) ;
#2505 = FILL_AREA_STYLE_COLOUR ( '', #2599 ) ;
#2506 = ORIENTED_EDGE ( 'NONE', *, *, #2742, .F. ) ;
#2507 = CARTESIAN_POINT ( 'NONE',  ( 0.000000000000000000, 0.000000000000000000, 0.000000000000000000 ) ) ;
#2508 = CARTESIAN_POINT ( 'NONE',  ( 1.600627182531640047, 1.149999999999999911, 1.899999999999975042 ) ) ;
#2509 = VERTEX_POINT ( 'NONE', #424 ) ;
#2510 = CARTESIAN_POINT ( 'NONE',  ( -2.083333333333370341, 2.983333333333334725, 1.197973164995318029 ) ) ;
#2511 = COLOUR_RGB ( '',0.5254901960784313930, 0.5254901960784313930, 0.5254901960784313930 ) ;
#2512 = CARTESIAN_POINT ( 'NONE',  ( 1.949479455119133231, 1.883371103178990369, 1.257323644495629500 ) ) ;
#2513 = VECTOR ( 'NONE', #2282, 1000.000000000000000 ) ;
#2514 = FILL_AREA_STYLE_COLOUR ( '', #423 ) ;
#2515 =( NAMED_UNIT ( * ) PLANE_ANGLE_UNIT ( ) SI_UNIT ( $, .RADIAN. ) );
#2516 = DIRECTION ( 'NONE',  ( 1.000000000000000000, 0.000000000000000000, 0.000000000000000000 ) ) ;
#2517 = DIRECTION ( 'NONE',  ( 7.532351935162430267E-15, 0.000000000000000000, -1.000000000000000000 ) ) ;
#2518 = DIRECTION ( 'NONE',  ( 0.000000000000000000, 1.000000000000000000, 0.000000000000000000 ) ) ;
#2519 = PRESENTATION_STYLE_ASSIGNMENT (( #3222 ) ) ;
#2520 = PRESENTATION_LAYER_ASSIGNMENT (  '', '', ( #1891 ) ) ;
#2521 = VERTEX_POINT ( 'NONE', #165 ) ;
#2522 = EDGE_CURVE ( 'NONE', #3127, #748, #2622, .T. ) ;
#2523 = AXIS2_PLACEMENT_3D ( 'NONE', #2099, #756, #434 ) ;
#2524 = CARTESIAN_POINT ( 'NONE',  ( -1.850000000000000089, 4.100000000000000533, -1.115345498071522057 ) ) ;
#2525 = DIRECTION ( 'NONE',  ( 0.000000000000000000, -1.000000000000000000, 0.000000000000000000 ) ) ;
#2526 = SURFACE_STYLE_FILL_AREA ( #1477 ) ;
#2527 = AXIS2_PLACEMENT_3D ( 'NONE', #2507, #3142, #588 ) ;
#2528 = ORIENTED_EDGE ( 'NONE', *, *, #1386, .F. ) ;
#2529 =( NAMED_UNIT ( * ) SI_UNIT ( $, .STERADIAN. ) SOLID_ANGLE_UNIT ( ) );
#2530 = SURFACE_STYLE_FILL_AREA ( #2926 ) ;
#2531 = CARTESIAN_POINT ( 'NONE',  ( -1.399988373276429998, 2.250000000000000000, -1.935899531164435139 ) ) ;
#2532 =( LENGTH_UNIT ( ) NAMED_UNIT ( * ) SI_UNIT ( .MILLI., .METRE. ) );
#2533 = FILL_AREA_STYLE ('',( #1927 ) ) ;
#2534 = CARTESIAN_POINT ( 'NONE',  ( 1.242784018148549885, 0.4000000000000000222, 2.338796117314939860 ) ) ;
#2535 = ORIENTED_EDGE ( 'NONE', *, *, #2021, .T. ) ;
#2536 = DIRECTION ( 'NONE',  ( -1.207054522205896064E-14, 0.000000000000000000, 1.000000000000000000 ) ) ;
#2537 = B_SPLINE_CURVE_WITH_KNOTS ( 'NONE', 3,
 ( #1633, #1998, #2676, #2978 ),
 .UNSPECIFIED., .F., .F.,
 ( 4, 4 ),
 ( 0.000000000000000000, 1.000000000000000000 ),
 .UNSPECIFIED. ) ;
#2538 =( LENGTH_UNIT ( ) NAMED_UNIT ( * ) SI_UNIT ( .MILLI., .METRE. ) );
#2539 = VECTOR ( 'NONE', #4164, 1000.000000000000114 ) ;
#2540 = EDGE_CURVE ( 'NONE', #1393, #2462, #3851, .T. ) ;
#2541 = LINE ( 'NONE', #3848, #549 ) ;
#2542 = ADVANCED_FACE ( 'NONE', ( #119 ), #2755, .F. ) ;
#2543 = ORIENTED_EDGE ( 'NONE', *, *, #3784, .F. ) ;
#2544 = UNCERTAINTY_MEASURE_WITH_UNIT (LENGTH_MEASURE( 1.000000000000000082E-05 ), #2408, 'distance_accuracy_value', 'NONE');
#2545 = PRESENTATION_LAYER_ASSIGNMENT (  '', '', ( #346 ) ) ;
#2546 = COLOUR_RGB ( '',0.5254901960784313930, 0.5254901960784313930, 0.5254901960784313930 ) ;
#2547 = CARTESIAN_POINT ( 'NONE',  ( 2.050049004084999904, 1.874868542113159897, -1.079951854444288095 ) ) ;
#2548 = DIRECTION ( 'NONE',  ( 0.000000000000000000, -1.000000000000000000, 0.000000000000000000 ) ) ;
#2549 = SURFACE_STYLE_USAGE ( .BOTH. , #3573 ) ;
#2550 = CARTESIAN_POINT ( 'NONE',  ( 1.155245964274369985, 1.149999999999999911, -2.449999999999999734 ) ) ;
#2551 = STYLED_ITEM ( 'NONE', ( #403 ), #2466 ) ;
#2552 = STYLED_ITEM ( 'NONE', ( #1737 ), #1759 ) ;
#2553 = ORIENTED_EDGE ( 'NONE', *, *, #1790, .T. ) ;
#2554 =( NAMED_UNIT ( * ) PLANE_ANGLE_UNIT ( ) SI_UNIT ( $, .RADIAN. ) );
#2555 = CARTESIAN_POINT ( 'NONE',  ( 1.486830642849581885, 3.350000000000000089, -2.040527023276904384 ) ) ;
#2556 = ORIENTED_EDGE ( 'NONE', *, *, #785, .F. ) ;
#2557 = MECHANICAL_DESIGN_GEOMETRIC_PRESENTATION_REPRESENTATION (  '', ( #1110 ), #3296 ) ;
#2558 = AXIS2_PLACEMENT_3D ( 'NONE', #171, #799, #3104 ) ;
#2559 = CARTESIAN_POINT ( 'NONE',  ( -2.149999999999999911, 1.149999999999999911, -1.221581069830731892 ) ) ;
#2560 = VERTEX_POINT ( 'NONE', #3398 ) ;
#2561 = FILL_AREA_STYLE ('',( #3004 ) ) ;
#2562 =( LENGTH_UNIT ( ) NAMED_UNIT ( * ) SI_UNIT ( .MILLI., .METRE. ) );
#2563 = VERTEX_POINT ( 'NONE', #1776 ) ;
#2564 = EDGE_CURVE ( 'NONE', #1265, #2573, #3095, .T. ) ;
#2565 = CARTESIAN_POINT ( 'NONE',  ( 2.085491494644609478, 2.995203220545319844, -1.094215427551539888 ) ) ;
#2566 = LINE ( 'NONE', #254, #972 ) ;
#2567 = LINE ( 'NONE', #3530, #1399 ) ;
#2568 = FILL_AREA_STYLE_COLOUR ( '', #3664 ) ;
#2569 =( GEOMETRIC_REPRESENTATION_CONTEXT ( 3 ) GLOBAL_UNCERTAINTY_ASSIGNED_CONTEXT ( ( #3748 ) ) GLOBAL_UNIT_ASSIGNED_CONTEXT ( ( #61, #822, #3474 ) ) REPRESENTATION_CONTEXT ( 'NONE', 'WORKASPACE' ) );
#2570 = B_SPLINE_CURVE_WITH_KNOTS ( 'NONE', 3,
 ( #4237, #959, #1945, #1002 ),
 .UNSPECIFIED., .F., .F.,
 ( 4, 4 ),
 ( 0.000000000000000000, 1.000000000000000000 ),
 .UNSPECIFIED. ) ;
#2571 = CARTESIAN_POINT ( 'NONE',  ( 1.009640229711457948, 0.4000000000000000222, 2.449999999999999734 ) ) ;
#2572 =( LENGTH_UNIT ( ) NAMED_UNIT ( * ) SI_UNIT ( .MILLI., .METRE. ) );
#2573 = VERTEX_POINT ( 'NONE', #2111 ) ;
#2574 = AXIS2_PLACEMENT_3D ( 'NONE', #1299, #4217, #3275 ) ;
#2575 = SHAPE_REPRESENTATION ( 'L_XND5050YA_1.STEP', ( #1560 ), #3154 ) ;
#2576 = CARTESIAN_POINT ( 'NONE',  ( -1.050000000000000044, 0.4000000000000000222, -1.900022000534904887 ) ) ;
#2577 = VECTOR ( 'NONE', #825, 1000.000000000000000 ) ;
#2578 = SURFACE_STYLE_USAGE ( .BOTH. , #2235 ) ;
#2579 = CARTESIAN_POINT ( 'NONE',  ( -1.243840466612629925, 3.349951351268909860, -2.340580846088940348 ) ) ;
#2580 = CARTESIAN_POINT ( 'NONE',  ( -2.049951248489369604, 2.623548391733800056, 1.079915521068663953 ) ) ;
#2581 = B_SPLINE_CURVE_WITH_KNOTS ( 'NONE', 3,
 ( #3320, #1012, #687, #1031 ),
 .UNSPECIFIED., .F., .F.,
 ( 4, 4 ),
 ( 0.000000000000000000, 1.000000000000000000 ),
 .UNSPECIFIED. ) ;
#2582 = PRESENTATION_LAYER_ASSIGNMENT (  '', '', ( #1698 ) ) ;
#2583 =( GEOMETRIC_REPRESENTATION_CONTEXT ( 3 ) GLOBAL_UNCERTAINTY_ASSIGNED_CONTEXT ( ( #1770 ) ) GLOBAL_UNIT_ASSIGNED_CONTEXT ( ( #2014, #4047, #2760 ) ) REPRESENTATION_CONTEXT ( 'NONE', 'WORKASPACE' ) );
#2584 = ORIENTED_EDGE ( 'NONE', *, *, #4188, .F. ) ;
#2585 =( NAMED_UNIT ( * ) SI_UNIT ( $, .STERADIAN. ) SOLID_ANGLE_UNIT ( ) );
#2586 = ORIENTED_EDGE ( 'NONE', *, *, #287, .T. ) ;
#2587 = UNCERTAINTY_MEASURE_WITH_UNIT (LENGTH_MEASURE( 1.000000000000000082E-05 ), #1456, 'distance_accuracy_value', 'NONE');
#2588 = CARTESIAN_POINT ( 'NONE',  ( -2.370967167097031592, 0.4000000000000000222, -1.839608733319464395 ) ) ;
#2589 = PRODUCT_DEFINITION_FORMATION_WITH_SPECIFIED_SOURCE ( 'ANY', '', #3209, .NOT_KNOWN. ) ;
#2590 = FACE_OUTER_BOUND ( 'NONE', #4184, .T. ) ;
#2591 = B_SPLINE_CURVE_WITH_KNOTS ( 'NONE', 3,
 ( #414, #3672, #675, #741 ),
 .UNSPECIFIED., .F., .F.,
 ( 4, 4 ),
 ( 0.000000000000000000, 2.275775663300300078E-06 ),
 .UNSPECIFIED. ) ;
#2592 = DIRECTION ( 'NONE',  ( 1.000000000000000000, 0.000000000000000000, 0.000000000000000000 ) ) ;
#2593 = FILL_AREA_STYLE ('',( #3611 ) ) ;
#2594 = EDGE_CURVE ( 'NONE', #3704, #3263, #4068, .T. ) ;
#2595 = CARTESIAN_POINT ( 'NONE',  ( 1.181524537459086810, 1.150642821501069113, 2.402129310294604192 ) ) ;
#2596 =( NAMED_UNIT ( * ) PLANE_ANGLE_UNIT ( ) SI_UNIT ( $, .RADIAN. ) );
#2597 = CARTESIAN_POINT ( 'NONE',  ( -1.152655889766434072, 0.4000000000000000222, -2.449999999999999734 ) ) ;
#2598 = ADVANCED_FACE ( 'NONE', ( #1798 ), #1198, .F. ) ;
#2599 = COLOUR_RGB ( '',0.5254901960784313930, 0.5254901960784313930, 0.5254901960784313930 ) ;
#2600 = B_SPLINE_CURVE_WITH_KNOTS ( 'NONE', 3,
 ( #3199, #514, #3149, #2851 ),
 .UNSPECIFIED., .F., .F.,
 ( 4, 4 ),
 ( 0.000000000000000000, 1.000000000000000000 ),
 .UNSPECIFIED. ) ;
#2601 =( NAMED_UNIT ( * ) SI_UNIT ( $, .STERADIAN. ) SOLID_ANGLE_UNIT ( ) );
#2602 = SURFACE_STYLE_USAGE ( .BOTH. , #3171 ) ;
#2603 = LINE ( 'NONE', #2254, #289 ) ;
#2604 = MANIFOLD_SOLID_BREP ( 'NONE', #348 ) ;
#2605 =( NAMED_UNIT ( * ) PLANE_ANGLE_UNIT ( ) SI_UNIT ( $, .RADIAN. ) );
#2606 = MECHANICAL_DESIGN_GEOMETRIC_PRESENTATION_REPRESENTATION (  '', ( #211 ), #1450 ) ;
#2607 = ITEM_DEFINED_TRANSFORMATION ( 'NONE', 'NONE', #4232,  #2527 ) ;
#2608 = CARTESIAN_POINT ( 'NONE',  ( 1.598114107778170201, 1.149999999999999911, 1.899999999999975042 ) ) ;
#2609 = VERTEX_POINT ( 'NONE', #3524 ) ;
#2610 = PLANE ( 'NONE',  #86 ) ;
#2611 = COLOUR_RGB ( '',0.000000000000000000, 0.000000000000000000, 0.000000000000000000 ) ;
#2612 = CARTESIAN_POINT ( 'NONE',  ( 2.449961500122779690, 1.149999999999999911, -1.600000000000030065 ) ) ;
#2613 =( LENGTH_UNIT ( ) NAMED_UNIT ( * ) SI_UNIT ( .MILLI., .METRE. ) );
#2614 = LINE ( 'NONE', #3628, #3849 ) ;
#2615 = CIRCLE ( 'NONE', #1037, 0.2999999999999999334 ) ;
#2616 = LINE ( 'NONE', #3961, #4010 ) ;
#2617 = SURFACE_STYLE_USAGE ( .BOTH. , #4241 ) ;
#2618 = COLOUR_RGB ( '',1.000000000000000000, 1.000000000000000000, 1.000000000000000000 ) ;
#2619 = FILL_AREA_STYLE ('',( #646 ) ) ;
#2620 = ADVANCED_FACE ( 'NONE', ( #231 ), #3834, .F. ) ;
#2621 = DIRECTION ( 'NONE',  ( 0.7771459614569714569, 0.000000000000000000, 0.6293203910498367248 ) ) ;
#2622 = CIRCLE ( 'NONE', #1675, 0.2999999999999999334 ) ;
#2623 = AXIS2_PLACEMENT_3D ( 'NONE', #3655, #2754, #2110 ) ;
#2624 = ORIENTED_EDGE ( 'NONE', *, *, #1185, .T. ) ;
#2625 = EDGE_CURVE ( 'NONE', #182, #1873, #2320, .T. ) ;
#2626 = FILL_AREA_STYLE ('',( #411 ) ) ;
#2627 = CARTESIAN_POINT ( 'NONE',  ( -1.245297092902100111, 4.100000000000000533, 2.338796117314915435 ) ) ;
#2628 = PRESENTATION_LAYER_ASSIGNMENT (  '', '', ( #1466 ) ) ;
#2629 = VECTOR ( 'NONE', #4173, 1000.000000000000000 ) ;
#2630 = CYLINDRICAL_SURFACE ( 'NONE', #2476, 0.2999999999999999334 ) ;
#2631 =( GEOMETRIC_REPRESENTATION_CONTEXT ( 3 ) GLOBAL_UNCERTAINTY_ASSIGNED_CONTEXT ( ( #1640 ) ) GLOBAL_UNIT_ASSIGNED_CONTEXT ( ( #2562, #208, #3485 ) ) REPRESENTATION_CONTEXT ( 'NONE', 'WORKASPACE' ) );
#2632 = DIRECTION ( 'NONE',  ( 0.000000000000000000, 0.000000000000000000, 1.000000000000000000 ) ) ;
#2633 = B_SPLINE_CURVE_WITH_KNOTS ( 'NONE', 3,
 ( #1590, #1682, #4231, #1293 ),
 .UNSPECIFIED., .F., .F.,
 ( 4, 4 ),
 ( 0.000000000000000000, 1.689365752736189940E-06 ),
 .UNSPECIFIED. ) ;
#2634 = DIRECTION ( 'NONE',  ( -7.339214706055721837E-15, 0.000000000000000000, 1.000000000000000000 ) ) ;
#2635 = EDGE_LOOP ( 'NONE', ( #3584, #1043, #3544, #3942 ) ) ;
#2636 = SURFACE_STYLE_USAGE ( .BOTH. , #4190 ) ;
#2637 = ORIENTED_EDGE ( 'NONE', *, *, #3609, .F. ) ;
#2638 = PLANE ( 'NONE',  #3669 ) ;
#2639 = CARTESIAN_POINT ( 'NONE',  ( 2.084217250076745298, 3.349973139425550084, -1.302808240413749985 ) ) ;
#2640 = CARTESIAN_POINT ( 'NONE',  ( 1.049923000245597926, 0.4000000000000000222, 1.899996856239225096 ) ) ;
#2641 = SURFACE_STYLE_USAGE ( .BOTH. , #3656 ) ;
#2642 = SURFACE_STYLE_FILL_AREA ( #1645 ) ;
#2643 = LINE ( 'NONE', #3039, #2872 ) ;
#2644 = FILL_AREA_STYLE_COLOUR ( '', #2965 ) ;
#2645 = ORIENTED_EDGE ( 'NONE', *, *, #189, .F. ) ;
#2646 = ORIENTED_EDGE ( 'NONE', *, *, #1279, .T. ) ;
#2647 = PRODUCT_RELATED_PRODUCT_CATEGORY ( 'part', '', ( #1902 ) ) ;
#2648 = VECTOR ( 'NONE', #1183, 1000.000000000000000 ) ;
#2649 = CARTESIAN_POINT ( 'NONE',  ( -2.084664180605567463, 2.990652993343353216, -1.198444442737773175 ) ) ;
#2650 =( NAMED_UNIT ( * ) PLANE_ANGLE_UNIT ( ) SI_UNIT ( $, .RADIAN. ) );
#2651 = FILL_AREA_STYLE_COLOUR ( '', #1661 ) ;
#2652 = AXIS2_PLACEMENT_3D ( 'NONE', #2689, #1717, #3981 ) ;
#2653 = CARTESIAN_POINT ( 'NONE',  ( -2.050048854340985383, 1.874874112101710288, 1.079951798787832207 ) ) ;
#2654 = EDGE_CURVE ( 'NONE', #2016, #4004, #2258, .T. ) ;
#2655 = VECTOR ( 'NONE', #3865, 1000.000000000000000 ) ;
#2656 = FILL_AREA_STYLE_COLOUR ( '', #3289 ) ;
#2657 = EDGE_LOOP ( 'NONE', ( #2830, #2908, #1597, #2481 ) ) ;
#2658 = FILL_AREA_STYLE ('',( #1638 ) ) ;
#2659 = VECTOR ( 'NONE', #2517, 1000.000000000000000 ) ;
#2660 = ORIENTED_EDGE ( 'NONE', *, *, #1549, .F. ) ;
#2661 = ADVANCED_FACE ( 'NONE', ( #3564 ), #3268, .F. ) ;
#2662 = PRESENTATION_LAYER_ASSIGNMENT (  '', '', ( #3087 ) ) ;
#2663 = CARTESIAN_POINT ( 'NONE',  ( -2.084217250074610117, 3.349973139425654889, -1.302808240416476249 ) ) ;
#2664 = DIRECTION ( 'NONE',  ( 0.000000000000000000, 0.000000000000000000, -1.000000000000000000 ) ) ;
#2665 = CARTESIAN_POINT ( 'NONE',  ( -1.197641918247352111, 1.873257800044690002, 2.238889513181025137 ) ) ;
#2666 = EDGE_LOOP ( 'NONE', ( #3777, #3213, #366, #787 ) ) ;
#2667 = PLANE ( 'NONE',  #2652 ) ;
#2668 = DIRECTION ( 'NONE',  ( 1.571423558992123776E-05, 0.000000000000000000, 0.9999999998765314313 ) ) ;
#2669 = EDGE_LOOP ( 'NONE', ( #2861, #9, #2032, #1167 ) ) ;
#2670 =( GEOMETRIC_REPRESENTATION_CONTEXT ( 3 ) GLOBAL_UNCERTAINTY_ASSIGNED_CONTEXT ( ( #1384 ) ) GLOBAL_UNIT_ASSIGNED_CONTEXT ( ( #3463, #2838, #3211 ) ) REPRESENTATION_CONTEXT ( 'NONE', 'WORKASPACE' ) );
#2671 = SURFACE_STYLE_USAGE ( .BOTH. , #3964 ) ;
#2672 = FACE_OUTER_BOUND ( 'NONE', #1164, .T. ) ;
#2673 = ORIENTED_EDGE ( 'NONE', *, *, #1185, .F. ) ;
#2674 = CARTESIAN_POINT ( 'NONE',  ( -1.050000000000000044, 0.4000000000000000222, 1.899996856239225096 ) ) ;
#2675 = VERTEX_POINT ( 'NONE', #1686 ) ;
#2676 = CARTESIAN_POINT ( 'NONE',  ( 2.149999999999999911, 1.149999999999999911, -1.185072076790223861 ) ) ;
#2677 = CARTESIAN_POINT ( 'NONE',  ( 0.9840099942676689970, 1.501134870403980193, -2.386157296290205121 ) ) ;
#2678 = CARTESIAN_POINT ( 'NONE',  ( 2.450061500122765246, 0.000000000000000000, 0.6499999999999770406 ) ) ;
#2679 = EDGE_CURVE ( 'NONE', #1170, #2441, #1352, .T. ) ;
#2680 = EDGE_LOOP ( 'NONE', ( #1375, #325, #1582, #3480, #3525, #2820, #2475 ) ) ;
#2681 = UNCERTAINTY_MEASURE_WITH_UNIT (LENGTH_MEASURE( 1.000000000000000082E-05 ), #3590, 'distance_accuracy_value', 'NONE');
#2682 = CARTESIAN_POINT ( 'NONE',  ( 1.012802555348937039, 1.150007259141647697, -2.449998680160418996 ) ) ;
#2683 = VERTEX_POINT ( 'NONE', #3251 ) ;
#2684 = CARTESIAN_POINT ( 'NONE',  ( -2.150000000000034994, 1.149999999999999911, 1.117059087394553840 ) ) ;
#2685 = EDGE_CURVE ( 'NONE', #2960, #3319, #1295, .T. ) ;
#2686 = LINE ( 'NONE', #1947, #221 ) ;
#2687 = CARTESIAN_POINT ( 'NONE',  ( -1.124073129641216973, 1.509453638113992913, 2.384644793066727608 ) ) ;
#2688 = VERTEX_POINT ( 'NONE', #2941 ) ;
#2689 = CARTESIAN_POINT ( 'NONE',  ( -2.149999999999999911, 4.100000000000000533, -1.221581069830731892 ) ) ;
#2690 = STYLED_ITEM ( 'NONE', ( #541 ), #918 ) ;
#2691 = LINE ( 'NONE', #3899, #698 ) ;
#2692 = ORIENTED_EDGE ( 'NONE', *, *, #1813, .F. ) ;
#2693 = CARTESIAN_POINT ( 'NONE',  ( -2.150000000000034994, 3.350000000000000089, 1.221581069830703914 ) ) ;
#2694 = B_SPLINE_CURVE_WITH_KNOTS ( 'NONE', 3,
 ( #3747, #460, #161, #808 ),
 .UNSPECIFIED., .F., .F.,
 ( 4, 4 ),
 ( 0.0002261691834801415034, 0.0002284000105718005103 ),
 .UNSPECIFIED. ) ;
#2695 = CARTESIAN_POINT ( 'NONE',  ( -2.150000000000034994, 1.149999999999999911, 1.185071941901191472 ) ) ;
#2696 = MECHANICAL_DESIGN_GEOMETRIC_PRESENTATION_REPRESENTATION (  '', ( #840 ), #3041 ) ;
#2697 = CARTESIAN_POINT ( 'NONE',  ( -2.152772084887594861, 3.365246466881730125, -1.118040734137915937 ) ) ;
#2698 =( NAMED_UNIT ( * ) PLANE_ANGLE_UNIT ( ) SI_UNIT ( $, .RADIAN. ) );
#2699 = CARTESIAN_POINT ( 'NONE',  ( 1.124073106460690807, 1.509453905408101759, -2.384644744467740107 ) ) ;
#2700 = LINE ( 'NONE', #1166, #1612 ) ;
#2701 = PRESENTATION_LAYER_ASSIGNMENT (  '', '', ( #3791 ) ) ;
#2702 = B_SPLINE_CURVE_WITH_KNOTS ( 'NONE', 3,
 ( #3186, #3863, #3221, #277 ),
 .UNSPECIFIED., .F., .F.,
 ( 4, 4 ),
 ( 0.0001471293695419386013, 0.0001488198547152030048 ),
 .UNSPECIFIED. ) ;
#2703 = CARTESIAN_POINT ( 'NONE',  ( 2.450061500122765246, 0.000000000000000000, 0.6499999999999770406 ) ) ;
#2704 = VECTOR ( 'NONE', #1879, 1000.000000000000000 ) ;
#2705 = MECHANICAL_DESIGN_GEOMETRIC_PRESENTATION_REPRESENTATION (  '', ( #1319 ), #854 ) ;
#2706 = PRESENTATION_STYLE_ASSIGNMENT (( #3027 ) ) ;
#2707 = ORIENTED_EDGE ( 'NONE', *, *, #4056, .F. ) ;
#2708 = PLANE ( 'NONE',  #1917 ) ;
#2709 =( GEOMETRIC_REPRESENTATION_CONTEXT ( 3 ) GLOBAL_UNCERTAINTY_ASSIGNED_CONTEXT ( ( #1943 ) ) GLOBAL_UNIT_ASSIGNED_CONTEXT ( ( #4050, #4120, #1784 ) ) REPRESENTATION_CONTEXT ( 'NONE', 'WORKASPACE' ) );
#2710 = ORIENTED_EDGE ( 'NONE', *, *, #2471, .F. ) ;
#2711 = FACE_OUTER_BOUND ( 'NONE', #3930, .T. ) ;
#2712 = FACE_OUTER_BOUND ( 'NONE', #3348, .T. ) ;
#2713 = DIRECTION ( 'NONE',  ( 0.000000000000000000, -1.000000000000000000, 0.000000000000000000 ) ) ;
#2714 = ORIENTED_EDGE ( 'NONE', *, *, #392, .T. ) ;
#2715 = CARTESIAN_POINT ( 'NONE',  ( -1.598037108023705022, 0.4000000000000000222, 1.899999999999975042 ) ) ;
#2716 = EDGE_CURVE ( 'NONE', #711, #3819, #349, .T. ) ;
#2717 = CARTESIAN_POINT ( 'NONE',  ( -1.213393152533655872, 1.501134870403030064, -2.276747142177464767 ) ) ;
#2718 = CARTESIAN_POINT ( 'NONE',  ( 2.083333333333315274, 1.516666666666665053, 1.197973164995270068 ) ) ;
#2719 = ORIENTED_EDGE ( 'NONE', *, *, #4147, .F. ) ;
#2720 = ADVANCED_FACE ( 'NONE', ( #1039 ), #695, .F. ) ;
#2721 = CARTESIAN_POINT ( 'NONE',  ( -2.084935154882934683, 1.507856648137134492, -1.198540399760556596 ) ) ;
#2722 = SURFACE_STYLE_USAGE ( .BOTH. , #2019 ) ;
#2723 = SURFACE_STYLE_FILL_AREA ( #2626 ) ;
#2724 = MECHANICAL_DESIGN_GEOMETRIC_PRESENTATION_REPRESENTATION (  '', ( #3743 ), #2569 ) ;
#2725 = CARTESIAN_POINT ( 'NONE',  ( -1.966034809466224775, 0.3999999999999999667, -1.900000000000034994 ) ) ;
#2726 =( NAMED_UNIT ( * ) PLANE_ANGLE_UNIT ( ) SI_UNIT ( $, .RADIAN. ) );
#2727 = UNCERTAINTY_MEASURE_WITH_UNIT (LENGTH_MEASURE( 1.000000000000000082E-05 ), #1430, 'distance_accuracy_value', 'NONE');
#2728 = FILL_AREA_STYLE_COLOUR ( '', #1236 ) ;
#2729 = VECTOR ( 'NONE', #312, 1000.000000000000114 ) ;
#2730 = ORIENTED_EDGE ( 'NONE', *, *, #36, .T. ) ;
#2731 = CARTESIAN_POINT ( 'NONE',  ( 1.014461401931691986, 1.149999999999999911, -2.449999999999999734 ) ) ;
#2732 = SURFACE_STYLE_FILL_AREA ( #1411 ) ;
#2733 = CYLINDRICAL_SURFACE ( 'NONE', #1535, 0.2999999999999999334 ) ;
#2734 = VERTEX_POINT ( 'NONE', #2792 ) ;
#2735 = CARTESIAN_POINT ( 'NONE',  ( 2.083333333333315274, 2.983333333333334725, 1.197973164995270068 ) ) ;
#2736 = FILL_AREA_STYLE_COLOUR ( '', #293 ) ;
#2737 =( GEOMETRIC_REPRESENTATION_CONTEXT ( 3 ) GLOBAL_UNCERTAINTY_ASSIGNED_CONTEXT ( ( #439 ) ) GLOBAL_UNIT_ASSIGNED_CONTEXT ( ( #53, #2358, #2311 ) ) REPRESENTATION_CONTEXT ( 'NONE', 'WORKASPACE' ) );
#2738 = SURFACE_STYLE_FILL_AREA ( #3099 ) ;
#2739 =( LENGTH_UNIT ( ) NAMED_UNIT ( * ) SI_UNIT ( .MILLI., .METRE. ) );
#2740 = ORIENTED_EDGE ( 'NONE', *, *, #3901, .T. ) ;
#2741 = CARTESIAN_POINT ( 'NONE',  ( -1.600627182531664916, 1.149999999999999911, -1.900000000000034994 ) ) ;
#2742 = EDGE_CURVE ( 'NONE', #2067, #3995, #2694, .T. ) ;
#2743 =( GEOMETRIC_REPRESENTATION_CONTEXT ( 3 ) GLOBAL_UNCERTAINTY_ASSIGNED_CONTEXT ( ( #1731 ) ) GLOBAL_UNIT_ASSIGNED_CONTEXT ( ( #2613, #3958, #1946 ) ) REPRESENTATION_CONTEXT ( 'NONE', 'WORKASPACE' ) );
#2744 = FILL_AREA_STYLE ('',( #1401 ) ) ;
#2745 =( NAMED_UNIT ( * ) SI_UNIT ( $, .STERADIAN. ) SOLID_ANGLE_UNIT ( ) );
#2746 = PRESENTATION_STYLE_ASSIGNMENT (( #110 ) ) ;
#2747 = ADVANCED_FACE ( 'NONE', ( #1129 ), #3389, .T. ) ;
#2748 = DIRECTION ( 'NONE',  ( 0.000000000000000000, 0.000000000000000000, -1.000000000000000000 ) ) ;
#2749 = DIRECTION ( 'NONE',  ( 0.000000000000000000, 0.000000000000000000, -1.000000000000000000 ) ) ;
#2750 =( NAMED_UNIT ( * ) SI_UNIT ( $, .STERADIAN. ) SOLID_ANGLE_UNIT ( ) );
#2751 =( LENGTH_UNIT ( ) NAMED_UNIT ( * ) SI_UNIT ( .MILLI., .METRE. ) );
#2752 = ORIENTED_EDGE ( 'NONE', *, *, #3509, .F. ) ;
#2753 = CARTESIAN_POINT ( 'NONE',  ( 0.9478691967950511055, 2.616734132766638243, -2.316684829308133242 ) ) ;
#2754 = DIRECTION ( 'NONE',  ( 0.000000000000000000, 1.000000000000000000, 0.000000000000000000 ) ) ;
#2755 = PLANE ( 'NONE',  #4053 ) ;
#2756 = ORIENTED_EDGE ( 'NONE', *, *, #125, .F. ) ;
#2757 = CARTESIAN_POINT ( 'NONE',  ( -1.598037108023705022, 1.149999999999999911, 1.899999999999975042 ) ) ;
#2758 = DIRECTION ( 'NONE',  ( 1.000000000000000000, 0.000000000000000000, 0.000000000000000000 ) ) ;
#2759 = B_SPLINE_CURVE_WITH_KNOTS ( 'NONE', 3,
 ( #175, #2388, #479, #1169 ),
 .UNSPECIFIED., .F., .F.,
 ( 4, 4 ),
 ( 0.0001471293695419006000, 0.0001488198547152095913 ),
 .UNSPECIFIED. ) ;
#2760 =( NAMED_UNIT ( * ) SI_UNIT ( $, .STERADIAN. ) SOLID_ANGLE_UNIT ( ) );
#2761 = CARTESIAN_POINT ( 'NONE',  ( -1.243840466612667894, 3.349951351268909860, 2.340580846088865297 ) ) ;
#2762 = ORIENTED_EDGE ( 'NONE', *, *, #2272, .T. ) ;
#2763 = FILL_AREA_STYLE ('',( #4103 ) ) ;
#2764 = FACE_OUTER_BOUND ( 'NONE', #3650, .T. ) ;
#2765 = ADVANCED_FACE ( 'NONE', ( #2432 ), #3328, .F. ) ;
#2766 = LINE ( 'NONE', #3110, #2263 ) ;
#2767 = CARTESIAN_POINT ( 'NONE',  ( -1.243346907793722034, 1.150045509154542067, 2.339656603485180231 ) ) ;
#2768 = MECHANICAL_DESIGN_GEOMETRIC_PRESENTATION_REPRESENTATION (  '', ( #346 ), #3432 ) ;
#2769 = ADVANCED_FACE ( 'NONE', ( #1107 ), #4013, .F. ) ;
#2770 = PRESENTATION_LAYER_ASSIGNMENT (  '', '', ( #3503 ) ) ;
#2771 = UNCERTAINTY_MEASURE_WITH_UNIT (LENGTH_MEASURE( 1.000000000000000082E-05 ), #2246, 'distance_accuracy_value', 'NONE');
#2772 = ORIENTED_EDGE ( 'NONE', *, *, #1442, .T. ) ;
#2773 = PRESENTATION_LAYER_ASSIGNMENT (  '', '', ( #2552 ) ) ;
#2774 =( LENGTH_UNIT ( ) NAMED_UNIT ( * ) SI_UNIT ( .MILLI., .METRE. ) );
#2775 = PRESENTATION_LAYER_ASSIGNMENT (  '', '', ( #1663 ) ) ;
#2776 = DIRECTION ( 'NONE',  ( -1.000000000000000000, 0.000000000000000000, 0.000000000000000000 ) ) ;
#2777 =( NAMED_UNIT ( * ) SI_UNIT ( $, .STERADIAN. ) SOLID_ANGLE_UNIT ( ) );
#2778 = DIRECTION ( 'NONE',  ( -0.6293203910498317288, 0.000000000000000000, -0.7771459614569755647 ) ) ;
#2779 = ORIENTED_EDGE ( 'NONE', *, *, #3051, .F. ) ;
#2780 = UNCERTAINTY_MEASURE_WITH_UNIT (LENGTH_MEASURE( 1.000000000000000082E-05 ), #1437, 'distance_accuracy_value', 'NONE');
#2781 = CARTESIAN_POINT ( 'NONE',  ( 1.245297092902013958, 4.100000000000000533, -2.338796117314970058 ) ) ;
#2782 = SURFACE_SIDE_STYLE ('',( #1117 ) ) ;
#2783 = FILL_AREA_STYLE ('',( #1804 ) ) ;
#2784 = ORIENTED_EDGE ( 'NONE', *, *, #949, .F. ) ;
#2785 = DIRECTION ( 'NONE',  ( -0.000000000000000000, 1.000000000000000000, 0.000000000000000000 ) ) ;
#2786 = CARTESIAN_POINT ( 'NONE',  ( -1.123447595427866208, 2.983333333333334725, -2.383333333333355064 ) ) ;
#2787 = LINE ( 'NONE', #3062, #1829 ) ;
#2788 = LINE ( 'NONE', #3412, #3562 ) ;
#2789 = ORIENTED_EDGE ( 'NONE', *, *, #3554, .T. ) ;
#2790 = CARTESIAN_POINT ( 'NONE',  ( -2.149999999999999911, 1.149999999999999911, -1.184289999478262079 ) ) ;
#2791 =( LENGTH_UNIT ( ) NAMED_UNIT ( * ) SI_UNIT ( .MILLI., .METRE. ) );
#2792 = CARTESIAN_POINT ( 'NONE',  ( 2.149995116318794697, 3.349973139425544755, 1.117057276345424066 ) ) ;
#2793 = EDGE_CURVE ( 'NONE', #4152, #677, #2266, .T. ) ;
#2794 = SURFACE_STYLE_USAGE ( .BOTH. , #2133 ) ;
#2795 = STYLED_ITEM ( 'NONE', ( #1144 ), #2892 ) ;
#2796 = CARTESIAN_POINT ( 'NONE',  ( 2.449961500122765035, 0.000000000000000000, 0.6499999999999770406 ) ) ;
#2797 = EDGE_LOOP ( 'NONE', ( #3207, #2322, #4015, #680 ) ) ;
#2798 =( NAMED_UNIT ( * ) SI_UNIT ( $, .STERADIAN. ) SOLID_ANGLE_UNIT ( ) );
#2799 = ORIENTED_EDGE ( 'NONE', *, *, #2193, .T. ) ;
#2800 =( NAMED_UNIT ( * ) PLANE_ANGLE_UNIT ( ) SI_UNIT ( $, .RADIAN. ) );
#2801 = LINE ( 'NONE', #1162, #4191 ) ;
#2802 = AXIS2_PLACEMENT_3D ( 'NONE', #519, #2430, #828 ) ;
#2803 = PLANE ( 'NONE',  #461 ) ;
#2804 =( NAMED_UNIT ( * ) SI_UNIT ( $, .STERADIAN. ) SOLID_ANGLE_UNIT ( ) );
#2805 = ORIENTED_EDGE ( 'NONE', *, *, #542, .T. ) ;
#2806 = CARTESIAN_POINT ( 'NONE',  ( 2.149999999999999911, 4.100000000000000533, 1.115345498071467878 ) ) ;
#2807 = CARTESIAN_POINT ( 'NONE',  ( 2.149999999999999911, 1.149999999999999911, -1.221581069830675936 ) ) ;
#2808 = CARTESIAN_POINT ( 'NONE',  ( 1.244326592549612087, 3.349983671426940202, -2.339989867818504710 ) ) ;
#2809 = SURFACE_STYLE_FILL_AREA ( #3766 ) ;
#2810 = VECTOR ( 'NONE', #2776, 1000.000000000000000 ) ;
#2811 = CARTESIAN_POINT ( 'NONE',  ( -2.083143788437099797, 3.350000000000000089, -1.304141615386471997 ) ) ;
#2812 = EDGE_LOOP ( 'NONE', ( #3789, #2756, #2468, #3021 ) ) ;
#2813 = B_SPLINE_CURVE_WITH_KNOTS ( 'NONE', 3,
 ( #737, #39, #410, #2275, #671, #15 ),
 .UNSPECIFIED., .F., .F.,
 ( 4, 2, 4 ),
 ( 0.000000000000000000, 0.5000000000000000000, 1.000000000000000000 ),
 .UNSPECIFIED. ) ;
#2814 = CARTESIAN_POINT ( 'NONE',  ( 2.049952278997863697, 2.621232921955958250, 1.186152313684257109 ) ) ;
#2815 = VERTEX_POINT ( 'NONE', #2214 ) ;
#2816 =( NAMED_UNIT ( * ) SI_UNIT ( $, .STERADIAN. ) SOLID_ANGLE_UNIT ( ) );
#2817 = ADVANCED_FACE ( 'NONE', ( #1215 ), #3772, .T. ) ;
#2818 = CARTESIAN_POINT ( 'NONE',  ( 2.084222185139959826, 1.149999999999999911, 1.302809906364400083 ) ) ;
#2819 = SURFACE_SIDE_STYLE ('',( #895 ) ) ;
#2820 = ORIENTED_EDGE ( 'NONE', *, *, #2060, .T. ) ;
#2821 = UNCERTAINTY_MEASURE_WITH_UNIT (LENGTH_MEASURE( 1.000000000000000082E-05 ), #1509, 'distance_accuracy_value', 'NONE');
#2822 = CARTESIAN_POINT ( 'NONE',  ( -1.155245964274456139, 1.149999999999999911, 2.449999999999960210 ) ) ;
#2823 = ADVANCED_FACE ( 'NONE', ( #4110 ), #225, .F. ) ;
#2824 = SURFACE_STYLE_USAGE ( .BOTH. , #1843 ) ;
#2825 = CARTESIAN_POINT ( 'NONE',  ( -1.362772100911690876, 1.149999999999999911, -2.193726563959950582 ) ) ;
#2826 = SURFACE_STYLE_USAGE ( .BOTH. , #145 ) ;
#2827 =( NAMED_UNIT ( * ) PLANE_ANGLE_UNIT ( ) SI_UNIT ( $, .RADIAN. ) );
#2828 =( GEOMETRIC_REPRESENTATION_CONTEXT ( 3 ) GLOBAL_UNCERTAINTY_ASSIGNED_CONTEXT ( ( #3836 ) ) GLOBAL_UNIT_ASSIGNED_CONTEXT ( ( #1816, #205, #2836 ) ) REPRESENTATION_CONTEXT ( 'NONE', 'WORKASPACE' ) );
#2829 = CARTESIAN_POINT ( 'NONE',  ( 1.155245964274369985, 1.149999999999999911, -2.449999999999999734 ) ) ;
#2830 = ORIENTED_EDGE ( 'NONE', *, *, #4003, .F. ) ;
#2831 =( GEOMETRIC_REPRESENTATION_CONTEXT ( 3 ) GLOBAL_UNCERTAINTY_ASSIGNED_CONTEXT ( ( #233 ) ) GLOBAL_UNIT_ASSIGNED_CONTEXT ( ( #1728, #2061, #996 ) ) REPRESENTATION_CONTEXT ( 'NONE', 'WORKASPACE' ) );
#2832 = FACE_OUTER_BOUND ( 'NONE', #2669, .T. ) ;
#2833 = CARTESIAN_POINT ( 'NONE',  ( 2.151886382491353000, 1.139624896297421364, 1.222249072905770895 ) ) ;
#2834 = VECTOR ( 'NONE', #826, 1000.000000000000114 ) ;
#2835 = DIRECTION ( 'NONE',  ( 0.7771459614569550256, 0.000000000000000000, 0.6293203910498570419 ) ) ;
#2836 =( NAMED_UNIT ( * ) SI_UNIT ( $, .STERADIAN. ) SOLID_ANGLE_UNIT ( ) );
#2837 = MECHANICAL_DESIGN_GEOMETRIC_PRESENTATION_REPRESENTATION (  '', ( #3113 ), #2134 ) ;
#2838 =( NAMED_UNIT ( * ) PLANE_ANGLE_UNIT ( ) SI_UNIT ( $, .RADIAN. ) );
#2839 =( NAMED_UNIT ( * ) PLANE_ANGLE_UNIT ( ) SI_UNIT ( $, .RADIAN. ) );
#2840 = MECHANICAL_DESIGN_GEOMETRIC_PRESENTATION_REPRESENTATION (  '', ( #572 ), #3366 ) ;
#2841 = EDGE_LOOP ( 'NONE', ( #1795, #1472, #3029, #1942, #1626, #1259 ) ) ;
#2842 = CARTESIAN_POINT ( 'NONE',  ( -1.486830642849650053, 3.350000000000000089, 2.040527023276874630 ) ) ;
#2843 = ADVANCED_FACE ( 'NONE', ( #1232 ), #1159, .T. ) ;
#2844 = COLOUR_RGB ( '',0.5254901960784313930, 0.5254901960784313930, 0.5254901960784313930 ) ;
#2845 = AXIS2_PLACEMENT_3D ( 'NONE', #1726, #1406, #2041 ) ;
#2846 =( NAMED_UNIT ( * ) SI_UNIT ( $, .STERADIAN. ) SOLID_ANGLE_UNIT ( ) );
#2847 = FACE_OUTER_BOUND ( 'NONE', #3121, .T. ) ;
#2848 = DIRECTION ( 'NONE',  ( 1.000000000000000000, 0.000000000000000000, 0.000000000000000000 ) ) ;
#2849 = MECHANICAL_DESIGN_GEOMETRIC_PRESENTATION_REPRESENTATION (  '', ( #364 ), #228 ) ;
#2850 = B_SPLINE_CURVE_WITH_KNOTS ( 'NONE', 3,
 ( #69, #3120, #1714, #1390 ),
 .UNSPECIFIED., .F., .F.,
 ( 4, 4 ),
 ( 0.000000000000000000, 1.000000000000000000 ),
 .UNSPECIFIED. ) ;
#2851 = CARTESIAN_POINT ( 'NONE',  ( 1.243840466612573969, 3.349951351268909860, -2.340580846088940348 ) ) ;
#2852 = EDGE_CURVE ( 'NONE', #2088, #3231, #3862, .T. ) ;
#2853 = COLOUR_RGB ( '',0.5254901960784313930, 0.5254901960784313930, 0.5254901960784313930 ) ;
#2854 = CARTESIAN_POINT ( 'NONE',  ( 2.083333333333345028, 2.983333333333334725, -1.197973164995270068 ) ) ;
#2855 = CYLINDRICAL_SURFACE ( 'NONE', #1123, 0.2999999999999999334 ) ;
#2856 = ORIENTED_EDGE ( 'NONE', *, *, #3426, .F. ) ;
#2857 = EDGE_CURVE ( 'NONE', #2609, #1432, #2633, .T. ) ;
#2858 = SURFACE_STYLE_USAGE ( .BOTH. , #927 ) ;
#2859 = VERTEX_POINT ( 'NONE', #4248 ) ;
#2860 = SURFACE_STYLE_USAGE ( .BOTH. , #3212 ) ;
#2861 = ORIENTED_EDGE ( 'NONE', *, *, #4092, .F. ) ;
#2862 = CARTESIAN_POINT ( 'NONE',  ( 2.084217250076745298, 3.349973139425550084, -1.302808240413749985 ) ) ;
#2863 =( GEOMETRIC_REPRESENTATION_CONTEXT ( 3 ) GLOBAL_UNCERTAINTY_ASSIGNED_CONTEXT ( ( #1431 ) ) GLOBAL_UNIT_ASSIGNED_CONTEXT ( ( #1572, #204, #3482 ) ) REPRESENTATION_CONTEXT ( 'NONE', 'WORKASPACE' ) );
#2864 = CARTESIAN_POINT ( 'NONE',  ( -2.250000000000000000, 0.4000000000000000222, -1.882858153910764942 ) ) ;
#2865 = STYLED_ITEM ( 'NONE', ( #706 ), #3100 ) ;
#2866 = CARTESIAN_POINT ( 'NONE',  ( 1.049923000245597926, 0.4000000000000000222, -1.900022000534904887 ) ) ;
#2867 = CARTESIAN_POINT ( 'NONE',  ( -1.243840466612629925, 3.349951351268909860, -2.340580846088940348 ) ) ;
#2868 = CARTESIAN_POINT ( 'NONE',  ( -1.486830642849620077, 3.350000000000000089, -2.040527023276924812 ) ) ;
#2869 = CARTESIAN_POINT ( 'NONE',  ( 2.249923000245584781, 0.000000000000000000, -1.882858153910764942 ) ) ;
#2870 = EDGE_CURVE ( 'NONE', #3995, #3071, #1316, .T. ) ;
#2871 = CARTESIAN_POINT ( 'NONE',  ( 2.149999999999999911, 3.350000000000000089, -1.221581069830675936 ) ) ;
#2872 = VECTOR ( 'NONE', #3939, 1000.000000000000000 ) ;
#2873 = ORIENTED_EDGE ( 'NONE', *, *, #3948, .T. ) ;
#2874 =( NAMED_UNIT ( * ) PLANE_ANGLE_UNIT ( ) SI_UNIT ( $, .RADIAN. ) );
#2875 = EDGE_CURVE ( 'NONE', #4027, #2370, #994, .T. ) ;
#2876 = CARTESIAN_POINT ( 'NONE',  ( 2.449961500122779690, 1.149999999999999911, -1.900000000000034994 ) ) ;
#2877 = VECTOR ( 'NONE', #1735, 1000.000000000000000 ) ;
#2878 = CARTESIAN_POINT ( 'NONE',  ( 1.155245964274400183, 3.350000000000000089, 2.449999999999960210 ) ) ;
#2879 = B_SPLINE_SURFACE_WITH_KNOTS ( 'NONE', 3, 3, ( 
 ( #2693, #648, #1723, #1953, #3617 ),
 ( #3280, #3262, #324, #55, #2314 ),
 ( #1651, #2972, #1974, #2289, #340 ),
 ( #1702, #1629, #2996, #10, #3966 ) ),
 .UNSPECIFIED., .F., .F., .F.,
 ( 4, 4 ),
 ( 4, 1, 4 ),
 ( 0.000000000000000000, 1.000000000000000000 ),
 ( 0.000000000000000000, 0.5000000000000000000, 1.000000000000000000 ),
 .UNSPECIFIED. ) ;
#2880 = VECTOR ( 'NONE', #4017, 1000.000000000000000 ) ;
#2881 = VERTEX_POINT ( 'NONE', #1978 ) ;
#2882 = CARTESIAN_POINT ( 'NONE',  ( -2.150044000010914669, 0.4000000000000000222, -1.900001832571255100 ) ) ;
#2883 = CARTESIAN_POINT ( 'NONE',  ( 2.084217250074650085, 3.349973139425650004, 1.302808240416334140 ) ) ;
#2884 = PLANE ( 'NONE',  #3788 ) ;
#2885 = CARTESIAN_POINT ( 'NONE',  ( -1.152655889766434072, 0.4000000000000000222, 2.449999999999999734 ) ) ;
#2886 = CARTESIAN_POINT ( 'NONE',  ( 1.101930395268286400, 3.346256716241076568, -2.449319432851670530 ) ) ;
#2887 = CARTESIAN_POINT ( 'NONE',  ( -2.450138499877204890, 0.5000000000000000000, -0.6500000000000339950 ) ) ;
#2888 = EDGE_LOOP ( 'NONE', ( #3287, #2300, #2400, #2987, #2789 ) ) ;
#2889 = EDGE_CURVE ( 'NONE', #1137, #1898, #943, .T. ) ;
#2890 = SURFACE_STYLE_FILL_AREA ( #2935 ) ;
#2891 = VERTEX_POINT ( 'NONE', #345 ) ;
#2892 = ADVANCED_FACE ( 'NONE', ( #1016 ), #2319, .F. ) ;
#2893 = STYLED_ITEM ( 'NONE', ( #1870 ), #872 ) ;
#2894 = CARTESIAN_POINT ( 'NONE',  ( 0.000000000000000000, 0.000000000000000000, 0.000000000000000000 ) ) ;
#2895 = FILL_AREA_STYLE_COLOUR ( '', #354 ) ;
#2896 = VERTEX_POINT ( 'NONE', #3805 ) ;
#2898 = UNCERTAINTY_MEASURE_WITH_UNIT (LENGTH_MEASURE( 1.000000000000000082E-05 ), #792, 'distance_accuracy_value', 'NONE');
#2897 = SHAPE_REPRESENTATION ( 'NRS5040T4R7NMGK', ( #3951, #4232 ), #1499 ) ;
#2899 = STYLED_ITEM ( 'NONE', ( #3517 ), #1302 ) ;
#2900 = SURFACE_STYLE_USAGE ( .BOTH. , #1298 ) ;
#2901 = EDGE_CURVE ( 'NONE', #3351, #1393, #3427, .T. ) ;
#2902 = AXIS2_PLACEMENT_3D ( 'NONE', #31, #1350, #2335 ) ;
#2903 = CARTESIAN_POINT ( 'NONE',  ( -2.184008375865302387, 0.3999999999999999667, -1.899999999996230482 ) ) ;
#2904 = FILL_AREA_STYLE ('',( #1577 ) ) ;
#2905 = CARTESIAN_POINT ( 'NONE',  ( 2.449961500122774805, 0.000000000000000000, -0.6500000000000230038 ) ) ;
#2906 = CARTESIAN_POINT ( 'NONE',  ( 2.149999999999999911, 1.149999999999999911, -1.117059087394527861 ) ) ;
#2907 = VECTOR ( 'NONE', #4041, 1000.000000000000000 ) ;
#2908 = ORIENTED_EDGE ( 'NONE', *, *, #4186, .F. ) ;
#2909 = SURFACE_STYLE_USAGE ( .BOTH. , #3477 ) ;
#2910 = COLOUR_RGB ( '',0.000000000000000000, 0.000000000000000000, 0.000000000000000000 ) ;
#2911 = SURFACE_STYLE_FILL_AREA ( #1928 ) ;
#2912 = ORIENTED_EDGE ( 'NONE', *, *, #544, .T. ) ;
#2913 =( GEOMETRIC_REPRESENTATION_CONTEXT ( 3 ) GLOBAL_UNCERTAINTY_ASSIGNED_CONTEXT ( ( #3400 ) ) GLOBAL_UNIT_ASSIGNED_CONTEXT ( ( #1882, #3473, #3857 ) ) REPRESENTATION_CONTEXT ( 'NONE', 'WORKASPACE' ) );
#2914 = DIRECTION ( 'NONE',  ( 0.7771459614569640184, 0.000000000000000000, -0.6293203910498460507 ) ) ;
#2915 = DIRECTION ( 'NONE',  ( 0.000000000000000000, 1.000000000000000000, 0.000000000000000000 ) ) ;
#2916 = CARTESIAN_POINT ( 'NONE',  ( -1.244326422926400166, 3.349983660149514986, -2.339990074027759714 ) ) ;
#2917 = VECTOR ( 'NONE', #2327, 1000.000000000000000 ) ;
#2918 = CARTESIAN_POINT ( 'NONE',  ( -1.983094498269790007, 2.623548391733970142, 1.268713159503610077 ) ) ;
#2919 = EDGE_CURVE ( 'NONE', #182, #4125, #2700, .T. ) ;
#2920 = CARTESIAN_POINT ( 'NONE',  ( 2.249923000245584781, 0.4000000000000000222, -1.900000000000034994 ) ) ;
#2921 = ORIENTED_EDGE ( 'NONE', *, *, #1907, .F. ) ;
#2922 = CARTESIAN_POINT ( 'NONE',  ( -2.450038499877205123, 0.4000000000000000222, -0.6500000000000339950 ) ) ;
#2923 = SURFACE_STYLE_USAGE ( .BOTH. , #2245 ) ;
#2924 = EDGE_CURVE ( 'NONE', #2683, #3498, #1506, .T. ) ;
#2925 = LINE ( 'NONE', #2946, #1248 ) ;
#2926 = FILL_AREA_STYLE ('',( #4155 ) ) ;
#2927 = CARTESIAN_POINT ( 'NONE',  ( -1.155245964274428161, 1.149999999999999911, -2.449999999999999734 ) ) ;
#2928 = SURFACE_STYLE_FILL_AREA ( #273 ) ;
#2929 = ORIENTED_EDGE ( 'NONE', *, *, #3157, .T. ) ;
#2930 = CARTESIAN_POINT ( 'NONE',  ( -2.149999999999999911, 3.350000000000000089, -1.115916163394732097 ) ) ;
#2931 =( NAMED_UNIT ( * ) SI_UNIT ( $, .STERADIAN. ) SOLID_ANGLE_UNIT ( ) );
#2932 = CARTESIAN_POINT ( 'NONE',  ( 1.245297092902013958, 3.350000000000000089, -2.338796117314970058 ) ) ;
#2933 = ORIENTED_EDGE ( 'NONE', *, *, #1907, .T. ) ;
#2934 = CIRCLE ( 'NONE', #3818, 0.2999999999999999334 ) ;
#2935 = FILL_AREA_STYLE ('',( #4162 ) ) ;
#2936 = MECHANICAL_DESIGN_GEOMETRIC_PRESENTATION_REPRESENTATION (  '', ( #1891 ), #663 ) ;
#2937 =( NAMED_UNIT ( * ) SI_UNIT ( $, .STERADIAN. ) SOLID_ANGLE_UNIT ( ) );
#2938 = CARTESIAN_POINT ( 'NONE',  ( 1.597955268545850238, 0.4000000000000000222, -1.900005976560569909 ) ) ;
#2939 = CARTESIAN_POINT ( 'NONE',  ( -1.012015099624036019, 1.150001925486151988, -2.450001652743174940 ) ) ;
#2940 = COLOUR_RGB ( '',0.5254901960784313930, 0.5254901960784313930, 0.5254901960784313930 ) ;
#2941 = CARTESIAN_POINT ( 'NONE',  ( 1.012153304464949999, 4.100000000000000533, 2.449999999999960210 ) ) ;
#2942 = ORIENTED_EDGE ( 'NONE', *, *, #4156, .F. ) ;
#2943 = UNCERTAINTY_MEASURE_WITH_UNIT (LENGTH_MEASURE( 1.000000000000000082E-05 ), #983, 'distance_accuracy_value', 'NONE');
#2944 = CARTESIAN_POINT ( 'NONE',  ( -1.155245964274456139, 3.350000000000000089, 2.449999999999960210 ) ) ;
#2945 = EDGE_CURVE ( 'NONE', #711, #933, #1727, .T. ) ;
#2946 = CARTESIAN_POINT ( 'NONE',  ( -2.450138499877204890, 0.5000000000000000000, -0.6500000000000339950 ) ) ;
#2947 = DIRECTION ( 'NONE',  ( -1.571423558888038674E-05, 0.000000000000000000, 0.9999999998765314313 ) ) ;
#2948 = FILL_AREA_STYLE ('',( #1049 ) ) ;
#2949 = LINE ( 'NONE', #1347, #2206 ) ;
#2950 = ADVANCED_FACE ( 'NONE', ( #4121 ), #3782, .T. ) ;
#2951 = ORIENTED_EDGE ( 'NONE', *, *, #3345, .F. ) ;
#2952 = SURFACE_STYLE_FILL_AREA ( #338 ) ;
#2953 = CARTESIAN_POINT ( 'NONE',  ( -2.150038499877220399, 0.4000000000000000222, 1.599996856239225052 ) ) ;
#2954 = LINE ( 'NONE', #1056, #1193 ) ;
#2955 = ORIENTED_EDGE ( 'NONE', *, *, #2363, .T. ) ;
#2956 = CARTESIAN_POINT ( 'NONE',  ( -2.151889908571004817, 1.139605502859485586, -1.222250321556109798 ) ) ;
#2957 = CARTESIAN_POINT ( 'NONE',  ( -1.014456983850033911, 3.349951351268914745, -2.449991154971780105 ) ) ;
#2958 = B_SPLINE_CURVE_WITH_KNOTS ( 'NONE', 3,
 ( #2079, #1082, #3429, #2811 ),
 .UNSPECIFIED., .F., .F.,
 ( 4, 4 ),
 ( 0.0001471293695419819965, 0.0001488198547152239841 ),
 .UNSPECIFIED. ) ;
#2959 = FACE_OUTER_BOUND ( 'NONE', #3269, .T. ) ;
#2960 = VERTEX_POINT ( 'NONE', #412 ) ;
#2961 = VECTOR ( 'NONE', #912, 1000.000000000000000 ) ;
#2962 = EDGE_LOOP ( 'NONE', ( #3411, #1565, #4114, #916 ) ) ;
#2963 =( LENGTH_UNIT ( ) NAMED_UNIT ( * ) SI_UNIT ( .MILLI., .METRE. ) );
#2964 =( GEOMETRIC_REPRESENTATION_CONTEXT ( 3 ) GLOBAL_UNCERTAINTY_ASSIGNED_CONTEXT ( ( #1856 ) ) GLOBAL_UNIT_ASSIGNED_CONTEXT ( ( #2253, #3521, #631 ) ) REPRESENTATION_CONTEXT ( 'NONE', 'WORKASPACE' ) );
#2965 = COLOUR_RGB ( '',0.5254901960784313930, 0.5254901960784313930, 0.5254901960784313930 ) ;
#2966 = CARTESIAN_POINT ( 'NONE',  ( -0.9644100188893620640, 2.623790919067514604, 2.349908649627220125 ) ) ;
#2967 = EDGE_CURVE ( 'NONE', #3259, #1022, #3129, .T. ) ;
#2968 = DIRECTION ( 'NONE',  ( -1.000000000000000000, 0.000000000000000000, 0.000000000000000000 ) ) ;
#2969 = SURFACE_STYLE_USAGE ( .BOTH. , #684 ) ;
#2970 = CARTESIAN_POINT ( 'NONE',  ( 2.249903626792729927, 0.4000000000000000222, 1.882860023365459989 ) ) ;
#2971 = ORIENTED_EDGE ( 'NONE', *, *, #1052, .F. ) ;
#2972 = CARTESIAN_POINT ( 'NONE',  ( -2.083333333333354798, 2.983333333333334725, -0.3993243883317790233 ) ) ;
#2973 = EDGE_CURVE ( 'NONE', #3506, #2992, #41, .T. ) ;
#2974 = CIRCLE ( 'NONE', #3912, 0.2999999999999999334 ) ;
#2975 = ORIENTED_EDGE ( 'NONE', *, *, #157, .F. ) ;
#2976 = COLOUR_RGB ( '',1.000000000000000000, 1.000000000000000000, 1.000000000000000000 ) ;
#2977 = DIRECTION ( 'NONE',  ( 0.000000000000000000, 0.000000000000000000, -1.000000000000000000 ) ) ;
#2978 = CARTESIAN_POINT ( 'NONE',  ( 2.149999999999999911, 1.149999999999999911, -1.117059087394527861 ) ) ;
#2979 = CARTESIAN_POINT ( 'NONE',  ( 1.197557332310021927, 2.623791035311934916, -2.238703098953934933 ) ) ;
#2980 = EDGE_CURVE ( 'NONE', #2331, #3594, #1964, .T. ) ;
#2981 = CARTESIAN_POINT ( 'NONE',  ( 2.149999999999999911, 1.149999999999999911, 1.184289789700058160 ) ) ;
#2982 = STYLED_ITEM ( 'NONE', ( #1678 ), #2116 ) ;
#2983 = PRESENTATION_STYLE_ASSIGNMENT (( #1362 ) ) ;
#2984 = COLOUR_RGB ( '',0.5254901960784313930, 0.5254901960784313930, 0.5254901960784313930 ) ;
#2985 = EDGE_LOOP ( 'NONE', ( #2929, #3853, #3170, #764, #3885, #1553, #3954, #889, #3868, #4021 ) ) ;
#2986 = UNCERTAINTY_MEASURE_WITH_UNIT (LENGTH_MEASURE( 1.000000000000000082E-05 ), #1105, 'distance_accuracy_value', 'NONE');
#2987 = ORIENTED_EDGE ( 'NONE', *, *, #314, .F. ) ;
#2988 = SURFACE_STYLE_USAGE ( .BOTH. , #3977 ) ;
#2989 = CARTESIAN_POINT ( 'NONE',  ( -1.213393176234631943, 1.501134597099285095, 2.276747191869914921 ) ) ;
#2990 = ORIENTED_EDGE ( 'NONE', *, *, #1336, .F. ) ;
#2991 = DIRECTION ( 'NONE',  ( -5.059610138265688673E-15, 0.000000000000000000, 1.000000000000000000 ) ) ;
#2992 = VERTEX_POINT ( 'NONE', #2678 ) ;
#2993 = CARTESIAN_POINT ( 'NONE',  ( -2.450138499877214660, 0.000000000000000000, 0.6499999999999659384 ) ) ;
#2994 = CARTESIAN_POINT ( 'NONE',  ( -2.149999999999999911, 4.100000000000000533, -1.115345498071525832 ) ) ;
#2995 = ORIENTED_EDGE ( 'NONE', *, *, #4225, .F. ) ;
#2996 = CARTESIAN_POINT ( 'NONE',  ( -2.016666666666679486, 2.250000000000000000, -1.174365260159919933 ) ) ;
#2997 = DIRECTION ( 'NONE',  ( 7.532351935162430267E-15, 0.000000000000000000, -1.000000000000000000 ) ) ;
#2998 = MECHANICAL_DESIGN_GEOMETRIC_PRESENTATION_REPRESENTATION (  '', ( #2795 ), #929 ) ;
#2999 = ADVANCED_FACE ( 'NONE', ( #940 ), #2102, .T. ) ;
#3000 = DIRECTION ( 'NONE',  ( 0.000000000000000000, -1.000000000000000000, 0.000000000000000000 ) ) ;
#3001 = CARTESIAN_POINT ( 'NONE',  ( -2.450038499877220222, 1.149999999999999911, 1.599996856239225052 ) ) ;
#3002 = CARTESIAN_POINT ( 'NONE',  ( 0.9644100242817199575, 2.623791035312105002, -2.349908660398730031 ) ) ;
#3003 =( GEOMETRIC_REPRESENTATION_CONTEXT ( 3 ) GLOBAL_UNCERTAINTY_ASSIGNED_CONTEXT ( ( #2326 ) ) GLOBAL_UNIT_ASSIGNED_CONTEXT ( ( #1642, #3607, #24 ) ) REPRESENTATION_CONTEXT ( 'NONE', 'WORKASPACE' ) );
#3004 = FILL_AREA_STYLE_COLOUR ( '', #3934 ) ;
#3005 = EDGE_CURVE ( 'NONE', #722, #1024, #1294, .T. ) ;
#3006 = MECHANICAL_DESIGN_GEOMETRIC_PRESENTATION_REPRESENTATION (  '', ( #805 ), #3534 ) ;
#3007 = SURFACE_STYLE_FILL_AREA ( #2321 ) ;
#3008 =( NAMED_UNIT ( * ) SI_UNIT ( $, .STERADIAN. ) SOLID_ANGLE_UNIT ( ) );
#3009 =( LENGTH_UNIT ( ) NAMED_UNIT ( * ) SI_UNIT ( .MILLI., .METRE. ) );
#3010 = ORIENTED_EDGE ( 'NONE', *, *, #3266, .T. ) ;
#3011 =( NAMED_UNIT ( * ) SI_UNIT ( $, .STERADIAN. ) SOLID_ANGLE_UNIT ( ) );
#3012 = EDGE_LOOP ( 'NONE', ( #78, #3406, #3843, #3055 ) ) ;
#3013 = MECHANICAL_DESIGN_GEOMETRIC_PRESENTATION_REPRESENTATION (  '', ( #3677 ), #4100 ) ;
#3014 = DIRECTION ( 'NONE',  ( 0.000000000000000000, -1.000000000000000000, 0.000000000000000000 ) ) ;
#3015 = DIRECTION ( 'NONE',  ( 0.000000000000000000, -1.000000000000000000, 0.000000000000000000 ) ) ;
#3016 = ORIENTED_EDGE ( 'NONE', *, *, #392, .F. ) ;
#3017 =( NAMED_UNIT ( * ) SI_UNIT ( $, .STERADIAN. ) SOLID_ANGLE_UNIT ( ) );
#3018 = FACE_OUTER_BOUND ( 'NONE', #4076, .T. ) ;
#3019 = CARTESIAN_POINT ( 'NONE',  ( 1.012053594015146052, 1.150001903920109925, 2.450001782076590473 ) ) ;
#3020 = EDGE_LOOP ( 'NONE', ( #462, #2013, #2236, #3307 ) ) ;
#3021 = ORIENTED_EDGE ( 'NONE', *, *, #4242, .F. ) ;
#3022 = CARTESIAN_POINT ( 'NONE',  ( 2.149999999999999911, 4.100000000000000533, -1.221581069830675936 ) ) ;
#3023 = CARTESIAN_POINT ( 'NONE',  ( 2.149961500122754998, 0.000000000000000000, 1.899996856239225096 ) ) ;
#3024 = PLANE ( 'NONE',  #2845 ) ;
#3025 = EDGE_LOOP ( 'NONE', ( #2309, #2181, #1608, #3467 ) ) ;
#3026 = PRESENTATION_LAYER_ASSIGNMENT (  '', '', ( #953 ) ) ;
#3027 = SURFACE_STYLE_USAGE ( .BOTH. , #3649 ) ;
#3028 = EDGE_CURVE ( 'NONE', #2521, #1249, #961, .T. ) ;
#3029 = ORIENTED_EDGE ( 'NONE', *, *, #2793, .F. ) ;
#3030 = UNCERTAINTY_MEASURE_WITH_UNIT (LENGTH_MEASURE( 1.000000000000000082E-05 ), #3446, 'distance_accuracy_value', 'NONE');
#3031 = PLANE ( 'NONE',  #1512 ) ;
#3032 = VECTOR ( 'NONE', #3416, 1000.000000000000000 ) ;
#3033 = EDGE_LOOP ( 'NONE', ( #3997, #2752, #2990, #1799 ) ) ;
#3034 = LINE ( 'NONE', #2394, #196 ) ;
#3035 = ADVANCED_FACE ( 'NONE', ( #3198 ), #1905, .F. ) ;
#3036 = ORIENTED_EDGE ( 'NONE', *, *, #2716, .F. ) ;
#3037 =( LENGTH_UNIT ( ) NAMED_UNIT ( * ) SI_UNIT ( .MILLI., .METRE. ) );
#3038 = DIRECTION ( 'NONE',  ( 0.000000000000000000, 0.000000000000000000, 1.000000000000000000 ) ) ;
#3039 = CARTESIAN_POINT ( 'NONE',  ( -1.155245964274428161, 3.350000000000000089, -2.449999999999999734 ) ) ;
#3040 = CARTESIAN_POINT ( 'NONE',  ( -2.084222185140010009, 1.149999999999999911, 1.302809906364434056 ) ) ;
#3041 =( GEOMETRIC_REPRESENTATION_CONTEXT ( 3 ) GLOBAL_UNCERTAINTY_ASSIGNED_CONTEXT ( ( #570 ) ) GLOBAL_UNIT_ASSIGNED_CONTEXT ( ( #2739, #1443, #429 ) ) REPRESENTATION_CONTEXT ( 'NONE', 'WORKASPACE' ) );
#3042 = CARTESIAN_POINT ( 'NONE',  ( -2.050049004085010118, 1.874868542113184988, -1.079951854444137993 ) ) ;
#3043 = LINE ( 'NONE', #1405, #3629 ) ;
#3044 = AXIS2_PLACEMENT_3D ( 'NONE', #2640, #2592, #3932 ) ;
#3045 =( NAMED_UNIT ( * ) SI_UNIT ( $, .STERADIAN. ) SOLID_ANGLE_UNIT ( ) );
#3046 = AXIS2_PLACEMENT_3D ( 'NONE', #2887, #1208, #4179 ) ;
#3047 =( GEOMETRIC_REPRESENTATION_CONTEXT ( 3 ) GLOBAL_UNCERTAINTY_ASSIGNED_CONTEXT ( ( #4135 ) ) GLOBAL_UNIT_ASSIGNED_CONTEXT ( ( #3316, #2380, #1372 ) ) REPRESENTATION_CONTEXT ( 'NONE', 'WORKASPACE' ) );
#3048 =( NAMED_UNIT ( * ) PLANE_ANGLE_UNIT ( ) SI_UNIT ( $, .RADIAN. ) );
#3049 = VERTEX_POINT ( 'NONE', #2285 ) ;
#3050 = AXIS2_PLACEMENT_3D ( 'NONE', #4167, #1258, #878 ) ;
#3051 = EDGE_CURVE ( 'NONE', #4208, #469, #359, .T. ) ;
#3052 = ORIENTED_EDGE ( 'NONE', *, *, #1478, .T. ) ;
#3053 = CARTESIAN_POINT ( 'NONE',  ( 2.083143788437094468, 4.100000000000000533, -1.304141615386420039 ) ) ;
#3054 = LINE ( 'NONE', #3419, #907 ) ;
#3055 = ORIENTED_EDGE ( 'NONE', *, *, #1729, .F. ) ;
#3056 = FILL_AREA_STYLE_COLOUR ( '', #801 ) ;
#3057 = DIRECTION ( 'NONE',  ( 0.000000000000000000, -1.000000000000000000, 0.000000000000000000 ) ) ;
#3058 = EDGE_CURVE ( 'NONE', #2085, #1348, #2934, .T. ) ;
#3059 = CARTESIAN_POINT ( 'NONE',  ( -1.015902293191796035, 3.366614902415274724, -2.453020891348250299 ) ) ;
#3060 = CARTESIAN_POINT ( 'NONE',  ( 2.083333333333335258, 1.516666666666665053, -0.3993243883317569853 ) ) ;
#3061 = VERTEX_POINT ( 'NONE', #27 ) ;
#3062 = CARTESIAN_POINT ( 'NONE',  ( 2.149961500122754998, 0.4000000000000000222, 1.899996856239225096 ) ) ;
#3063 = DIRECTION ( 'NONE',  ( 0.000000000000000000, 1.000000000000000000, 0.000000000000000000 ) ) ;
#3064 = SURFACE_SIDE_STYLE ('',( #2170 ) ) ;
#3065 = COLOUR_RGB ( '',1.000000000000000000, 1.000000000000000000, 1.000000000000000000 ) ;
#3066 = SURFACE_STYLE_USAGE ( .BOTH. , #2152 ) ;
#3067 =( GEOMETRIC_REPRESENTATION_CONTEXT ( 3 ) GLOBAL_UNCERTAINTY_ASSIGNED_CONTEXT ( ( #1087 ) ) GLOBAL_UNIT_ASSIGNED_CONTEXT ( ( #4197, #620, #215 ) ) REPRESENTATION_CONTEXT ( 'NONE', 'WORKASPACE' ) );
#3068 = SURFACE_SIDE_STYLE ('',( #2478 ) ) ;
#3069 = PRESENTATION_STYLE_ASSIGNMENT (( #1751 ) ) ;
#3070 = UNCERTAINTY_MEASURE_WITH_UNIT (LENGTH_MEASURE( 1.000000000000000082E-05 ), #2040, 'distance_accuracy_value', 'NONE');
#3071 = VERTEX_POINT ( 'NONE', #1970 ) ;
#3072 =( NAMED_UNIT ( * ) PLANE_ANGLE_UNIT ( ) SI_UNIT ( $, .RADIAN. ) );
#3073 = VECTOR ( 'NONE', #3457, 1000.000000000000000 ) ;
#3074 = ORIENTED_EDGE ( 'NONE', *, *, #1683, .T. ) ;
#3075 = LINE ( 'NONE', #1133, #2877 ) ;
#3076 = COLOUR_RGB ( '',0.000000000000000000, 0.000000000000000000, 0.000000000000000000 ) ;
#3077 = FILL_AREA_STYLE ('',( #135 ) ) ;
#3078 = DIRECTION ( 'NONE',  ( 0.000000000000000000, 0.000000000000000000, 1.000000000000000000 ) ) ;
#3079 = VERTEX_POINT ( 'NONE', #1949 ) ;
#3080 = CARTESIAN_POINT ( 'NONE',  ( 2.449490464779804810, 0.4000000000000000222, -1.728470883820221182 ) ) ;
#3081 = DIRECTION ( 'NONE',  ( 1.000000000000000000, 0.000000000000000000, 7.339214706055721837E-15 ) ) ;
#3082 = EDGE_CURVE ( 'NONE', #3226, #2454, #1371, .T. ) ;
#3083 = COLOUR_RGB ( '',0.5254901960784313930, 0.5254901960784313930, 0.5254901960784313930 ) ;
#3084 = CARTESIAN_POINT ( 'NONE',  ( -1.014456983850079874, 3.349951351268914745, 2.449991154971725038 ) ) ;
#3085 = ORIENTED_EDGE ( 'NONE', *, *, #1442, .F. ) ;
#3086 = SURFACE_SIDE_STYLE ('',( #2385 ) ) ;
#3087 = STYLED_ITEM ( 'NONE', ( #2222 ), #3976 ) ;
#3088 = CARTESIAN_POINT ( 'NONE',  ( -1.155245964274428161, 1.149999999999999911, -2.449999999999999734 ) ) ;
#3089 = EDGE_CURVE ( 'NONE', #539, #727, #2616, .T. ) ;
#3090 = FACE_OUTER_BOUND ( 'NONE', #870, .T. ) ;
#3091 = CARTESIAN_POINT ( 'NONE',  ( -1.009563229956987884, 1.149999999999999911, 2.449999999999999734 ) ) ;
#3092 = CARTESIAN_POINT ( 'NONE',  ( -1.598037108023705022, 0.4000000000000000222, 1.899999999999975042 ) ) ;
#3093 = ORIENTED_EDGE ( 'NONE', *, *, #1136, .T. ) ;
#3094 = DIRECTION ( 'NONE',  ( 0.000000000000000000, -1.000000000000000000, 0.000000000000000000 ) ) ;
#3095 = LINE ( 'NONE', #1458, #3174 ) ;
#3096 = ORIENTED_EDGE ( 'NONE', *, *, #3830, .T. ) ;
#3097 = SURFACE_STYLE_USAGE ( .BOTH. , #98 ) ;
#3098 = DIRECTION ( 'NONE',  ( -7.339214706055721837E-15, 0.000000000000000000, 1.000000000000000000 ) ) ;
#3099 = FILL_AREA_STYLE ('',( #1417 ) ) ;
#3100 = ADVANCED_FACE ( 'NONE', ( #319 ), #2667, .F. ) ;
#3101 =( NAMED_UNIT ( * ) PLANE_ANGLE_UNIT ( ) SI_UNIT ( $, .RADIAN. ) );
#3102 = EDGE_LOOP ( 'NONE', ( #489, #517, #120, #1209, #1072, #3010 ) ) ;
#3103 = STYLED_ITEM ( 'NONE', ( #2983 ), #740 ) ;
#3104 = DIRECTION ( 'NONE',  ( 0.000000000000000000, 0.000000000000000000, -1.000000000000000000 ) ) ;
#3105 = DIRECTION ( 'NONE',  ( -0.6293203910498410547, 0.000000000000000000, -0.7771459614569680152 ) ) ;
#3106 = CARTESIAN_POINT ( 'NONE',  ( 1.123447595427810031, 2.983333333333334725, -2.383333333333355064 ) ) ;
#3107 = ORIENTED_EDGE ( 'NONE', *, *, #1230, .T. ) ;
#3108 =( LENGTH_UNIT ( ) NAMED_UNIT ( * ) SI_UNIT ( .MILLI., .METRE. ) );
#3109 = ADVANCED_FACE ( 'NONE', ( #3612 ), #4002, .T. ) ;
#3110 = CARTESIAN_POINT ( 'NONE',  ( -2.150000000000034994, 3.350000000000000089, 1.221581069830703914 ) ) ;
#3111 = DIRECTION ( 'NONE',  ( 0.000000000000000000, 1.000000000000000000, 0.000000000000000000 ) ) ;
#3112 = AXIS2_PLACEMENT_3D ( 'NONE', #2524, #3832, #3225 ) ;
#3113 = STYLED_ITEM ( 'NONE', ( #535 ), #1620 ) ;
#3114 = FILL_AREA_STYLE_COLOUR ( '', #35 ) ;
#3115 = CARTESIAN_POINT ( 'NONE',  ( 1.243318830641969797, 1.150051772220131996, 2.339699311922474934 ) ) ;
#3116 = UNCERTAINTY_MEASURE_WITH_UNIT (LENGTH_MEASURE( 1.000000000000000082E-05 ), #1538, 'distance_accuracy_value', 'NONE');
#3117 =( GEOMETRIC_REPRESENTATION_CONTEXT ( 3 ) GLOBAL_UNCERTAINTY_ASSIGNED_CONTEXT ( ( #3270 ) ) GLOBAL_UNIT_ASSIGNED_CONTEXT ( ( #3256, #3291, #618 ) ) REPRESENTATION_CONTEXT ( 'NONE', 'WORKASPACE' ) );
#3118 = SURFACE_STYLE_FILL_AREA ( #4088 ) ;
#3119 = VECTOR ( 'NONE', #1148, 1000.000000000000114 ) ;
#3120 = CARTESIAN_POINT ( 'NONE',  ( 2.016655677056844009, 1.883393776187432644, -1.067610675880429350 ) ) ;
#3121 = EDGE_LOOP ( 'NONE', ( #609, #133, #1630, #2673, #814 ) ) ;
#3122 = UNCERTAINTY_MEASURE_WITH_UNIT (LENGTH_MEASURE( 1.000000000000000082E-05 ), #2340, 'distance_accuracy_value', 'NONE');
#3123 = CARTESIAN_POINT ( 'NONE',  ( -1.598037108023675046, 1.149999999999999911, -1.900000000000034994 ) ) ;
#3124 = PRESENTATION_LAYER_ASSIGNMENT (  '', '', ( #980 ) ) ;
#3125 = DIRECTION ( 'NONE',  ( -1.000000000000000000, 0.000000000000000000, 0.000000000000000000 ) ) ;
#3126 = SURFACE_STYLE_USAGE ( .BOTH. , #169 ) ;
#3127 = VERTEX_POINT ( 'NONE', #2781 ) ;
#3128 = SURFACE_STYLE_FILL_AREA ( #475 ) ;
#3129 = LINE ( 'NONE', #2807, #726 ) ;
#3130 = PLANE ( 'NONE',  #3645 ) ;
#3131 = VECTOR ( 'NONE', #1733, 1000.000000000000000 ) ;
#3132 = PLANE ( 'NONE',  #3753 ) ;
#3133 = DIRECTION ( 'NONE',  ( 0.000000000000000000, -1.000000000000000000, 0.000000000000000000 ) ) ;
#3134 = DIRECTION ( 'NONE',  ( 0.000000000000000000, -1.000000000000000000, 0.000000000000000000 ) ) ;
#3135 = ORIENTED_EDGE ( 'NONE', *, *, #1808, .F. ) ;
#3136 = EDGE_CURVE ( 'NONE', #1132, #2034, #491, .T. ) ;
#3137 = SURFACE_SIDE_STYLE ('',( #1814 ) ) ;
#3138 = CARTESIAN_POINT ( 'NONE',  ( 2.085492032724835187, 2.995206179986685147, 1.094215618096364251 ) ) ;
#3139 = FILL_AREA_STYLE ('',( #2505 ) ) ;
#3140 = ORIENTED_EDGE ( 'NONE', *, *, #1519, .F. ) ;
#3141 = EDGE_CURVE ( 'NONE', #2355, #4072, #2426, .T. ) ;
#3142 = DIRECTION ( 'NONE',  ( 0.000000000000000000, 0.000000000000000000, 1.000000000000000000 ) ) ;
#3143 = CARTESIAN_POINT ( 'NONE',  ( 2.149998370891454957, 3.349991040012290089, 1.116486901128691978 ) ) ;
#3144 = SURFACE_STYLE_USAGE ( .BOTH. , #3189 ) ;
#3145 = MECHANICAL_DESIGN_GEOMETRIC_PRESENTATION_REPRESENTATION (  '', ( #660 ), #3388 ) ;
#3146 = ORIENTED_EDGE ( 'NONE', *, *, #3601, .F. ) ;
#3147 = CARTESIAN_POINT ( 'NONE',  ( 2.050048394276616115, 1.877201554214551926, -1.186186349889463365 ) ) ;
#3148 = CARTESIAN_POINT ( 'NONE',  ( -1.598037108023675046, 1.149999999999999911, -1.900000000000034994 ) ) ;
#3149 = CARTESIAN_POINT ( 'NONE',  ( 1.182145764290715162, 2.616718889519348057, -2.204937206534382188 ) ) ;
#3150 = ORIENTED_EDGE ( 'NONE', *, *, #2070, .T. ) ;
#3151 = SURFACE_STYLE_USAGE ( .BOTH. , #2057 ) ;
#3152 = CARTESIAN_POINT ( 'NONE',  ( -1.012015162946235947, 1.150002190309131977, 2.450010879765534888 ) ) ;
#3153 = ORIENTED_EDGE ( 'NONE', *, *, #3948, .F. ) ;
#3154 =( GEOMETRIC_REPRESENTATION_CONTEXT ( 3 ) GLOBAL_UNCERTAINTY_ASSIGNED_CONTEXT ( ( #3996 ) ) GLOBAL_UNIT_ASSIGNED_CONTEXT ( ( #1854, #4166, #4133 ) ) REPRESENTATION_CONTEXT ( 'NONE', 'WORKASPACE' ) );
#3155 = LINE ( 'NONE', #1150, #3073 ) ;
#3156 = CARTESIAN_POINT ( 'NONE',  ( 2.084932513326846593, 1.507871176693443838, 1.198539464336943805 ) ) ;
#3157 = EDGE_CURVE ( 'NONE', #2172, #3319, #4098, .T. ) ;
#3158 = ORIENTED_EDGE ( 'NONE', *, *, #189, .T. ) ;
#3159 = DIRECTION ( 'NONE',  ( 1.000000000000000000, 0.000000000000000000, 0.000000000000000000 ) ) ;
#3160 = ADVANCED_FACE ( 'NONE', ( #2114 ), #4130, .T. ) ;
#3161 = DIRECTION ( 'NONE',  ( 0.000000000000000000, 0.000000000000000000, -1.000000000000000000 ) ) ;
#3162 = ORIENTED_EDGE ( 'NONE', *, *, #2278, .T. ) ;
#3163 = FACE_OUTER_BOUND ( 'NONE', #2329, .T. ) ;
#3164 = PLANE ( 'NONE',  #87 ) ;
#3165 = CARTESIAN_POINT ( 'NONE',  ( -2.016666666666679486, 2.250000000000000000, -1.174365260159919933 ) ) ;
#3166 = LINE ( 'NONE', #1824, #563 ) ;
#3167 = B_SPLINE_CURVE_WITH_KNOTS ( 'NONE', 3,
 ( #3365, #848, #150, #200 ),
 .UNSPECIFIED., .F., .F.,
 ( 4, 4 ),
 ( 0.000000000000000000, 1.000000000000000000 ),
 .UNSPECIFIED. ) ;
#3168 = PLANE ( 'NONE',  #935 ) ;
#3169 = DIRECTION ( 'NONE',  ( 0.000000000000000000, 0.000000000000000000, -1.000000000000000000 ) ) ;
#3170 = ORIENTED_EDGE ( 'NONE', *, *, #1646, .T. ) ;
#3171 = SURFACE_SIDE_STYLE ('',( #1252 ) ) ;
#3172 = COLOUR_RGB ( '',0.5254901960784313930, 0.5254901960784313930, 0.5254901960784313930 ) ;
#3173 = STYLED_ITEM ( 'NONE', ( #335 ), #1712 ) ;
#3174 = VECTOR ( 'NONE', #2778, 999.9999999999998863 ) ;
#3175 =( NAMED_UNIT ( * ) PLANE_ANGLE_UNIT ( ) SI_UNIT ( $, .RADIAN. ) );
#3176 = VERTEX_POINT ( 'NONE', #1985 ) ;
#3177 = FILL_AREA_STYLE_COLOUR ( '', #2910 ) ;
#3178 = EDGE_CURVE ( 'NONE', #4125, #3714, #2026, .T. ) ;
#3179 = COLOUR_RGB ( '',0.5254901960784313930, 0.5254901960784313930, 0.5254901960784313930 ) ;
#3180 = FILL_AREA_STYLE ('',( #593 ) ) ;
#3181 = DIRECTION ( 'NONE',  ( 1.000000000000000000, 0.000000000000000000, 7.532351935162430267E-15 ) ) ;
#3182 = MECHANICAL_DESIGN_GEOMETRIC_PRESENTATION_REPRESENTATION (  '', ( #642 ), #2000 ) ;
#3183 = CARTESIAN_POINT ( 'NONE',  ( 2.149961500122754998, 0.4000000000000000222, 1.899996856239225096 ) ) ;
#3184 = EDGE_CURVE ( 'NONE', #2355, #182, #2215, .T. ) ;
#3185 = PRESENTATION_STYLE_ASSIGNMENT (( #1168 ) ) ;
#3186 = CARTESIAN_POINT ( 'NONE',  ( 2.149995116318839994, 3.349973139425650004, -1.117057276342020122 ) ) ;
#3187 = ORIENTED_EDGE ( 'NONE', *, *, #235, .F. ) ;
#3188 = LINE ( 'NONE', #586, #2961 ) ;
#3189 = SURFACE_SIDE_STYLE ('',( #3852 ) ) ;
#3190 = ORIENTED_EDGE ( 'NONE', *, *, #100, .F. ) ;
#3191 = UNCERTAINTY_MEASURE_WITH_UNIT (LENGTH_MEASURE( 1.000000000000000082E-05 ), #3735, 'distance_accuracy_value', 'NONE');
#3192 = CARTESIAN_POINT ( 'NONE',  ( -2.150000000000034994, 3.350000000000000089, 1.221581069830703914 ) ) ;
#3193 = PRESENTATION_LAYER_ASSIGNMENT (  '', '', ( #3743 ) ) ;
#3194 = CARTESIAN_POINT ( 'NONE',  ( 2.085765488578850135, 1.503289812816374749, -1.094312453893510062 ) ) ;
#3195 = PRESENTATION_LAYER_ASSIGNMENT (  '', '', ( #2373 ) ) ;
#3196 = DIRECTION ( 'NONE',  ( 0.000000000000000000, 1.000000000000000000, 0.000000000000000000 ) ) ;
#3197 = EDGE_CURVE ( 'NONE', #4072, #2560, #1281, .T. ) ;
#3198 = FACE_OUTER_BOUND ( 'NONE', #1156, .T. ) ;
#3199 = CARTESIAN_POINT ( 'NONE',  ( 1.243844560101643903, 1.149999999999999911, -2.340589845939919922 ) ) ;
#3200 = VECTOR ( 'NONE', #2175, 1000.000000000000000 ) ;
#3201 = ORIENTED_EDGE ( 'NONE', *, *, #125, .T. ) ;
#3202 =( LENGTH_UNIT ( ) NAMED_UNIT ( * ) SI_UNIT ( .MILLI., .METRE. ) );
#3203 = CARTESIAN_POINT ( 'NONE',  ( 2.083333333333340143, 1.516666666666665053, -1.197973164995270068 ) ) ;
#3204 = SURFACE_STYLE_FILL_AREA ( #220 ) ;
#3205 = EDGE_CURVE ( 'NONE', #4168, #3071, #3627, .T. ) ;
#3206 = MECHANICAL_DESIGN_GEOMETRIC_PRESENTATION_REPRESENTATION (  '', ( #2238 ), #457 ) ;
#3207 = ORIENTED_EDGE ( 'NONE', *, *, #970, .T. ) ;
#3208 = FILL_AREA_STYLE ('',( #3114 ) ) ;
#3209 = PRODUCT ( 'NRS5040T4R7NMGK', 'NRS5040T4R7NMGK', '', ( #932 ) ) ;
#3210 = VECTOR ( 'NONE', #3908, 1000.000000000000000 ) ;
#3211 =( NAMED_UNIT ( * ) SI_UNIT ( $, .STERADIAN. ) SOLID_ANGLE_UNIT ( ) );
#3212 = SURFACE_SIDE_STYLE ('',( #3817 ) ) ;
#3213 = ORIENTED_EDGE ( 'NONE', *, *, #2870, .T. ) ;
#3214 = CARTESIAN_POINT ( 'NONE',  ( -2.449574296280174757, 0.4000000000000000222, -1.726602246267055163 ) ) ;
#3215 = CARTESIAN_POINT ( 'NONE',  ( 2.151889908571053667, 1.139605502859226904, -1.222250321556072050 ) ) ;
#3216 = DIRECTION ( 'NONE',  ( -7.532351935162430267E-15, 0.000000000000000000, 1.000000000000000000 ) ) ;
#3217 = CARTESIAN_POINT ( 'NONE',  ( 2.249923000245584781, 0.4000000000000000222, 0.6499999999999770406 ) ) ;
#3218 =( NAMED_UNIT ( * ) SI_UNIT ( $, .STERADIAN. ) SOLID_ANGLE_UNIT ( ) );
#3219 = ORIENTED_EDGE ( 'NONE', *, *, #1501, .T. ) ;
#3220 = DIRECTION ( 'NONE',  ( 0.000000000000000000, -1.000000000000000000, 0.000000000000000000 ) ) ;
#3221 = CARTESIAN_POINT ( 'NONE',  ( 2.149999999999999911, 3.350000000000000089, -1.115916163393535943 ) ) ;
#3222 = SURFACE_STYLE_USAGE ( .BOTH. , #1909 ) ;
#3223 = VERTEX_POINT ( 'NONE', #1966 ) ;
#3224 = EDGE_CURVE ( 'NONE', #2815, #495, #3437, .T. ) ;
#3225 = DIRECTION ( 'NONE',  ( 0.000000000000000000, 0.000000000000000000, -1.000000000000000000 ) ) ;
#3226 = VERTEX_POINT ( 'NONE', #2330 ) ;
#3227 = PRESENTATION_LAYER_ASSIGNMENT (  '', '', ( #2690 ) ) ;
#3228 = CARTESIAN_POINT ( 'NONE',  ( -2.086994224977654966, 3.365246219107025372, 1.303791537154735947 ) ) ;
#3229 = EDGE_CURVE ( 'NONE', #2378, #1098, #936, .T. ) ;
#3230 = PRESENTATION_LAYER_ASSIGNMENT (  '', '', ( #2899 ) ) ;
#3231 = VERTEX_POINT ( 'NONE', #1261 ) ;
#3232 = UNCERTAINTY_MEASURE_WITH_UNIT (LENGTH_MEASURE( 1.000000000000000082E-05 ), #1315, 'distance_accuracy_value', 'NONE');
#3233 = DIRECTION ( 'NONE',  ( -7.532351935162430267E-15, 0.000000000000000000, 1.000000000000000000 ) ) ;
#3234 = SURFACE_STYLE_FILL_AREA ( #682 ) ;
#3235 = CARTESIAN_POINT ( 'NONE',  ( 0.000000000000000000, 4.100000000000000533, 0.000000000000000000 ) ) ;
#3236 = CARTESIAN_POINT ( 'NONE',  ( -1.243280591281128000, 1.150052556527484171, -2.339699115641054927 ) ) ;
#3237 = DIRECTION ( 'NONE',  ( -0.7771459614569680152, 0.000000000000000000, 0.6293203910498410547 ) ) ;
#3238 = ORIENTED_EDGE ( 'NONE', *, *, #4225, .T. ) ;
#3239 = MECHANICAL_DESIGN_GEOMETRIC_PRESENTATION_REPRESENTATION (  '', ( #1734 ), #1669 ) ;
#3240 = SURFACE_STYLE_FILL_AREA ( #1245 ) ;
#3241 = MECHANICAL_DESIGN_GEOMETRIC_PRESENTATION_REPRESENTATION (  '', ( #1466 ), #2211 ) ;
#3242 = DIRECTION ( 'NONE',  ( 0.000000000000000000, 0.000000000000000000, -1.000000000000000000 ) ) ;
#3243 = CARTESIAN_POINT ( 'NONE',  ( -1.012153304464980197, 3.350000000000000089, -2.449999999999999734 ) ) ;
#3244 = CARTESIAN_POINT ( 'NONE',  ( 2.084222185139984695, 1.149999999999999911, -1.302809906364402082 ) ) ;
#3245 = MECHANICAL_DESIGN_GEOMETRIC_PRESENTATION_REPRESENTATION (  '', ( #3445 ), #4198 ) ;
#3246 = CARTESIAN_POINT ( 'NONE',  ( -2.150000000000034994, 4.100000000000000533, 1.221581069830703914 ) ) ;
#3247 = FILL_AREA_STYLE_COLOUR ( '', #1239 ) ;
#3248 = CARTESIAN_POINT ( 'NONE',  ( -2.049951855059861661, 2.621225977185239309, 1.186152163559892170 ) ) ;
#3249 = ADVANCED_FACE ( 'NONE', ( #2590 ), #2638, .F. ) ;
#3250 =( REPRESENTATION_RELATIONSHIP ('NONE','NONE', #2897, #2453 ) REPRESENTATION_RELATIONSHIP_WITH_TRANSFORMATION ( #2607 )SHAPE_REPRESENTATION_RELATIONSHIP( ) );
#3251 = CARTESIAN_POINT ( 'NONE',  ( 2.449961500122754821, 1.149999999999999911, 1.599996856239230159 ) ) ;
#3252 = EDGE_CURVE ( 'NONE', #2441, #508, #616, .T. ) ;
#3253 = ORIENTED_EDGE ( 'NONE', *, *, #2973, .T. ) ;
#3254 = CARTESIAN_POINT ( 'NONE',  ( 0.3850819880914475579, 1.149999999999999911, 2.449999999999960210 ) ) ;
#3255 = CARTESIAN_POINT ( 'NONE',  ( 0.000000000000000000, 0.000000000000000000, 0.000000000000000000 ) ) ;
#3256 =( LENGTH_UNIT ( ) NAMED_UNIT ( * ) SI_UNIT ( .MILLI., .METRE. ) );
#3257 = CARTESIAN_POINT ( 'NONE',  ( -1.949494253934519028, 2.616695545300629977, -1.257329798285084843 ) ) ;
#3258 = CARTESIAN_POINT ( 'NONE',  ( 1.009486230202489843, 0.4000000000000000222, -2.149999999999999911 ) ) ;
#3259 = VERTEX_POINT ( 'NONE', #353 ) ;
#3260 = PRESENTATION_LAYER_ASSIGNMENT (  '', '', ( #2795 ) ) ;
#3261 = DIRECTION ( 'NONE',  ( 0.000000000000000000, 1.000000000000000000, 0.000000000000000000 ) ) ;
#3262 = CARTESIAN_POINT ( 'NONE',  ( -2.083333333333360127, 2.983333333333334725, 0.3993243883317695309 ) ) ;
#3263 = VERTEX_POINT ( 'NONE', #3569 ) ;
#3264 = COLOUR_RGB ( '',1.000000000000000000, 1.000000000000000000, 1.000000000000000000 ) ;
#3265 = CARTESIAN_POINT ( 'NONE',  ( 1.152578890011937807, 1.149999999999999911, -2.449999999999999734 ) ) ;
#3266 = EDGE_CURVE ( 'NONE', #2734, #1137, #2570, .T. ) ;
#3267 = STYLED_ITEM ( 'NONE', ( #3608 ), #4007 ) ;
#3268 = PLANE ( 'NONE',  #3272 ) ;
#3269 = EDGE_LOOP ( 'NONE', ( #3587, #1906, #2772, #926 ) ) ;
#3270 = UNCERTAINTY_MEASURE_WITH_UNIT (LENGTH_MEASURE( 1.000000000000000082E-05 ), #3256, 'distance_accuracy_value', 'NONE');
#3271 =( NAMED_UNIT ( * ) SI_UNIT ( $, .STERADIAN. ) SOLID_ANGLE_UNIT ( ) );
#3272 = AXIS2_PLACEMENT_3D ( 'NONE', #2324, #4211, #290 ) ;
#3273 = AXIS2_PLACEMENT_3D ( 'NONE', #527, #1876, #1895 ) ;
#3274 = EDGE_CURVE ( 'NONE', #3639, #3259, #1671, .T. ) ;
#3275 = DIRECTION ( 'NONE',  ( 0.000000000000000000, 0.000000000000000000, -1.000000000000000000 ) ) ;
#3276 = CARTESIAN_POINT ( 'NONE',  ( -1.123835411748498769, 2.987805239291908332, 2.384146407140232071 ) ) ;
#3277 = CARTESIAN_POINT ( 'NONE',  ( 1.597960108269149915, 1.149999999999999911, -1.900000000000034994 ) ) ;
#3278 = FILL_AREA_STYLE ('',( #363 ) ) ;
#3279 = CARTESIAN_POINT ( 'NONE',  ( -2.450038499877220222, 0.4000000000000000222, 1.599996856239225052 ) ) ;
#3280 = CARTESIAN_POINT ( 'NONE',  ( -2.150000000000025224, 3.350000000000000089, 0.4071936899435589785 ) ) ;
#3281 = VERTEX_POINT ( 'NONE', #2008 ) ;
#3282 =( NAMED_UNIT ( * ) SI_UNIT ( $, .STERADIAN. ) SOLID_ANGLE_UNIT ( ) );
#3283 = CARTESIAN_POINT ( 'NONE',  ( 1.123835416453372815, 2.987805293541829332, -2.384146417004661789 ) ) ;
#3284 = PRESENTATION_STYLE_ASSIGNMENT (( #2237 ) ) ;
#3285 = CARTESIAN_POINT ( 'NONE',  ( 1.213150625502342095, 2.996068552891094861, 2.276238673687234648 ) ) ;
#3286 = CARTESIAN_POINT ( 'NONE',  ( -2.450138499877204890, 0.000000000000000000, -0.6500000000000339950 ) ) ;
#3287 = ORIENTED_EDGE ( 'NONE', *, *, #3229, .T. ) ;
#3288 = LINE ( 'NONE', #1668, #2141 ) ;
#3289 = COLOUR_RGB ( '',0.5254901960784313930, 0.5254901960784313930, 0.5254901960784313930 ) ;
#3290 = DIRECTION ( 'NONE',  ( 0.000000000000000000, 1.000000000000000000, 0.000000000000000000 ) ) ;
#3291 =( NAMED_UNIT ( * ) PLANE_ANGLE_UNIT ( ) SI_UNIT ( $, .RADIAN. ) );
#3292 =( LENGTH_UNIT ( ) NAMED_UNIT ( * ) SI_UNIT ( .MILLI., .METRE. ) );
#3293 = SURFACE_SIDE_STYLE ('',( #3632 ) ) ;
#3294 = ADVANCED_FACE ( 'NONE', ( #1622 ), #3312, .F. ) ;
#3295 = AXIS2_PLACEMENT_3D ( 'NONE', #644, #3014, #2664 ) ;
#3296 =( GEOMETRIC_REPRESENTATION_CONTEXT ( 3 ) GLOBAL_UNCERTAINTY_ASSIGNED_CONTEXT ( ( #3910 ) ) GLOBAL_UNIT_ASSIGNED_CONTEXT ( ( #3713, #1467, #3384 ) ) REPRESENTATION_CONTEXT ( 'NONE', 'WORKASPACE' ) );
#3297 = COLOUR_RGB ( '',0.000000000000000000, 0.000000000000000000, 0.000000000000000000 ) ;
#3298 =( GEOMETRIC_REPRESENTATION_CONTEXT ( 3 ) GLOBAL_UNCERTAINTY_ASSIGNED_CONTEXT ( ( #2587 ) ) GLOBAL_UNIT_ASSIGNED_CONTEXT ( ( #1456, #3335, #1611 ) ) REPRESENTATION_CONTEXT ( 'NONE', 'WORKASPACE' ) );
#3299 = LINE ( 'NONE', #1679, #1859 ) ;
#3300 = EDGE_CURVE ( 'NONE', #3354, #1132, #3155, .T. ) ;
#3301 = DIRECTION ( 'NONE',  ( 0.000000000000000000, 0.000000000000000000, 1.000000000000000000 ) ) ;
#3302 =( GEOMETRIC_REPRESENTATION_CONTEXT ( 3 ) GLOBAL_UNCERTAINTY_ASSIGNED_CONTEXT ( ( #531 ) ) GLOBAL_UNIT_ASSIGNED_CONTEXT ( ( #823, #498, #1807 ) ) REPRESENTATION_CONTEXT ( 'NONE', 'WORKASPACE' ) );
#3303 = PRESENTATION_LAYER_ASSIGNMENT (  '', '', ( #2982 ) ) ;
#3304 = B_SPLINE_CURVE_WITH_KNOTS ( 'NONE', 3,
 ( #628, #1995, #1930, #3244 ),
 .UNSPECIFIED., .F., .F.,
 ( 4, 4 ),
 ( 0.000000000000000000, 1.000000000000000000 ),
 .UNSPECIFIED. ) ;
#3305 = SURFACE_SIDE_STYLE ('',( #2002 ) ) ;
#3306 = CONTEXT_DEPENDENT_SHAPE_REPRESENTATION ( #3250, #1154 ) ;
#3307 = ORIENTED_EDGE ( 'NONE', *, *, #2179, .F. ) ;
#3308 = FILL_AREA_STYLE_COLOUR ( '', #4160 ) ;
#3309 = ORIENTED_EDGE ( 'NONE', *, *, #477, .F. ) ;
#3310 = UNCERTAINTY_MEASURE_WITH_UNIT (LENGTH_MEASURE( 1.000000000000000082E-05 ), #2495, 'distance_accuracy_value', 'NONE');
#3311 = ORIENTED_EDGE ( 'NONE', *, *, #2017, .F. ) ;
#3312 = PLANE ( 'NONE',  #453 ) ;
#3313 = CARTESIAN_POINT ( 'NONE',  ( -1.050000000000000044, 0.4000000000000000222, -1.900022000534904887 ) ) ;
#3314 = ORIENTED_EDGE ( 'NONE', *, *, #2540, .T. ) ;
#3315 = DIRECTION ( 'NONE',  ( 0.000000000000000000, -1.000000000000000000, 0.000000000000000000 ) ) ;
#3316 =( LENGTH_UNIT ( ) NAMED_UNIT ( * ) SI_UNIT ( .MILLI., .METRE. ) );
#3317 = PRODUCT_DEFINITION ( 'UNKNOWN', '', #2589, #786 ) ;
#3318 = DIRECTION ( 'NONE',  ( 0.000000000000000000, -1.000000000000000000, 0.000000000000000000 ) ) ;
#3319 = VERTEX_POINT ( 'NONE', #158 ) ;
#3320 = CARTESIAN_POINT ( 'NONE',  ( -2.149995116318824895, 3.349973139425544755, -1.117057276345482242 ) ) ;
#3321 = ORIENTED_EDGE ( 'NONE', *, *, #3426, .T. ) ;
#3322 = AXIS2_PLACEMENT_3D ( 'NONE', #4074, #2785, #1823 ) ;
#3323 = EDGE_CURVE ( 'NONE', #599, #1510, #3546, .T. ) ;
#3324 = LINE ( 'NONE', #59, #1243 ) ;
#3325 = VECTOR ( 'NONE', #3315, 1000.000000000000000 ) ;
#3326 = CIRCLE ( 'NONE', #1004, 0.2999999999999999334 ) ;
#3327 = CARTESIAN_POINT ( 'NONE',  ( 1.155933141859199820, 1.142076162282324114, 2.451440697766809063 ) ) ;
#3328 = PLANE ( 'NONE',  #1229 ) ;
#3329 = VECTOR ( 'NONE', #1926, 1000.000000000000000 ) ;
#3330 = ORIENTED_EDGE ( 'NONE', *, *, #4025, .T. ) ;
#3331 = SURFACE_SIDE_STYLE ('',( #1088 ) ) ;
#3332 = ORIENTED_EDGE ( 'NONE', *, *, #2179, .T. ) ;
#3333 = MECHANICAL_DESIGN_GEOMETRIC_PRESENTATION_REPRESENTATION (  '', ( #3267 ), #43 ) ;
#3334 = DIRECTION ( 'NONE',  ( 1.000000000000000000, 0.000000000000000000, 0.000000000000000000 ) ) ;
#3335 =( NAMED_UNIT ( * ) PLANE_ANGLE_UNIT ( ) SI_UNIT ( $, .RADIAN. ) );
#3336 = ORIENTED_EDGE ( 'NONE', *, *, #3300, .F. ) ;
#3337 =( BOUNDED_SURFACE ( )  B_SPLINE_SURFACE ( 3, 2, ( 
 ( #3598, #1657, #1061 ),
 ( #3970, #3283, #717 ),
 ( #2979, #2020, #3002 ),
 ( #85, #60, #1380 ),
 ( #1706, #2699, #2677 ),
 ( #672, #40, #436 ) ),
 .UNSPECIFIED., .F., .F., .F. ) 
 B_SPLINE_SURFACE_WITH_KNOTS ( ( 4, 2, 4 ),
 ( 3, 3 ),
 ( 0.003802163907487660002, 0.004982681294032740085, 0.006163198680577819735 ),
 ( 0.000000000000000000, 1.000000000000000000 ),
 .UNSPECIFIED. ) 
 GEOMETRIC_REPRESENTATION_ITEM ( )  RATIONAL_B_SPLINE_SURFACE ( (
 ( 1.000000000000000000, 0.9058648184293969230, 1.000000000000000000),
 ( 1.000000000000000000, 0.9058648184293969230, 1.000000000000000000),
 ( 1.000000000000000000, 0.9025821841893020281, 1.000000000000000000),
 ( 1.000000000000000000, 0.9025883967235869276, 1.000000000000000000),
 ( 1.000000000000000000, 0.9058648184293969230, 1.000000000000000000),
 ( 1.000000000000000000, 0.9058648184293969230, 1.000000000000000000) ) ) 
 REPRESENTATION_ITEM ( '' )  SURFACE ( )  );
#3338 = CARTESIAN_POINT ( 'NONE',  ( 2.149999999999999911, 3.350000000000000089, -1.221581069830675936 ) ) ;
#3339 = LINE ( 'NONE', #2095, #1533 ) ;
#3340 = PRESENTATION_STYLE_ASSIGNMENT (( #408 ) ) ;
#3341 = CARTESIAN_POINT ( 'NONE',  ( -1.983094347506279664, 2.623549144953630119, -1.268713108734726092 ) ) ;
#3342 = B_SPLINE_CURVE_WITH_KNOTS ( 'NONE', 3,
 ( #407, #2825, #3407, #2741 ),
 .UNSPECIFIED., .F., .F.,
 ( 4, 4 ),
 ( 0.000000000000000000, 1.000000000000000000 ),
 .UNSPECIFIED. ) ;
#3343 = FACE_OUTER_BOUND ( 'NONE', #3012, .T. ) ;
#3344 = PRESENTATION_STYLE_ASSIGNMENT (( #2826 ) ) ;
#3345 = EDGE_CURVE ( 'NONE', #399, #2573, #179, .T. ) ;
#3346 = DIRECTION ( 'NONE',  ( 0.000000000000000000, -1.000000000000000000, 0.000000000000000000 ) ) ;
#3347 = SURFACE_STYLE_USAGE ( .BOTH. , #4085 ) ;
#3348 = EDGE_LOOP ( 'NONE', ( #2323, #924, #445, #2094, #2692, #3150, #824, #4180, #1830, #3382, #1453, #1120, #3902, #3565, #32, #1345 ) ) ;
#3349 = EDGE_CURVE ( 'NONE', #3071, #4200, #3392, .T. ) ;
#3350 = B_SPLINE_CURVE_WITH_KNOTS ( 'NONE', 3,
 ( #1900, #3214, #2588, #1982 ),
 .UNSPECIFIED., .F., .F.,
 ( 4, 4 ),
 ( 0.000000000000000000, 1.000000000000000000 ),
 .UNSPECIFIED. ) ;
#3351 = VERTEX_POINT ( 'NONE', #1831 ) ;
#3352 = CARTESIAN_POINT ( 'NONE',  ( 2.149967000256495009, 0.000000000000000000, -1.900001832571255100 ) ) ;
#3353 =( NAMED_UNIT ( * ) PLANE_ANGLE_UNIT ( ) SI_UNIT ( $, .RADIAN. ) );
#3354 = VERTEX_POINT ( 'NONE', #112 ) ;
#3355 = DIRECTION ( 'NONE',  ( 0.000000000000000000, -1.000000000000000000, 0.000000000000000000 ) ) ;
#3356 = DIRECTION ( 'NONE',  ( 0.000000000000000000, 0.000000000000000000, -1.000000000000000000 ) ) ;
#3357 = MECHANICAL_DESIGN_GEOMETRIC_PRESENTATION_REPRESENTATION (  '', ( #2899 ), #217 ) ;
#3358 = CARTESIAN_POINT ( 'NONE',  ( 2.449961500122774805, 0.4000000000000000222, -0.6500000000000339950 ) ) ;
#3359 = CARTESIAN_POINT ( 'NONE',  ( 2.083333333333345028, 2.983333333333334725, -1.197973164995270068 ) ) ;
#3360 = ORIENTED_EDGE ( 'NONE', *, *, #148, .F. ) ;
#3361 = CARTESIAN_POINT ( 'NONE',  ( -1.850000000000034950, 4.100000000000000533, 1.115345498071494079 ) ) ;
#3362 = CARTESIAN_POINT ( 'NONE',  ( -1.155245964274428161, 3.350000000000000089, -2.449999999999999734 ) ) ;
#3363 =( GEOMETRIC_REPRESENTATION_CONTEXT ( 3 ) GLOBAL_UNCERTAINTY_ASSIGNED_CONTEXT ( ( #2943 ) ) GLOBAL_UNIT_ASSIGNED_CONTEXT ( ( #983, #2306, #2010 ) ) REPRESENTATION_CONTEXT ( 'NONE', 'WORKASPACE' ) );
#3364 = DIRECTION ( 'NONE',  ( 0.000000000000000000, -1.000000000000000000, 0.000000000000000000 ) ) ;
#3365 = CARTESIAN_POINT ( 'NONE',  ( -1.014456983850033911, 3.349951351268914745, -2.449991154971780105 ) ) ;
#3366 =( GEOMETRIC_REPRESENTATION_CONTEXT ( 3 ) GLOBAL_UNCERTAINTY_ASSIGNED_CONTEXT ( ( #2780 ) ) GLOBAL_UNIT_ASSIGNED_CONTEXT ( ( #1437, #2377, #2798 ) ) REPRESENTATION_CONTEXT ( 'NONE', 'WORKASPACE' ) );
#3367 = MECHANICAL_DESIGN_GEOMETRIC_PRESENTATION_REPRESENTATION (  '', ( #1462 ), #2142 ) ;
#3368 = FILL_AREA_STYLE ('',( #2651 ) ) ;
#3369 = LINE ( 'NONE', #437, #624 ) ;
#3370 = EDGE_CURVE ( 'NONE', #1024, #2688, #2129, .T. ) ;
#3371 = AXIS2_PLACEMENT_3D ( 'NONE', #3707, #3356, #3057 ) ;
#3372 = VECTOR ( 'NONE', #1579, 1000.000000000000000 ) ;
#3373 = SURFACE_STYLE_FILL_AREA ( #2062 ) ;
#3374 = ORIENTED_EDGE ( 'NONE', *, *, #1932, .T. ) ;
#3375 = ORIENTED_EDGE ( 'NONE', *, *, #265, .F. ) ;
#3376 = CARTESIAN_POINT ( 'NONE',  ( 1.009486230202489843, 1.149999999999999911, -2.149999999999999911 ) ) ;
#3377 = ADVANCED_FACE ( 'NONE', ( #2832 ), #3744, .F. ) ;
#3378 = ORIENTED_EDGE ( 'NONE', *, *, #3082, .T. ) ;
#3379 = FACE_OUTER_BOUND ( 'NONE', #3399, .T. ) ;
#3380 = CARTESIAN_POINT ( 'NONE',  ( -0.9840099942685679446, 1.501134870403995070, -2.386157296290205121 ) ) ;
#3381 = CARTESIAN_POINT ( 'NONE',  ( 2.149999999999975042, 3.350000000000000089, 1.221581069830675936 ) ) ;
#3382 = ORIENTED_EDGE ( 'NONE', *, *, #3058, .T. ) ;
#3383 = PRESENTATION_STYLE_ASSIGNMENT (( #3711 ) ) ;
#3384 =( NAMED_UNIT ( * ) SI_UNIT ( $, .STERADIAN. ) SOLID_ANGLE_UNIT ( ) );
#3385 = CARTESIAN_POINT ( 'NONE',  ( -2.149613237706582858, 3.347872755796920341, 1.183982835966814973 ) ) ;
#3386 = FACE_OUTER_BOUND ( 'NONE', #2150, .T. ) ;
#3387 = MECHANICAL_DESIGN_GEOMETRIC_PRESENTATION_REPRESENTATION (  '', ( #178 ), #1885 ) ;
#3388 =( GEOMETRIC_REPRESENTATION_CONTEXT ( 3 ) GLOBAL_UNCERTAINTY_ASSIGNED_CONTEXT ( ( #697 ) ) GLOBAL_UNIT_ASSIGNED_CONTEXT ( ( #3037, #1327, #3935 ) ) REPRESENTATION_CONTEXT ( 'NONE', 'WORKASPACE' ) );
#3389 = CYLINDRICAL_SURFACE ( 'NONE', #1935, 0.2999999999999999334 ) ;
#3390 = UNCERTAINTY_MEASURE_WITH_UNIT (LENGTH_MEASURE( 1.000000000000000082E-05 ), #3202, 'distance_accuracy_value', 'NONE');
#3391 = ORIENTED_EDGE ( 'NONE', *, *, #2387, .T. ) ;
#3392 = CIRCLE ( 'NONE', #2802, 0.2999999999999999334 ) ;
#3393 = ADVANCED_FACE ( 'NONE', ( #481 ), #1792, .T. ) ;
#3394 = ORIENTED_EDGE ( 'NONE', *, *, #2363, .F. ) ;
#3395 = LINE ( 'NONE', #2086, #1766 ) ;
#3396 = B_SPLINE_CURVE_WITH_KNOTS ( 'NONE', 3,
 ( #3019, #323, #3638, #2595, #2288, #1029 ),
 .UNSPECIFIED., .F., .F.,
 ( 4, 2, 4 ),
 ( 0.000000000000000000, 0.5000000000000000000, 1.000000000000000000 ),
 .UNSPECIFIED. ) ;
#3397 = SURFACE_SIDE_STYLE ('',( #2437 ) ) ;
#3398 = CARTESIAN_POINT ( 'NONE',  ( 2.449961500122779690, 1.149999999999999911, -1.600000000000030065 ) ) ;
#3399 = EDGE_LOOP ( 'NONE', ( #388, #380, #1497, #1089 ) ) ;
#3400 = UNCERTAINTY_MEASURE_WITH_UNIT (LENGTH_MEASURE( 1.000000000000000082E-05 ), #1882, 'distance_accuracy_value', 'NONE');
#3401 =( NAMED_UNIT ( * ) SI_UNIT ( $, .STERADIAN. ) SOLID_ANGLE_UNIT ( ) );
#3402 = PLANE ( 'NONE',  #1323 ) ;
#3403 = ADVANCED_FACE ( 'NONE', ( #1570 ), #2252, .F. ) ;
#3404 = CIRCLE ( 'NONE', #3949, 0.2999999999999999334 ) ;
#3405 = CARTESIAN_POINT ( 'NONE',  ( -1.101930395268301721, 3.346256716241080120, 2.449319432851630562 ) ) ;
#3406 = ORIENTED_EDGE ( 'NONE', *, *, #1104, .T. ) ;
#3407 = CARTESIAN_POINT ( 'NONE',  ( -1.481699641721679228, 1.149999999999999911, -2.046863281979992344 ) ) ;
#3408 = AXIS2_PLACEMENT_3D ( 'NONE', #2894, #185, #3440 ) ;
#3409 = CARTESIAN_POINT ( 'NONE',  ( 0.3850819880914380100, 1.149999999999999911, -2.449999999999999734 ) ) ;
#3410 = MECHANICAL_DESIGN_GEOMETRIC_PRESENTATION_REPRESENTATION (  '', ( #2106 ), #3765 ) ;
#3411 = ORIENTED_EDGE ( 'NONE', *, *, #2540, .F. ) ;
#3412 = CARTESIAN_POINT ( 'NONE',  ( 1.049923000245597926, 0.4000000000000000222, -1.900022000534904887 ) ) ;
#3413 = CARTESIAN_POINT ( 'NONE',  ( -2.450138499877204890, 0.000000000000000000, -0.6500000000000339950 ) ) ;
#3414 = DIRECTION ( 'NONE',  ( 0.000000000000000000, -1.000000000000000000, 0.000000000000000000 ) ) ;
#3415 = ORIENTED_EDGE ( 'NONE', *, *, #4161, .T. ) ;
#3416 = DIRECTION ( 'NONE',  ( 0.000000000000000000, 1.000000000000000000, 0.000000000000000000 ) ) ;
#3417 = ORIENTED_EDGE ( 'NONE', *, *, #2564, .T. ) ;
#3418 = CARTESIAN_POINT ( 'NONE',  ( -2.450038499877205123, 0.5000000000000000000, -0.6500000000000339950 ) ) ;
#3419 = CARTESIAN_POINT ( 'NONE',  ( 1.597960108269149915, 0.4000000000000000222, -1.900000000000034994 ) ) ;
#3420 = ORIENTED_EDGE ( 'NONE', *, *, #4147, .T. ) ;
#3421 =( LENGTH_UNIT ( ) NAMED_UNIT ( * ) SI_UNIT ( .MILLI., .METRE. ) );
#3422 = PRESENTATION_STYLE_ASSIGNMENT (( #1200 ) ) ;
#3423 =( NAMED_UNIT ( * ) PLANE_ANGLE_UNIT ( ) SI_UNIT ( $, .RADIAN. ) );
#3424 = ORIENTED_EDGE ( 'NONE', *, *, #1288, .T. ) ;
#3425 = DIRECTION ( 'NONE',  ( 1.000000000000000000, 0.000000000000000000, 0.000000000000000000 ) ) ;
#3426 = EDGE_CURVE ( 'NONE', #3700, #2992, #3499, .T. ) ;
#3427 = LINE ( 'NONE', #3449, #449 ) ;
#3428 = DIRECTION ( 'NONE',  ( 0.000000000000000000, 0.000000000000000000, -1.000000000000000000 ) ) ;
#3429 = CARTESIAN_POINT ( 'NONE',  ( -2.083502919760739758, 3.350000000000000089, -1.303698125136085961 ) ) ;
#3430 = CARTESIAN_POINT ( 'NONE',  ( -2.250000000000000000, 0.4000000000000000222, -1.900000000000034994 ) ) ;
#3431 = EDGE_CURVE ( 'NONE', #599, #3543, #245, .T. ) ;
#3432 =( GEOMETRIC_REPRESENTATION_CONTEXT ( 3 ) GLOBAL_UNCERTAINTY_ASSIGNED_CONTEXT ( ( #1220 ) ) GLOBAL_UNIT_ASSIGNED_CONTEXT ( ( #685, #2269, #2931 ) ) REPRESENTATION_CONTEXT ( 'NONE', 'WORKASPACE' ) );
#3433 = ORIENTED_EDGE ( 'NONE', *, *, #3197, .T. ) ;
#3434 = PRESENTATION_LAYER_ASSIGNMENT (  '', '', ( #3113 ) ) ;
#3435 = FILL_AREA_STYLE ('',( #784 ) ) ;
#3436 = CARTESIAN_POINT ( 'NONE',  ( -1.598037108023705022, 1.149999999999999911, 1.899999999999975042 ) ) ;
#3437 = B_SPLINE_CURVE_WITH_KNOTS ( 'NONE', 3,
 ( #2663, #3588, #681, #3911 ),
 .UNSPECIFIED., .F., .F.,
 ( 4, 4 ),
 ( 0.000000000000000000, 1.000000000000000000 ),
 .UNSPECIFIED. ) ;
#3438 = AXIS2_PLACEMENT_3D ( 'NONE', #305, #4230, #951 ) ;
#3439 = STYLED_ITEM ( 'NONE', ( #3422 ), #425 ) ;
#3440 = DIRECTION ( 'NONE',  ( 1.000000000000000000, 0.000000000000000000, 0.000000000000000000 ) ) ;
#3441 = CARTESIAN_POINT ( 'NONE',  ( 1.481699641721651250, 1.149999999999999911, 2.046863281979937721 ) ) ;
#3442 = ORIENTED_EDGE ( 'NONE', *, *, #2685, .F. ) ;
#3443 = UNCERTAINTY_MEASURE_WITH_UNIT (LENGTH_MEASURE( 1.000000000000000082E-05 ), #2538, 'distance_accuracy_value', 'NONE');
#3444 = CARTESIAN_POINT ( 'NONE',  ( -1.399988373276481957, 2.250000000000000000, 1.935899531164400056 ) ) ;
#3445 = STYLED_ITEM ( 'NONE', ( #1121 ), #2227 ) ;
#3446 =( LENGTH_UNIT ( ) NAMED_UNIT ( * ) SI_UNIT ( .MILLI., .METRE. ) );
#3447 =( NAMED_UNIT ( * ) SI_UNIT ( $, .STERADIAN. ) SOLID_ANGLE_UNIT ( ) );
#3448 = FILL_AREA_STYLE ('',( #1165 ) ) ;
#3449 = CARTESIAN_POINT ( 'NONE',  ( -2.150038499877220399, 0.4000000000000000222, 1.899996856239225096 ) ) ;
#3450 = FACE_OUTER_BOUND ( 'NONE', #1032, .T. ) ;
#3451 = ORIENTED_EDGE ( 'NONE', *, *, #1889, .F. ) ;
#3452 = EDGE_CURVE ( 'NONE', #1761, #1413, #1251, .T. ) ;
#3453 = LINE ( 'NONE', #1424, #114 ) ;
#3454 = CARTESIAN_POINT ( 'NONE',  ( 2.149613237705772839, 3.347872755796917676, 1.183982835971236325 ) ) ;
#3455 = ORIENTED_EDGE ( 'NONE', *, *, #2173, .T. ) ;
#3456 = EDGE_CURVE ( 'NONE', #3697, #1277, #844, .T. ) ;
#3457 = DIRECTION ( 'NONE',  ( 1.000000000000000000, 0.000000000000000000, 0.000000000000000000 ) ) ;
#3458 = CARTESIAN_POINT ( 'NONE',  ( 1.983192746725335187, 1.874881025752989983, 1.268746245001763917 ) ) ;
#3459 = DIRECTION ( 'NONE',  ( 0.000000000000000000, 0.000000000000000000, 1.000000000000000000 ) ) ;
#3460 = DIRECTION ( 'NONE',  ( -0.000000000000000000, 1.000000000000000000, 0.000000000000000000 ) ) ;
#3461 = B_SPLINE_CURVE_WITH_KNOTS ( 'NONE', 3,
 ( #3861, #2808, #4122, #216 ),
 .UNSPECIFIED., .F., .F.,
 ( 4, 4 ),
 ( 0.0002261691834801104952, 0.0002284000105717880148 ),
 .UNSPECIFIED. ) ;
#3462 = VECTOR ( 'NONE', #3924, 1000.000000000000000 ) ;
#3463 =( LENGTH_UNIT ( ) NAMED_UNIT ( * ) SI_UNIT ( .MILLI., .METRE. ) );
#3464 = CARTESIAN_POINT ( 'NONE',  ( 2.149999999999999911, 3.350000000000000089, 1.115916163394674143 ) ) ;
#3465 = FILL_AREA_STYLE ('',( #568 ) ) ;
#3466 = VECTOR ( 'NONE', #3894, 1000.000000000000114 ) ;
#3467 = ORIENTED_EDGE ( 'NONE', *, *, #1615, .F. ) ;
#3468 = APPLICATION_CONTEXT ( 'automotive_design' ) ;
#3469 = CARTESIAN_POINT ( 'NONE',  ( -2.016666666666704799, 2.250000000000000000, 1.174365260159929925 ) ) ;
#3470 = VECTOR ( 'NONE', #1827, 1000.000000000000000 ) ;
#3471 = CARTESIAN_POINT ( 'NONE',  ( 2.151592397130337897, 3.358758184216826592, -1.222144967229373602 ) ) ;
#3472 = DIRECTION ( 'NONE',  ( 0.000000000000000000, 0.000000000000000000, -1.000000000000000000 ) ) ;
#3473 =( NAMED_UNIT ( * ) PLANE_ANGLE_UNIT ( ) SI_UNIT ( $, .RADIAN. ) );
#3474 =( NAMED_UNIT ( * ) SI_UNIT ( $, .STERADIAN. ) SOLID_ANGLE_UNIT ( ) );
#3475 = PRESENTATION_STYLE_ASSIGNMENT (( #577 ) ) ;
#3476 = CIRCLE ( 'NONE', #2523, 0.2999999999999999334 ) ;
#3477 = SURFACE_SIDE_STYLE ('',( #3240 ) ) ;
#3478 =( NAMED_UNIT ( * ) PLANE_ANGLE_UNIT ( ) SI_UNIT ( $, .RADIAN. ) );
#3479 =( NAMED_UNIT ( * ) PLANE_ANGLE_UNIT ( ) SI_UNIT ( $, .RADIAN. ) );
#3480 = ORIENTED_EDGE ( 'NONE', *, *, #1155, .F. ) ;
#3481 = LINE ( 'NONE', #2876, #2128 ) ;
#3482 =( NAMED_UNIT ( * ) SI_UNIT ( $, .STERADIAN. ) SOLID_ANGLE_UNIT ( ) );
#3483 = ADVANCED_FACE ( 'NONE', ( #4205 ), #281, .T. ) ;
#3484 = DIRECTION ( 'NONE',  ( 1.000000000000000000, 0.000000000000000000, 0.000000000000000000 ) ) ;
#3485 =( NAMED_UNIT ( * ) SI_UNIT ( $, .STERADIAN. ) SOLID_ANGLE_UNIT ( ) );
#3486 = EDGE_CURVE ( 'NONE', #2360, #3127, #735, .T. ) ;
#3487 = ORIENTED_EDGE ( 'NONE', *, *, #1646, .F. ) ;
#3488 = UNCERTAINTY_MEASURE_WITH_UNIT (LENGTH_MEASURE( 1.000000000000000082E-05 ), #2774, 'distance_accuracy_value', 'NONE');
#3489 = FILL_AREA_STYLE_COLOUR ( '', #637 ) ;
#3490 = MECHANICAL_DESIGN_GEOMETRIC_PRESENTATION_REPRESENTATION (  '', ( #953 ), #1931 ) ;
#3491 = FILL_AREA_STYLE_COLOUR ( '', #2940 ) ;
#3492 = CARTESIAN_POINT ( 'NONE',  ( 2.249923000245584781, 0.4000000000000000222, -1.882858153910764942 ) ) ;
#3493 = FILL_AREA_STYLE ('',( #2568 ) ) ;
#3494 = SURFACE_SIDE_STYLE ('',( #4105 ) ) ;
#3495 = CARTESIAN_POINT ( 'NONE',  ( 2.149961500122779867, 1.149999999999999911, -1.600000000000034950 ) ) ;
#3496 = LINE ( 'NONE', #2500, #2198 ) ;
#3497 = CARTESIAN_POINT ( 'NONE',  ( -1.012923904132630115, 3.350000000000000089, -2.449999999999999734 ) ) ;
#3498 = VERTEX_POINT ( 'NONE', #1312 ) ;
#3499 = LINE ( 'NONE', #560, #2655 ) ;
#3500 = CARTESIAN_POINT ( 'NONE',  ( 1.009486230202489843, 1.149999999999999911, -2.149999999999999911 ) ) ;
#3501 = ORIENTED_EDGE ( 'NONE', *, *, #785, .T. ) ;
#3502 = SURFACE_SIDE_STYLE ('',( #3118 ) ) ;
#3503 = STYLED_ITEM ( 'NONE', ( #512 ), #1653 ) ;
#3504 = ADVANCED_FACE ( 'NONE', ( #670 ), #860, .T. ) ;
#3505 = MECHANICAL_DESIGN_GEOMETRIC_PRESENTATION_REPRESENTATION (  '', ( #3791 ), #3298 ) ;
#3506 = VERTEX_POINT ( 'NONE', #1632 ) ;
#3507 = CARTESIAN_POINT ( 'NONE',  ( -1.443409508063066005, 1.516666666666665053, 1.988213277220640007 ) ) ;
#3508 = COLOUR_RGB ( '',0.5254901960784313930, 0.5254901960784313930, 0.5254901960784313930 ) ;
#3509 = EDGE_CURVE ( 'NONE', #3700, #1516, #991, .T. ) ;
#3510 = DIRECTION ( 'NONE',  ( -0.7771459614569711238, 0.000000000000000000, -0.6293203910498371689 ) ) ;
#3511 = DIRECTION ( 'NONE',  ( 1.000000000000000000, 0.000000000000000000, 0.000000000000000000 ) ) ;
#3512 = AXIS2_PLACEMENT_3D ( 'NONE', #4099, #4153, #862 ) ;
#3513 = CARTESIAN_POINT ( 'NONE',  ( 1.014456983850001937, 3.349951351268909860, 2.449991154971720153 ) ) ;
#3514 = VECTOR ( 'NONE', #389, 1000.000000000000000 ) ;
#3515 = FILL_AREA_STYLE_COLOUR ( '', #288 ) ;
#3516 = FILL_AREA_STYLE_COLOUR ( '', #1081 ) ;
#3517 = PRESENTATION_STYLE_ASSIGNMENT (( #3841 ) ) ;
#3518 = PLANE ( 'NONE',  #2421 ) ;
#3519 = ORIENTED_EDGE ( 'NONE', *, *, #3349, .F. ) ;
#3520 = DIRECTION ( 'NONE',  ( 0.000000000000000000, -1.000000000000000000, 0.000000000000000000 ) ) ;
#3521 =( NAMED_UNIT ( * ) PLANE_ANGLE_UNIT ( ) SI_UNIT ( $, .RADIAN. ) );
#3522 = SURFACE_SIDE_STYLE ('',( #1496 ) ) ;
#3523 = CARTESIAN_POINT ( 'NONE',  ( 1.243840466612600171, 3.349951351268914745, 2.340580846088885281 ) ) ;
#3524 = CARTESIAN_POINT ( 'NONE',  ( -2.083143788437119781, 3.350000000000000089, 1.304141615386449793 ) ) ;
#3525 = ORIENTED_EDGE ( 'NONE', *, *, #2857, .T. ) ;
#3526 = UNCERTAINTY_MEASURE_WITH_UNIT (LENGTH_MEASURE( 1.000000000000000082E-05 ), #1922, 'distance_accuracy_value', 'NONE');
#3527 = CARTESIAN_POINT ( 'NONE',  ( -1.123447595427914170, 2.983333333333334725, 2.383333333333295112 ) ) ;
#3528 = MECHANICAL_DESIGN_GEOMETRIC_PRESENTATION_REPRESENTATION (  '', ( #1890 ), #111 ) ;
#3529 = CARTESIAN_POINT ( 'NONE',  ( 1.155245964274400183, 4.100000000000000533, 2.449999999999960210 ) ) ;
#3530 = CARTESIAN_POINT ( 'NONE',  ( 1.245297092902041936, 4.100000000000000533, 2.338796117314910106 ) ) ;
#3531 = CARTESIAN_POINT ( 'NONE',  ( -1.155245964274428161, 3.350000000000000089, -2.449999999999999734 ) ) ;
#3532 = CARTESIAN_POINT ( 'NONE',  ( 2.249923000245584781, 0.4000000000000000222, -1.900000000000034994 ) ) ;
#3533 = EDGE_CURVE ( 'NONE', #745, #2896, #1334, .T. ) ;
#3534 =( GEOMETRIC_REPRESENTATION_CONTEXT ( 3 ) GLOBAL_UNCERTAINTY_ASSIGNED_CONTEXT ( ( #3651 ) ) GLOBAL_UNIT_ASSIGNED_CONTEXT ( ( #3991, #2364, #1680 ) ) REPRESENTATION_CONTEXT ( 'NONE', 'WORKASPACE' ) );
#3535 = ORIENTED_EDGE ( 'NONE', *, *, #4161, .F. ) ;
#3536 =( NAMED_UNIT ( * ) SI_UNIT ( $, .STERADIAN. ) SOLID_ANGLE_UNIT ( ) );
#3537 = CARTESIAN_POINT ( 'NONE',  ( -1.012015099624036019, 1.150001925486151988, -2.450001652743174940 ) ) ;
#3538 = EDGE_LOOP ( 'NONE', ( #286, #2714, #4102, #243, #3676, #3314, #1771, #1687, #1115, #3829 ) ) ;
#3539 = EDGE_CURVE ( 'NONE', #170, #1098, #3326, .T. ) ;
#3540 = AXIS2_PLACEMENT_3D ( 'NONE', #3376, #1754, #1774 ) ;
#3541 = CARTESIAN_POINT ( 'NONE',  ( -1.053004879054243670, 1.150003475735061231, 2.450019443045142076 ) ) ;
#3542 = DIRECTION ( 'NONE',  ( -7.532351935162430267E-15, 0.000000000000000000, 1.000000000000000000 ) ) ;
#3543 = VERTEX_POINT ( 'NONE', #1507 ) ;
#3544 = ORIENTED_EDGE ( 'NONE', *, *, #707, .F. ) ;
#3545 =( LENGTH_UNIT ( ) NAMED_UNIT ( * ) SI_UNIT ( .MILLI., .METRE. ) );
#3546 = B_SPLINE_CURVE_WITH_KNOTS ( 'NONE', 3,
 ( #2477, #2790, #4058, #3770 ),
 .UNSPECIFIED., .F., .F.,
 ( 4, 4 ),
 ( 0.000000000000000000, 1.000000000000000000 ),
 .UNSPECIFIED. ) ;
#3547 =( GEOMETRIC_REPRESENTATION_CONTEXT ( 3 ) GLOBAL_UNCERTAINTY_ASSIGNED_CONTEXT ( ( #1172 ) ) GLOBAL_UNIT_ASSIGNED_CONTEXT ( ( #3774, #1573, #834 ) ) REPRESENTATION_CONTEXT ( 'NONE', 'WORKASPACE' ) );
#3548 = MECHANICAL_DESIGN_GEOMETRIC_PRESENTATION_REPRESENTATION (  '', ( #817 ), #883 ) ;
#3549 = VERTEX_POINT ( 'NONE', #108 ) ;
#3550 = DIRECTION ( 'NONE',  ( 0.000000000000000000, 0.000000000000000000, 1.000000000000000000 ) ) ;
#3551 = DIRECTION ( 'NONE',  ( 1.000000000000000000, 0.000000000000000000, 7.532351935162430267E-15 ) ) ;
#3552 = DIRECTION ( 'NONE',  ( 0.000000000000000000, 0.000000000000000000, 1.000000000000000000 ) ) ;
#3553 = DIRECTION ( 'NONE',  ( 0.000000000000000000, -1.000000000000000000, 0.000000000000000000 ) ) ;
#3554 = EDGE_CURVE ( 'NONE', #1476, #2378, #847, .T. ) ;
#3555 = CARTESIAN_POINT ( 'NONE',  ( 1.708327519971534869, 2.250000000000000000, -1.555132395662140121 ) ) ;
#3556 = CARTESIAN_POINT ( 'NONE',  ( -2.084217250076770167, 3.349973139425544755, 1.302808240413782181 ) ) ;
#3557 = EDGE_LOOP ( 'NONE', ( #2138, #2210, #2118, #686, #2281, #1014 ) ) ;
#3558 = EDGE_CURVE ( 'NONE', #3079, #933, #2787, .T. ) ;
#3559 = CYLINDRICAL_SURFACE ( 'NONE', #2001, 0.2999999999999999334 ) ;
#3560 = COLOUR_RGB ( '',0.5254901960784313930, 0.5254901960784313930, 0.5254901960784313930 ) ;
#3561 = CARTESIAN_POINT ( 'NONE',  ( -2.084666035007250784, 2.990663192546961113, 1.198445099413222970 ) ) ;
#3562 = VECTOR ( 'NONE', #2428, 1000.000000000000000 ) ;
#3563 = ITEM_DEFINED_TRANSFORMATION ( 'NONE', 'NONE', #3683,  #1560 ) ;
#3564 = FACE_OUTER_BOUND ( 'NONE', #2635, .T. ) ;
#3565 = ORIENTED_EDGE ( 'NONE', *, *, #4209, .T. ) ;
#3566 = UNCERTAINTY_MEASURE_WITH_UNIT (LENGTH_MEASURE( 1.000000000000000082E-05 ), #3986, 'distance_accuracy_value', 'NONE');
#3567 = PRESENTATION_LAYER_ASSIGNMENT (  '', '', ( #1656 ) ) ;
#3568 = CARTESIAN_POINT ( 'NONE',  ( -0.3850819880915040128, 1.149999999999999911, 2.449999999999960210 ) ) ;
#3569 = CARTESIAN_POINT ( 'NONE',  ( -2.250000000000000000, 0.4000000000000000222, 0.6499999999999770406 ) ) ;
#3570 = SURFACE_STYLE_FILL_AREA ( #659 ) ;
#3571 = AXIS2_PLACEMENT_3D ( 'NONE', #585, #2835, #3813 ) ;
#3572 = CARTESIAN_POINT ( 'NONE',  ( -1.009563229956987884, 0.4000000000000000222, 2.449999999999999734 ) ) ;
#3573 = SURFACE_SIDE_STYLE ('',( #3879 ) ) ;
#3574 = ORIENTED_EDGE ( 'NONE', *, *, #1190, .T. ) ;
#3575 = PRESENTATION_STYLE_ASSIGNMENT (( #2969 ) ) ;
#3576 = MECHANICAL_DESIGN_GEOMETRIC_PRESENTATION_REPRESENTATION (  '', ( #2144 ), #778 ) ;
#3577 = CARTESIAN_POINT ( 'NONE',  ( 2.449961500122765035, 0.5000000000000000000, 0.6499999999999770406 ) ) ;
#3578 = CARTESIAN_POINT ( 'NONE',  ( -1.014456983850079874, 3.349951351268914745, 2.449991154971725038 ) ) ;
#3579 = EDGE_CURVE ( 'NONE', #745, #1498, #3716, .T. ) ;
#3580 = PRESENTATION_LAYER_ASSIGNMENT (  '', '', ( #1195 ) ) ;
#3581 = SURFACE_STYLE_FILL_AREA ( #3208 ) ;
#3582 = CARTESIAN_POINT ( 'NONE',  ( 1.243318830641969797, 1.150051772220131996, 2.339699311922474934 ) ) ;
#3583 = EDGE_CURVE ( 'NONE', #655, #2462, #3786, .T. ) ;
#3584 = ORIENTED_EDGE ( 'NONE', *, *, #3089, .T. ) ;
#3585 = CONTEXT_DEPENDENT_SHAPE_REPRESENTATION ( #1875, #1423 ) ;
#3586 = PRESENTATION_STYLE_ASSIGNMENT (( #4252 ) ) ;
#3587 = ORIENTED_EDGE ( 'NONE', *, *, #244, .F. ) ;
#3588 = CARTESIAN_POINT ( 'NONE',  ( -2.126038094008158019, 3.347872755796954536, -1.250556988037526240 ) ) ;
#3589 = CARTESIAN_POINT ( 'NONE',  ( -2.450138499877214660, 0.000000000000000000, 0.6499999999999659384 ) ) ;
#3590 =( LENGTH_UNIT ( ) NAMED_UNIT ( * ) SI_UNIT ( .MILLI., .METRE. ) );
#3591 =( NAMED_UNIT ( * ) SI_UNIT ( $, .STERADIAN. ) SOLID_ANGLE_UNIT ( ) );
#3592 = MECHANICAL_DESIGN_GEOMETRIC_PRESENTATION_REPRESENTATION (  '', ( #2373 ), #315 ) ;
#3593 = DIRECTION ( 'NONE',  ( 0.000000000000000000, 1.000000000000000000, 0.000000000000000000 ) ) ;
#3594 = VERTEX_POINT ( 'NONE', #149 ) ;
#3595 = MECHANICAL_DESIGN_GEOMETRIC_PRESENTATION_REPRESENTATION (  '', ( #1217 ), #1693 ) ;
#3596 = VECTOR ( 'NONE', #3553, 1000.000000000000000 ) ;
#3597 = FILL_AREA_STYLE ('',( #1655 ) ) ;
#3598 = CARTESIAN_POINT ( 'NONE',  ( 1.245285451361579865, 3.366614902413979760, -2.343610737287915136 ) ) ;
#3599 = CARTESIAN_POINT ( 'NONE',  ( -2.019983672326159940, 1.503311820416705080, 1.280061855922481895 ) ) ;
#3600 = CARTESIAN_POINT ( 'NONE',  ( 1.155669326411018938, 3.354881784476950290, 2.450887597177588972 ) ) ;
#3601 = EDGE_CURVE ( 'NONE', #2881, #1432, #3637, .T. ) ;
#3602 = AXIS2_PLACEMENT_3D ( 'NONE', #1367, #3895, #1623 ) ;
#3603 = ORIENTED_EDGE ( 'NONE', *, *, #652, .F. ) ;
#3604 = CARTESIAN_POINT ( 'NONE',  ( -1.155245964274456139, 1.149999999999999911, 2.449999999999960210 ) ) ;
#3605 = STYLED_ITEM ( 'NONE', ( #164 ), #4245 ) ;
#3606 = ORIENTED_EDGE ( 'NONE', *, *, #2357, .F. ) ;
#3607 =( NAMED_UNIT ( * ) PLANE_ANGLE_UNIT ( ) SI_UNIT ( $, .RADIAN. ) );
#3608 = PRESENTATION_STYLE_ASSIGNMENT (( #1300 ) ) ;
#3609 = EDGE_CURVE ( 'NONE', #299, #2859, #1186, .T. ) ;
#3610 = FILL_AREA_STYLE ('',( #50 ) ) ;
#3611 = FILL_AREA_STYLE_COLOUR ( '', #3297 ) ;
#3612 = FACE_OUTER_BOUND ( 'NONE', #3020, .T. ) ;
#3613 = CARTESIAN_POINT ( 'NONE',  ( 1.014456983849991945, 3.349951351268909860, -2.449991154971780105 ) ) ;
#3614 = CARTESIAN_POINT ( 'NONE',  ( -2.150038499877220399, 0.4000000000000000222, 1.599996856239225052 ) ) ;
#3615 = DIRECTION ( 'NONE',  ( 0.000000000000000000, 1.000000000000000000, 0.000000000000000000 ) ) ;
#3616 = ORIENTED_EDGE ( 'NONE', *, *, #3456, .F. ) ;
#3617 = CARTESIAN_POINT ( 'NONE',  ( -2.150000000000034994, 1.149999999999999911, 1.221581069830703914 ) ) ;
#3618 = LINE ( 'NONE', #2597, #160 ) ;
#3619 = CARTESIAN_POINT ( 'NONE',  ( -1.983193333970340033, 1.874868542113355074, -1.268746442757122006 ) ) ;
#3620 = CARTESIAN_POINT ( 'NONE',  ( 1.012153304464949999, 3.350000000000000089, 2.449999999999960210 ) ) ;
#3621 = PLANE ( 'NONE',  #4 ) ;
#3622 = ORIENTED_EDGE ( 'NONE', *, *, #1386, .T. ) ;
#3623 = MECHANICAL_DESIGN_GEOMETRIC_PRESENTATION_REPRESENTATION (  '', ( #3103 ), #2831 ) ;
#3624 =( NAMED_UNIT ( * ) PLANE_ANGLE_UNIT ( ) SI_UNIT ( $, .RADIAN. ) );
#3625 = ORIENTED_EDGE ( 'NONE', *, *, #2387, .F. ) ;
#3626 =( NAMED_UNIT ( * ) SI_UNIT ( $, .STERADIAN. ) SOLID_ANGLE_UNIT ( ) );
#3627 = LINE ( 'NONE', #294, #3466 ) ;
#3628 = CARTESIAN_POINT ( 'NONE',  ( -2.249980357254909968, 0.000000000000000000, 1.899996856239225096 ) ) ;
#3629 = VECTOR ( 'NONE', #2317, 1000.000000000000000 ) ;
#3630 = LINE ( 'NONE', #3313, #3718 ) ;
#3631 = ORIENTED_EDGE ( 'NONE', *, *, #3732, .T. ) ;
#3632 = SURFACE_STYLE_FILL_AREA ( #2332 ) ;
#3633 = PRESENTATION_STYLE_ASSIGNMENT (( #2308 ) ) ;
#3634 = EDGE_CURVE ( 'NONE', #1048, #3354, #3476, .T. ) ;
#3635 =( BOUNDED_SURFACE ( )  B_SPLINE_SURFACE ( 3, 2, ( 
 ( #347, #3600, #3926 ),
 ( #4250, #2296, #3285 ),
 ( #761, #1038, #1662 ),
 ( #2346, #18, #3648 ),
 ( #718, #88, #63 ),
 ( #329, #3327, #1382 ) ),
 .UNSPECIFIED., .F., .F., .T. ) 
 B_SPLINE_SURFACE_WITH_KNOTS ( ( 4, 2, 4 ),
 ( 3, 3 ),
 ( 0.003802163905295200246, 0.004982681476607409878, 0.006163199047919619943 ),
 ( 0.000000000000000000, 1.000000000000000000 ),
 .UNSPECIFIED. ) 
 GEOMETRIC_REPRESENTATION_ITEM ( )  RATIONAL_B_SPLINE_SURFACE ( (
 ( 1.000000000000000000, 0.9058648184293959238, 1.000000000000000000),
 ( 1.000000000000000000, 0.9058648184293959238, 1.000000000000000000),
 ( 1.000000000000000000, 0.9025821838234869832, 1.000000000000000000),
 ( 1.000000000000000000, 0.9025883970922830013, 1.000000000000000000),
 ( 1.000000000000000000, 0.9058648184293949246, 1.000000000000000000),
 ( 1.000000000000000000, 0.9058648184293949246, 1.000000000000000000) ) ) 
 REPRESENTATION_ITEM ( '' )  SURFACE ( )  );
#3636 = VECTOR ( 'NONE', #365, 1000.000000000000000 ) ;
#3637 = B_SPLINE_CURVE_WITH_KNOTS ( 'NONE', 3,
 ( #3740, #3385, #1125, #1787 ),
 .UNSPECIFIED., .F., .F.,
 ( 4, 4 ),
 ( 0.000000000000000000, 1.000000000000000000 ),
 .UNSPECIFIED. ) ;
#3638 = CARTESIAN_POINT ( 'NONE',  ( 1.101281970817586053, 1.150506767194227953, 2.440392306595472682 ) ) ;
#3639 = VERTEX_POINT ( 'NONE', #199 ) ;
#3640 = CARTESIAN_POINT ( 'NONE',  ( 1.152578890011937807, 1.149999999999999911, -2.449999999999999734 ) ) ;
#3641 = COLOUR_RGB ( '',0.5254901960784313930, 0.5254901960784313930, 0.5254901960784313930 ) ;
#3642 = CARTESIAN_POINT ( 'NONE',  ( -1.012015162946235947, 1.150002190309131977, 2.450010879765534888 ) ) ;
#3643 = EDGE_CURVE ( 'NONE', #1721, #1132, #3453, .T. ) ;
#3644 = COLOUR_RGB ( '',1.000000000000000000, 1.000000000000000000, 1.000000000000000000 ) ;
#3645 = AXIS2_PLACEMENT_3D ( 'NONE', #3277, #2286, #4199 ) ;
#3646 = DIRECTION ( 'NONE',  ( 0.000000000000000000, -1.000000000000000000, 0.000000000000000000 ) ) ;
#3647 = CARTESIAN_POINT ( 'NONE',  ( -1.182131090017467745, 1.883401740871726293, -2.204911107036029438 ) ) ;
#3648 = CARTESIAN_POINT ( 'NONE',  ( 1.197641918247069892, 1.873257800045259991, 2.238889513181204993 ) ) ;
#3649 = SURFACE_SIDE_STYLE ('',( #2369 ) ) ;
#3650 = EDGE_LOOP ( 'NONE', ( #173, #1438, #267, #2132, #1574, #2196, #1855 ) ) ;
#3651 = UNCERTAINTY_MEASURE_WITH_UNIT (LENGTH_MEASURE( 1.000000000000000082E-05 ), #3991, 'distance_accuracy_value', 'NONE');
#3652 = CARTESIAN_POINT ( 'NONE',  ( -1.155245964274428161, 4.100000000000000533, -2.449999999999999734 ) ) ;
#3653 = ORIENTED_EDGE ( 'NONE', *, *, #1708, .F. ) ;
#3654 = LINE ( 'NONE', #3053, #396 ) ;
#3655 = CARTESIAN_POINT ( 'NONE',  ( -1.012153304464980197, 4.100000000000000533, -2.149999999999999911 ) ) ;
#3656 = SURFACE_SIDE_STYLE ('',( #2011 ) ) ;
#3657 = ORIENTED_EDGE ( 'NONE', *, *, #3609, .T. ) ;
#3658 = SURFACE_STYLE_FILL_AREA ( #2948 ) ;
#3659 = LINE ( 'NONE', #2993, #1965 ) ;
#3660 = FACE_OUTER_BOUND ( 'NONE', #3102, .T. ) ;
#3661 = ORIENTED_EDGE ( 'NONE', *, *, #1421, .F. ) ;
#3662 = ADVANCED_FACE ( 'NONE', ( #3090 ), #2450, .T. ) ;
#3663 = CARTESIAN_POINT ( 'NONE',  ( 0.000000000000000000, 0.4000000000000000222, 0.000000000000000000 ) ) ;
#3664 = COLOUR_RGB ( '',0.000000000000000000, 0.000000000000000000, 0.000000000000000000 ) ;
#3665 = SURFACE_STYLE_USAGE ( .BOTH. , #1976 ) ;
#3666 = CARTESIAN_POINT ( 'NONE',  ( 1.009486230202489843, 0.4000000000000000222, -2.449999999999999734 ) ) ;
#3667 =( NAMED_UNIT ( * ) SI_UNIT ( $, .STERADIAN. ) SOLID_ANGLE_UNIT ( ) );
#3668 = ADVANCED_FACE ( 'NONE', ( #4051 ), #3132, .F. ) ;
#3669 = AXIS2_PLACEMENT_3D ( 'NONE', #3931, #3551, #3233 ) ;
#3670 = DIRECTION ( 'NONE',  ( 0.000000000000000000, 0.000000000000000000, -1.000000000000000000 ) ) ;
#3671 = PRESENTATION_LAYER_ASSIGNMENT (  '', '', ( #456 ) ) ;
#3672 = CARTESIAN_POINT ( 'NONE',  ( 1.012924175082555944, 3.350000000000000089, -2.449999999999999734 ) ) ;
#3673 = COLOUR_RGB ( '',0.5254901960784313930, 0.5254901960784313930, 0.5254901960784313930 ) ;
#3674 = ORIENTED_EDGE ( 'NONE', *, *, #3509, .T. ) ;
#3675 = SURFACE_STYLE_USAGE ( .BOTH. , #721 ) ;
#3676 = ORIENTED_EDGE ( 'NONE', *, *, #1681, .F. ) ;
#3677 = STYLED_ITEM ( 'NONE', ( #3802 ), #3921 ) ;
#3678 = LINE ( 'NONE', #2796, #1152 ) ;
#3679 = CARTESIAN_POINT ( 'NONE',  ( 0.000000000000000000, 0.4000000000000000222, 0.000000000000000000 ) ) ;
#3680 = ORIENTED_EDGE ( 'NONE', *, *, #1932, .F. ) ;
#3681 = PRESENTATION_STYLE_ASSIGNMENT (( #728 ) ) ;
#3682 = DIRECTION ( 'NONE',  ( 0.000000000000000000, 1.000000000000000000, 0.000000000000000000 ) ) ;
#3683 = AXIS2_PLACEMENT_3D ( 'NONE', #1817, #207, #230 ) ;
#3684 = APPLICATION_CONTEXT ( 'automotive_design' ) ;
#3685 = LINE ( 'NONE', #1483, #4016 ) ;
#3686 = CARTESIAN_POINT ( 'NONE',  ( 2.016666666666659502, 2.250000000000000000, 0.3914550867199550477 ) ) ;
#3687 = ORIENTED_EDGE ( 'NONE', *, *, #970, .F. ) ;
#3688 =( NAMED_UNIT ( * ) PLANE_ANGLE_UNIT ( ) SI_UNIT ( $, .RADIAN. ) );
#3689 = DIRECTION ( 'NONE',  ( -0.000000000000000000, 1.000000000000000000, 0.000000000000000000 ) ) ;
#3690 = EDGE_CURVE ( 'NONE', #3704, #1418, #276, .T. ) ;
#3691 = DIRECTION ( 'NONE',  ( 0.000000000000000000, -1.000000000000000000, 0.000000000000000000 ) ) ;
#3692 = CARTESIAN_POINT ( 'NONE',  ( -2.450138499877204890, 0.000000000000000000, -0.6500000000000339950 ) ) ;
#3693 = EDGE_CURVE ( 'NONE', #2560, #2160, #1493, .T. ) ;
#3694 = B_SPLINE_CURVE_WITH_KNOTS ( 'NONE', 3,
 ( #1325, #1921, #1692, #2639 ),
 .UNSPECIFIED., .F., .F.,
 ( 4, 4 ),
 ( 0.000000000000000000, 1.000000000000000000 ),
 .UNSPECIFIED. ) ;
#3695 = FILL_AREA_STYLE_COLOUR ( '', #3644 ) ;
#3696 = UNCERTAINTY_MEASURE_WITH_UNIT (LENGTH_MEASURE( 1.000000000000000082E-05 ), #3421, 'distance_accuracy_value', 'NONE');
#3697 = VERTEX_POINT ( 'NONE', #554 ) ;
#3698 = PRESENTATION_STYLE_ASSIGNMENT (( #2392 ) ) ;
#3699 = MECHANICAL_DESIGN_GEOMETRIC_PRESENTATION_REPRESENTATION (  '', ( #1722 ), #2828 ) ;
#3700 = VERTEX_POINT ( 'NONE', #1606 ) ;
#3701 = FILL_AREA_STYLE_COLOUR ( '', #1901 ) ;
#3702 = SURFACE_STYLE_USAGE ( .BOTH. , #487 ) ;
#3703 =( LENGTH_UNIT ( ) NAMED_UNIT ( * ) SI_UNIT ( .MILLI., .METRE. ) );
#3704 = VERTEX_POINT ( 'NONE', #1546 ) ;
#3705 = CARTESIAN_POINT ( 'NONE',  ( 2.149999999999975042, 3.350000000000000089, 1.221581069830675936 ) ) ;
#3706 = MECHANICAL_DESIGN_GEOMETRIC_PRESENTATION_REPRESENTATION (  '', ( #2893 ), #2964 ) ;
#3707 = CARTESIAN_POINT ( 'NONE',  ( -1.155245964274456139, 4.100000000000000533, 2.449999999999960210 ) ) ;
#3708 =( GEOMETRIC_REPRESENTATION_CONTEXT ( 3 ) GLOBAL_UNCERTAINTY_ASSIGNED_CONTEXT ( ( #3443 ) ) GLOBAL_UNIT_ASSIGNED_CONTEXT ( ( #2538, #3846, #2937 ) ) REPRESENTATION_CONTEXT ( 'NONE', 'WORKASPACE' ) );
#3709 = CARTESIAN_POINT ( 'NONE',  ( -2.250000000000000000, 0.000000000000000000, -1.900000000000034994 ) ) ;
#3710 = ORIENTED_EDGE ( 'NONE', *, *, #2980, .F. ) ;
#3711 = SURFACE_STYLE_USAGE ( .BOTH. , #774 ) ;
#3712 = AXIS2_PLACEMENT_3D ( 'NONE', #3663, #3689, #1057 ) ;
#3713 =( LENGTH_UNIT ( ) NAMED_UNIT ( * ) SI_UNIT ( .MILLI., .METRE. ) );
#3714 = VERTEX_POINT ( 'NONE', #2869 ) ;
#3715 = VECTOR ( 'NONE', #820, 1000.000000000000000 ) ;
#3716 = LINE ( 'NONE', #2078, #3470 ) ;
#3717 = CARTESIAN_POINT ( 'NONE',  ( 1.049923000245597926, 0.000000000000000000, -1.900022000534904887 ) ) ;
#3718 = VECTOR ( 'NONE', #3015, 1000.000000000000000 ) ;
#3719 = VECTOR ( 'NONE', #3161, 1000.000000000000000 ) ;
#3720 = PRODUCT_RELATED_PRODUCT_CATEGORY ( 'part', '', ( #810 ) ) ;
#3721 = CARTESIAN_POINT ( 'NONE',  ( 1.242630018639579781, 1.149999999999999911, -2.338796117314939860 ) ) ;
#3722 = SURFACE_STYLE_USAGE ( .BOTH. , #3068 ) ;
#3723 =( LENGTH_UNIT ( ) NAMED_UNIT ( * ) SI_UNIT ( .MILLI., .METRE. ) );
#3724 = ADVANCED_FACE ( 'NONE', ( #3883 ), #3168, .F. ) ;
#3725 = EDGE_LOOP ( 'NONE', ( #4066, #768, #2218, #3417 ) ) ;
#3726 = CARTESIAN_POINT ( 'NONE',  ( 1.011144392775713108, 1.150007259141647697, -2.449998680160418996 ) ) ;
#3727 = AXIS2_PLACEMENT_3D ( 'NONE', #3776, #835, #3078 ) ;
#3728 = ORIENTED_EDGE ( 'NONE', *, *, #3224, .T. ) ;
#3729 = SURFACE_STYLE_FILL_AREA ( #117 ) ;
#3730 = PRESENTATION_STYLE_ASSIGNMENT (( #3702 ) ) ;
#3731 = CARTESIAN_POINT ( 'NONE',  ( -2.084217250074610117, 3.349973139425654889, -1.302808240416476249 ) ) ;
#3732 = EDGE_CURVE ( 'NONE', #1532, #2085, #945, .T. ) ;
#3733 = ORIENTED_EDGE ( 'NONE', *, *, #3157, .F. ) ;
#3734 = CARTESIAN_POINT ( 'NONE',  ( 2.083333333333315274, 1.516666666666665053, 1.197973164995270068 ) ) ;
#3735 =( LENGTH_UNIT ( ) NAMED_UNIT ( * ) SI_UNIT ( .MILLI., .METRE. ) );
#3736 = DIRECTION ( 'NONE',  ( 0.000000000000000000, 0.000000000000000000, 1.000000000000000000 ) ) ;
#3737 = ORIENTED_EDGE ( 'NONE', *, *, #636, .T. ) ;
#3738 = CYLINDRICAL_SURFACE ( 'NONE', #2558, 0.2999999999999999334 ) ;
#3739 = CARTESIAN_POINT ( 'NONE',  ( -0.3744825318093080169, 2.983333333333334725, -2.383333333333355064 ) ) ;
#3740 = CARTESIAN_POINT ( 'NONE',  ( -2.149995116318869748, 3.349973139425645119, 1.117057276342092065 ) ) ;
#3741 = DIRECTION ( 'NONE',  ( 0.000000000000000000, -1.000000000000000000, 0.000000000000000000 ) ) ;
#3742 = DIRECTION ( 'NONE',  ( 1.000000000000000000, 0.000000000000000000, 0.000000000000000000 ) ) ;
#3743 = STYLED_ITEM ( 'NONE', ( #3344 ), #2950 ) ;
#3744 = PLANE ( 'NONE',  #4089 ) ;
#3745 = AXIS2_PLACEMENT_3D ( 'NONE', #73, #1394, #1988 ) ;
#3746 = CARTESIAN_POINT ( 'NONE',  ( 2.019714217852185190, 2.995206179987280226, 1.279966437091810016 ) ) ;
#3747 = CARTESIAN_POINT ( 'NONE',  ( -1.243840466612667894, 3.349951351268909860, 2.340580846088865297 ) ) ;
#3748 = UNCERTAINTY_MEASURE_WITH_UNIT (LENGTH_MEASURE( 1.000000000000000082E-05 ), #61, 'distance_accuracy_value', 'NONE');
#3749 = ORIENTED_EDGE ( 'NONE', *, *, #1860, .F. ) ;
#3750 = EDGE_CURVE ( 'NONE', #2034, #3351, #2499, .T. ) ;
#3751 = ORIENTED_EDGE ( 'NONE', *, *, #866, .T. ) ;
#3752 = CARTESIAN_POINT ( 'NONE',  ( -1.012153304465010173, 4.100000000000000533, 2.449999999999960210 ) ) ;
#3753 = AXIS2_PLACEMENT_3D ( 'NONE', #300, #1566, #3220 ) ;
#3754 = ORIENTED_EDGE ( 'NONE', *, *, #2924, .F. ) ;
#3755 = UNCERTAINTY_MEASURE_WITH_UNIT (LENGTH_MEASURE( 1.000000000000000082E-05 ), #1897, 'distance_accuracy_value', 'NONE');
#3756 = CARTESIAN_POINT ( 'NONE',  ( 1.123447595427838230, 2.983333333333334725, 2.383333333333295112 ) ) ;
#3757 = CARTESIAN_POINT ( 'NONE',  ( -1.486830642849650053, 1.149999999999999911, 2.040527023276874630 ) ) ;
#3758 = B_SPLINE_CURVE_WITH_KNOTS ( 'NONE', 3,
 ( #1410, #2753, #94, #2731 ),
 .UNSPECIFIED., .F., .F.,
 ( 4, 4 ),
 ( 0.000000000000000000, 1.000000000000000000 ),
 .UNSPECIFIED. ) ;
#3759 = MECHANICAL_DESIGN_GEOMETRIC_PRESENTATION_REPRESENTATION (  '', ( #2036 ), #1085 ) ;
#3760 = EDGE_CURVE ( 'NONE', #1310, #495, #57, .T. ) ;
#3761 = PRESENTATION_STYLE_ASSIGNMENT (( #1463 ) ) ;
#3762 = ORIENTED_EDGE ( 'NONE', *, *, #1569, .T. ) ;
#3763 =( NAMED_UNIT ( * ) SI_UNIT ( $, .STERADIAN. ) SOLID_ANGLE_UNIT ( ) );
#3764 = CARTESIAN_POINT ( 'NONE',  ( -2.150000000000034994, 1.149999999999999911, 1.117059087394553840 ) ) ;
#3765 =( GEOMETRIC_REPRESENTATION_CONTEXT ( 3 ) GLOBAL_UNCERTAINTY_ASSIGNED_CONTEXT ( ( #2156 ) ) GLOBAL_UNIT_ASSIGNED_CONTEXT ( ( #3009, #3624, #3973 ) ) REPRESENTATION_CONTEXT ( 'NONE', 'WORKASPACE' ) );
#3766 = FILL_AREA_STYLE ('',( #4077 ) ) ;
#3767 = LINE ( 'NONE', #1810, #2834 ) ;
#3768 = CARTESIAN_POINT ( 'NONE',  ( 1.009486230202489843, 1.149999999999999911, -2.449999999999999734 ) ) ;
#3769 = EDGE_LOOP ( 'NONE', ( #68, #4028, #1189, #1077 ) ) ;
#3770 = CARTESIAN_POINT ( 'NONE',  ( -2.084222185139990025, 1.149999999999999911, -1.302809906364458037 ) ) ;
#3771 = DIRECTION ( 'NONE',  ( 0.000000000000000000, -1.000000000000000000, 0.000000000000000000 ) ) ;
#3772 = CYLINDRICAL_SURFACE ( 'NONE', #871, 0.2999999999999999334 ) ;
#3773 = LINE ( 'NONE', #4151, #1989 ) ;
#3774 =( LENGTH_UNIT ( ) NAMED_UNIT ( * ) SI_UNIT ( .MILLI., .METRE. ) );
#3775 = CARTESIAN_POINT ( 'NONE',  ( -2.150038499877195086, 1.149999999999999911, -1.600001832621674946 ) ) ;
#3776 = CARTESIAN_POINT ( 'NONE',  ( -2.150038499877220399, 0.000000000000000000, 1.599996856239225052 ) ) ;
#3777 = ORIENTED_EDGE ( 'NONE', *, *, #1155, .T. ) ;
#3778 = CARTESIAN_POINT ( 'NONE',  ( -1.091649226581371979, 2.250000000000000000, 2.316666666666635344 ) ) ;
#3779 =( GEOMETRIC_REPRESENTATION_CONTEXT ( 3 ) GLOBAL_UNCERTAINTY_ASSIGNED_CONTEXT ( ( #4043 ) ) GLOBAL_UNIT_ASSIGNED_CONTEXT ( ( #441, #3072, #3626 ) ) REPRESENTATION_CONTEXT ( 'NONE', 'WORKASPACE' ) );
#3780 = CARTESIAN_POINT ( 'NONE',  ( -1.245285451361745954, 3.366614902415264954, -2.343610737288150059 ) ) ;
#3781 = ORIENTED_EDGE ( 'NONE', *, *, #995, .T. ) ;
#3782 = CYLINDRICAL_SURFACE ( 'NONE', #653, 0.2999999999999999334 ) ;
#3783 = DIRECTION ( 'NONE',  ( -0.000000000000000000, 1.000000000000000000, 0.000000000000000000 ) ) ;
#3784 = EDGE_CURVE ( 'NONE', #3498, #44, #2168, .T. ) ;
#3785 = VECTOR ( 'NONE', #1307, 1000.000000000000000 ) ;
#3786 = LINE ( 'NONE', #1809, #1617 ) ;
#3787 = DIRECTION ( 'NONE',  ( 0.000000000000000000, -1.000000000000000000, 0.000000000000000000 ) ) ;
#3788 = AXIS2_PLACEMENT_3D ( 'NONE', #2866, #3839, #3196 ) ;
#3789 = ORIENTED_EDGE ( 'NONE', *, *, #1360, .F. ) ;
#3790 = ADVANCED_FACE ( 'NONE', ( #2188 ), #241, .T. ) ;
#3791 = STYLED_ITEM ( 'NONE', ( #3730 ), #1833 ) ;
#3792 = PRESENTATION_STYLE_ASSIGNMENT (( #1494 ) ) ;
#3793 =( LENGTH_UNIT ( ) NAMED_UNIT ( * ) SI_UNIT ( .MILLI., .METRE. ) );
#3794 = PRODUCT_DEFINITION_CONTEXT ( 'detailed design', #758, 'design' ) ;
#3795 = ORIENTED_EDGE ( 'NONE', *, *, #1333, .T. ) ;
#3796 = CARTESIAN_POINT ( 'NONE',  ( -2.150000000000034994, 4.100000000000000533, 1.115345498071492081 ) ) ;
#3797 =( GEOMETRIC_REPRESENTATION_CONTEXT ( 3 ) GLOBAL_UNCERTAINTY_ASSIGNED_CONTEXT ( ( #490 ) ) GLOBAL_UNIT_ASSIGNED_CONTEXT ( ( #978, #463, #3011 ) ) REPRESENTATION_CONTEXT ( 'NONE', 'WORKASPACE' ) );
#3798 = COLOUR_RGB ( '',0.5254901960784313930, 0.5254901960784313930, 0.5254901960784313930 ) ;
#3799 = DIRECTION ( 'NONE',  ( 0.000000000000000000, 0.000000000000000000, -1.000000000000000000 ) ) ;
#3800 = EDGE_LOOP ( 'NONE', ( #3085, #1235, #989, #1001 ) ) ;
#3801 = VECTOR ( 'NONE', #4140, 1000.000000000000000 ) ;
#3802 = PRESENTATION_STYLE_ASSIGNMENT (( #2824 ) ) ;
#3803 = MECHANICAL_DESIGN_GEOMETRIC_PRESENTATION_REPRESENTATION (  '', ( #858 ), #3779 ) ;
#3804 = SURFACE_SIDE_STYLE ('',( #2530 ) ) ;
#3805 = CARTESIAN_POINT ( 'NONE',  ( 2.249923000245584781, 0.000000000000000000, -0.6500000000000339950 ) ) ;
#3806 = CARTESIAN_POINT ( 'NONE',  ( -2.149998370891484711, 3.349991040012290089, -1.116486901128750153 ) ) ;
#3807 = EDGE_CURVE ( 'NONE', #4004, #3549, #3659, .T. ) ;
#3808 = CARTESIAN_POINT ( 'NONE',  ( 1.243840466612573969, 3.349951351268909860, -2.340580846088940348 ) ) ;
#3809 = FACE_OUTER_BOUND ( 'NONE', #4148, .T. ) ;
#3810 = EDGE_LOOP ( 'NONE', ( #3375, #1019, #2012, #3680, #3754 ) ) ;
#3811 = PRESENTATION_STYLE_ASSIGNMENT (( #3066 ) ) ;
#3812 = ADVANCED_FACE ( 'NONE', ( #3018 ), #2287, .T. ) ;
#3813 = DIRECTION ( 'NONE',  ( 0.000000000000000000, -1.000000000000000000, 0.000000000000000000 ) ) ;
#3814 = DIRECTION ( 'NONE',  ( -0.000000000000000000, 1.000000000000000000, 0.000000000000000000 ) ) ;
#3815 = COLOUR_RGB ( '',1.000000000000000000, 1.000000000000000000, 1.000000000000000000 ) ;
#3816 = DIRECTION ( 'NONE',  ( 0.000000000000000000, 0.000000000000000000, 1.000000000000000000 ) ) ;
#3817 = SURFACE_STYLE_FILL_AREA ( #3465 ) ;
#3818 = AXIS2_PLACEMENT_3D ( 'NONE', #1028, #1674, #2991 ) ;
#3819 = VERTEX_POINT ( 'NONE', #3984 ) ;
#3820 = DIRECTION ( 'NONE',  ( 0.000000000000000000, 1.000000000000000000, 0.000000000000000000 ) ) ;
#3821 = VECTOR ( 'NONE', #1404, 1000.000000000000114 ) ;
#3822 = FACE_OUTER_BOUND ( 'NONE', #143, .T. ) ;
#3823 = SURFACE_SIDE_STYLE ('',( #1541 ) ) ;
#3824 = LINE ( 'NONE', #939, #1937 ) ;
#3825 = LINE ( 'NONE', #3183, #2412 ) ;
#3826 = PRESENTATION_LAYER_ASSIGNMENT (  '', '', ( #669 ) ) ;
#3827 = SURFACE_SIDE_STYLE ('',( #1187 ) ) ;
#3828 = CARTESIAN_POINT ( 'NONE',  ( -1.014456983850033911, 3.349951351268914745, -2.449991154971780105 ) ) ;
#3829 = ORIENTED_EDGE ( 'NONE', *, *, #1206, .F. ) ;
#3830 = EDGE_CURVE ( 'NONE', #2434, #379, #2643, .T. ) ;
#3831 =( NAMED_UNIT ( * ) PLANE_ANGLE_UNIT ( ) SI_UNIT ( $, .RADIAN. ) );
#3832 = DIRECTION ( 'NONE',  ( 0.000000000000000000, -1.000000000000000000, 0.000000000000000000 ) ) ;
#3833 = ADVANCED_FACE ( 'NONE', ( #664 ), #4218, .T. ) ;
#3834 = PLANE ( 'NONE',  #3956 ) ;
#3835 = EDGE_LOOP ( 'NONE', ( #1783, #1199, #2255, #1981 ) ) ;
#3836 = UNCERTAINTY_MEASURE_WITH_UNIT (LENGTH_MEASURE( 1.000000000000000082E-05 ), #1816, 'distance_accuracy_value', 'NONE');
#3837 = CARTESIAN_POINT ( 'NONE',  ( -1.443409508063066005, 2.983333333333334725, 1.988213277220640007 ) ) ;
#3838 = CARTESIAN_POINT ( 'NONE',  ( 2.084222185139959826, 1.149999999999999911, 1.302809906364400083 ) ) ;
#3839 = DIRECTION ( 'NONE',  ( -1.833377905454695305E-05, 0.000000000000000000, 0.9999999998319363259 ) ) ;
#3840 = CARTESIAN_POINT ( 'NONE',  ( -1.763371420698184977, 1.516666666666665053, -1.593093221108005109 ) ) ;
#3841 = SURFACE_STYLE_USAGE ( .BOTH. , #3827 ) ;
#3842 =( NAMED_UNIT ( * ) SI_UNIT ( $, .STERADIAN. ) SOLID_ANGLE_UNIT ( ) );
#3843 = ORIENTED_EDGE ( 'NONE', *, *, #3850, .T. ) ;
#3844 =( GEOMETRIC_REPRESENTATION_CONTEXT ( 3 ) GLOBAL_UNCERTAINTY_ASSIGNED_CONTEXT ( ( #2544 ) ) GLOBAL_UNIT_ASSIGNED_CONTEXT ( ( #2408, #1451, #1793 ) ) REPRESENTATION_CONTEXT ( 'NONE', 'WORKASPACE' ) );
#3845 = DIRECTION ( 'NONE',  ( -0.9999999998319363259, 0.000000000000000000, 1.833377905454695305E-05 ) ) ;
#3846 =( NAMED_UNIT ( * ) PLANE_ANGLE_UNIT ( ) SI_UNIT ( $, .RADIAN. ) );
#3847 = CARTESIAN_POINT ( 'NONE',  ( 1.245297092902041936, 3.350000000000000089, 2.338796117314910106 ) ) ;
#3848 = CARTESIAN_POINT ( 'NONE',  ( 1.009640229711457948, 1.149999999999999911, 2.449999999999999734 ) ) ;
#3849 = VECTOR ( 'NONE', #1343, 1000.000000000000000 ) ;
#3850 = EDGE_CURVE ( 'NONE', #3061, #370, #101, .T. ) ;
#3851 = CIRCLE ( 'NONE', #3727, 0.2999999999999999334 ) ;
#3852 = SURFACE_STYLE_FILL_AREA ( #1818 ) ;
#3853 = ORIENTED_EDGE ( 'NONE', *, *, #893, .T. ) ;
#3854 = CARTESIAN_POINT ( 'NONE',  ( 1.123447595427838230, 1.516666666666665053, 2.383333333333295112 ) ) ;
#3855 = CARTESIAN_POINT ( 'NONE',  ( -2.217970754063535832, 0.3999999999999999667, -1.894175392093811583 ) ) ;
#3856 = DIRECTION ( 'NONE',  ( -0.6293203910498371689, 0.000000000000000000, 0.7771459614569711238 ) ) ;
#3857 =( NAMED_UNIT ( * ) SI_UNIT ( $, .STERADIAN. ) SOLID_ANGLE_UNIT ( ) );
#3858 = COLOUR_RGB ( '',0.000000000000000000, 0.000000000000000000, 0.000000000000000000 ) ;
#3859 = SURFACE_STYLE_FILL_AREA ( #3493 ) ;
#3860 = STYLED_ITEM ( 'NONE', ( #3383 ), #2220 ) ;
#3861 = CARTESIAN_POINT ( 'NONE',  ( 1.243840466612573969, 3.349951351268909860, -2.340580846088940348 ) ) ;
#3862 = B_SPLINE_CURVE_WITH_KNOTS ( 'NONE', 3,
 ( #2939, #1635, #306, #2957 ),
 .UNSPECIFIED., .F., .F.,
 ( 4, 4 ),
 ( 0.000000000000000000, 1.000000000000000000 ),
 .UNSPECIFIED. ) ;
#3863 = CARTESIAN_POINT ( 'NONE',  ( 2.149998370891490040, 3.349991040012330057, -1.116486901126419795 ) ) ;
#3864 = ORIENTED_EDGE ( 'NONE', *, *, #3028, .F. ) ;
#3865 = DIRECTION ( 'NONE',  ( 0.000000000000000000, -1.000000000000000000, 0.000000000000000000 ) ) ;
#3866 = B_SPLINE_CURVE_WITH_KNOTS ( 'NONE', 3,
 ( #3828, #3900, #3497, #3243 ),
 .UNSPECIFIED., .F., .F.,
 ( 4, 4 ),
 ( 0.0002261691834801184912, 0.0002284000105717795038 ),
 .UNSPECIFIED. ) ;
#3867 = CARTESIAN_POINT ( 'NONE',  ( -1.012153304465010173, 3.350000000000000089, 2.449999999999960210 ) ) ;
#3868 = ORIENTED_EDGE ( 'NONE', *, *, #3323, .T. ) ;
#3869 = SURFACE_STYLE_FILL_AREA ( #2561 ) ;
#3870 = DIRECTION ( 'NONE',  ( 1.000000000000000000, 0.000000000000000000, 0.000000000000000000 ) ) ;
#3871 = VERTEX_POINT ( 'NONE', #2092 ) ;
#3872 = UNCERTAINTY_MEASURE_WITH_UNIT (LENGTH_MEASURE( 1.000000000000000082E-05 ), #2572, 'distance_accuracy_value', 'NONE');
#3873 = CARTESIAN_POINT ( 'NONE',  ( 0.3744825318092539490, 2.983333333333334725, 2.383333333333295112 ) ) ;
#3874 = COLOUR_RGB ( '',0.000000000000000000, 0.000000000000000000, 0.000000000000000000 ) ;
#3875 = EDGE_CURVE ( 'NONE', #727, #2082, #511, .T. ) ;
#3876 = FILL_AREA_STYLE ('',( #4256 ) ) ;
#3877 = CARTESIAN_POINT ( 'NONE',  ( 2.084935154882278319, 1.507856648137074540, -1.198540399762049180 ) ) ;
#3878 = LINE ( 'NONE', #2185, #3801 ) ;
#3879 = SURFACE_STYLE_FILL_AREA ( #272 ) ;
#3880 = CARTESIAN_POINT ( 'NONE',  ( 2.149999999999999911, 4.100000000000000533, -1.221581069830675936 ) ) ;
#3881 = ADVANCED_FACE ( 'NONE', ( #1781 ), #2803, .F. ) ;
#3882 = PRESENTATION_LAYER_ASSIGNMENT (  '', '', ( #805 ) ) ;
#3883 = FACE_OUTER_BOUND ( 'NONE', #3538, .T. ) ;
#3884 = CARTESIAN_POINT ( 'NONE',  ( 1.014456983849991945, 3.349951351268909860, -2.449991154971780105 ) ) ;
#3885 = ORIENTED_EDGE ( 'NONE', *, *, #3300, .T. ) ;
#3886 = VECTOR ( 'NONE', #472, 1000.000000000000000 ) ;
#3887 = SURFACE_STYLE_USAGE ( .BOTH. , #582 ) ;
#3888 = DIRECTION ( 'NONE',  ( -1.000000000000000000, 0.000000000000000000, 0.000000000000000000 ) ) ;
#3889 =( NAMED_UNIT ( * ) SI_UNIT ( $, .STERADIAN. ) SOLID_ANGLE_UNIT ( ) );
#3890 =( GEOMETRIC_REPRESENTATION_CONTEXT ( 3 ) GLOBAL_UNCERTAINTY_ASSIGNED_CONTEXT ( ( #138 ) ) GLOBAL_UNIT_ASSIGNED_CONTEXT ( ( #3292, #383, #2284 ) ) REPRESENTATION_CONTEXT ( 'NONE', 'WORKASPACE' ) );
#3891 = SHAPE_DEFINITION_REPRESENTATION ( #2180, #2897 ) ;
#3892 = EDGE_LOOP ( 'NONE', ( #3501, #116, #3733, #1149 ) ) ;
#3893 = CARTESIAN_POINT ( 'NONE',  ( 1.091649226581276055, 2.250000000000000000, 2.316666666666635344 ) ) ;
#3894 = DIRECTION ( 'NONE',  ( 0.6293203910498460507, 0.000000000000000000, 0.7771459614569640184 ) ) ;
#3895 = DIRECTION ( 'NONE',  ( 0.000000000000000000, -1.000000000000000000, 0.000000000000000000 ) ) ;
#3896 = CARTESIAN_POINT ( 'NONE',  ( -1.245549266996215820, 1.130343042196254144, 2.344163838267814715 ) ) ;
#3897 = EDGE_CURVE ( 'NONE', #748, #4080, #1803, .T. ) ;
#3898 = CARTESIAN_POINT ( 'NONE',  ( 1.012153304464949999, 3.350000000000000089, 2.449999999999960210 ) ) ;
#3899 = CARTESIAN_POINT ( 'NONE',  ( 1.155245964274400183, 4.100000000000000533, 2.449999999999960210 ) ) ;
#3900 = CARTESIAN_POINT ( 'NONE',  ( -1.013691778509064001, 3.349983671426940202, -2.449997031104255374 ) ) ;
#3901 = EDGE_CURVE ( 'NONE', #2085, #3819, #3685, .T. ) ;
#3902 = ORIENTED_EDGE ( 'NONE', *, *, #307, .F. ) ;
#3903 = FACE_OUTER_BOUND ( 'NONE', #1364, .T. ) ;
#3904 = FACE_OUTER_BOUND ( 'NONE', #2302, .T. ) ;
#3905 = MECHANICAL_DESIGN_GEOMETRIC_PRESENTATION_REPRESENTATION (  '', ( #214 ), #275 ) ;
#3906 = B_SPLINE_CURVE_WITH_KNOTS ( 'NONE', 3,
 ( #1047, #1948, #3257, #3731 ),
 .UNSPECIFIED., .F., .F.,
 ( 4, 4 ),
 ( 0.000000000000000000, 1.000000000000000000 ),
 .UNSPECIFIED. ) ;
#3907 = MECHANICAL_DESIGN_GEOMETRIC_PRESENTATION_REPRESENTATION (  '', ( #1654 ), #1518 ) ;
#3908 = DIRECTION ( 'NONE',  ( 0.000000000000000000, -1.000000000000000000, 0.000000000000000000 ) ) ;
#3909 = ORIENTED_EDGE ( 'NONE', *, *, #3807, .T. ) ;
#3910 = UNCERTAINTY_MEASURE_WITH_UNIT (LENGTH_MEASURE( 1.000000000000000082E-05 ), #3713, 'distance_accuracy_value', 'NONE');
#3911 = CARTESIAN_POINT ( 'NONE',  ( -2.149995116318824895, 3.349973139425544755, -1.117057276345482242 ) ) ;
#3912 = AXIS2_PLACEMENT_3D ( 'NONE', #3946, #3646, #3923 ) ;
#3913 = FILL_AREA_STYLE_COLOUR ( '', #2178 ) ;
#3914 = SURFACE_SIDE_STYLE ('',( #296 ) ) ;
#3915 =( NAMED_UNIT ( * ) PLANE_ANGLE_UNIT ( ) SI_UNIT ( $, .RADIAN. ) );
#3916 = VERTEX_POINT ( 'NONE', #3358 ) ;
#3917 = STYLED_ITEM ( 'NONE', ( #4055 ), #2038 ) ;
#3918 = CIRCLE ( 'NONE', #910, 0.2999999999999999334 ) ;
#3919 = SURFACE_STYLE_FILL_AREA ( #368 ) ;
#3920 = ORIENTED_EDGE ( 'NONE', *, *, #1212, .T. ) ;
#3921 = ADVANCED_FACE ( 'NONE', ( #2143 ), #1264, .T. ) ;
#3922 = CARTESIAN_POINT ( 'NONE',  ( 1.243844560101643903, 1.149999999999999911, -2.340589845939919922 ) ) ;
#3923 = DIRECTION ( 'NONE',  ( -1.445602896647339508E-15, 0.000000000000000000, 1.000000000000000000 ) ) ;
#3924 = DIRECTION ( 'NONE',  ( 0.000000000000000000, 1.000000000000000000, 0.000000000000000000 ) ) ;
#3925 = EDGE_CURVE ( 'NONE', #1898, #1170, #375, .T. ) ;
#3926 = CARTESIAN_POINT ( 'NONE',  ( 1.245285451547975875, 3.366614904563024702, 2.343610737678595068 ) ) ;
#3927 = SHAPE_DEFINITION_REPRESENTATION ( #153, #2575 ) ;
#3928 = SURFACE_STYLE_USAGE ( .BOTH. , #4234 ) ;
#3929 = ORIENTED_EDGE ( 'NONE', *, *, #3431, .T. ) ;
#3930 = EDGE_LOOP ( 'NONE', ( #1910, #1703, #2350, #1690, #2719, #2259 ) ) ;
#3931 = CARTESIAN_POINT ( 'NONE',  ( -2.450038499877194909, 1.149999999999999911, -1.900000000000034994 ) ) ;
#3932 = DIRECTION ( 'NONE',  ( 0.000000000000000000, 1.000000000000000000, 0.000000000000000000 ) ) ;
#3933 = DIRECTION ( 'NONE',  ( -0.9999999998765314313, 0.000000000000000000, -1.571423558888038674E-05 ) ) ;
#3934 = COLOUR_RGB ( '',0.5254901960784313930, 0.5254901960784313930, 0.5254901960784313930 ) ;
#3935 =( NAMED_UNIT ( * ) SI_UNIT ( $, .STERADIAN. ) SOLID_ANGLE_UNIT ( ) );
#3936 = CARTESIAN_POINT ( 'NONE',  ( 1.188269638999557731, 3.346256716241077900, 2.408137726080139984 ) ) ;
#3937 = ORIENTED_EDGE ( 'NONE', *, *, #2021, .F. ) ;
#3938 = VECTOR ( 'NONE', #3355, 1000.000000000000000 ) ;
#3939 = DIRECTION ( 'NONE',  ( -0.6293203910498366138, 0.000000000000000000, 0.7771459614569714569 ) ) ;
#3940 = CARTESIAN_POINT ( 'NONE',  ( -1.155245964274428161, 4.100000000000000533, -2.449999999999999734 ) ) ;
#3941 = LINE ( 'NONE', #3640, #3514 ) ;
#3942 = ORIENTED_EDGE ( 'NONE', *, *, #1991, .T. ) ;
#3943 = VECTOR ( 'NONE', #202, 1000.000000000000000 ) ;
#3944 = SURFACE_STYLE_FILL_AREA ( #2386 ) ;
#3945 = MECHANICAL_DESIGN_GEOMETRIC_PRESENTATION_REPRESENTATION (  '', ( #252 ), #2174 ) ;
#3946 = CARTESIAN_POINT ( 'NONE',  ( 2.149961500122754998, 0.4000000000000000222, 1.599996856239225052 ) ) ;
#3947 = CARTESIAN_POINT ( 'NONE',  ( 2.084222185139959826, 1.149999999999999911, 1.302809906364400083 ) ) ;
#3948 = EDGE_CURVE ( 'NONE', #2960, #3049, #2165, .T. ) ;
#3949 = AXIS2_PLACEMENT_3D ( 'NONE', #134, #812, #421 ) ;
#3950 = CARTESIAN_POINT ( 'NONE',  ( -1.598027428577079911, 0.4000000000000000222, -1.900011953121109931 ) ) ;
#3951 = AXIS2_PLACEMENT_3D ( 'NONE', #1275, #2632, #3870 ) ;
#3952 = ORIENTED_EDGE ( 'NONE', *, *, #1729, .T. ) ;
#3953 = EDGE_CURVE ( 'NONE', #474, #469, #4138, .T. ) ;
#3954 = ORIENTED_EDGE ( 'NONE', *, *, #46, .T. ) ;
#3955 = CARTESIAN_POINT ( 'NONE',  ( 2.149999999999975042, 1.149999999999999911, 1.221581069830675936 ) ) ;
#3956 = AXIS2_PLACEMENT_3D ( 'NONE', #2217, #188, #2485 ) ;
#3957 = ORIENTED_EDGE ( 'NONE', *, *, #1501, .F. ) ;
#3958 =( NAMED_UNIT ( * ) PLANE_ANGLE_UNIT ( ) SI_UNIT ( $, .RADIAN. ) );
#3959 = CARTESIAN_POINT ( 'NONE',  ( -0.9840100179692689020, 1.501134597100210133, 2.386157345981744893 ) ) ;
#3960 = ORIENTED_EDGE ( 'NONE', *, *, #636, .F. ) ;
#3961 = CARTESIAN_POINT ( 'NONE',  ( 2.149999999999975042, 3.350000000000000089, 1.221581069830675936 ) ) ;
#3962 = PRESENTATION_STYLE_ASSIGNMENT (( #2617 ) ) ;
#3963 = B_SPLINE_CURVE_WITH_KNOTS ( 'NONE', 3,
 ( #2767, #2149, #2125, #1471 ),
 .UNSPECIFIED., .F., .F.,
 ( 4, 4 ),
 ( 0.000000000000000000, 1.000000000000000000 ),
 .UNSPECIFIED. ) ;
#3964 = SURFACE_SIDE_STYLE ('',( #2952 ) ) ;
#3965 = ORIENTED_EDGE ( 'NONE', *, *, #1230, .F. ) ;
#3966 = CARTESIAN_POINT ( 'NONE',  ( -2.149999999999999911, 1.149999999999999911, -1.221581069830731892 ) ) ;
#3967 = ORIENTED_EDGE ( 'NONE', *, *, #3760, .F. ) ;
#3968 =( NAMED_UNIT ( * ) PLANE_ANGLE_UNIT ( ) SI_UNIT ( $, .RADIAN. ) );
#3969 = PRESENTATION_STYLE_ASSIGNMENT (( #992 ) ) ;
#3970 = CARTESIAN_POINT ( 'NONE',  ( 1.213150630253440054, 2.996068607675155260, -2.276238683647914929 ) ) ;
#3971 = CARTESIAN_POINT ( 'NONE',  ( -1.243840466612629925, 3.349951351268909860, -2.340580846088940348 ) ) ;
#3972 = CIRCLE ( 'NONE', #1106, 0.2999999999999999334 ) ;
#3973 =( NAMED_UNIT ( * ) SI_UNIT ( $, .STERADIAN. ) SOLID_ANGLE_UNIT ( ) );
#3974 = ORIENTED_EDGE ( 'NONE', *, *, #42, .T. ) ;
#3975 = CARTESIAN_POINT ( 'NONE',  ( -2.249980626547140261, 0.4000000000000000222, 1.882860023365475088 ) ) ;
#3976 = ADVANCED_FACE ( 'NONE', ( #3822 ), #919, .F. ) ;
#3977 = SURFACE_SIDE_STYLE ('',( #3570 ) ) ;
#3978 = PLANE ( 'NONE',  #3044 ) ;
#3979 = FACE_OUTER_BOUND ( 'NONE', #3810, .T. ) ;
#3980 = EDGE_LOOP ( 'NONE', ( #4159, #1841, #103, #3052, #66, #956 ) ) ;
#3981 = DIRECTION ( 'NONE',  ( -1.207054522205896064E-14, 0.000000000000000000, 1.000000000000000000 ) ) ;
#3982 = COLOUR_RGB ( '',0.5254901960784313930, 0.5254901960784313930, 0.5254901960784313930 ) ;
#3983 = ADVANCED_FACE ( 'NONE', ( #295 ), #1967, .T. ) ;
#3984 = CARTESIAN_POINT ( 'NONE',  ( 1.598114107778170201, 0.4000000000000000222, 1.899999999999975042 ) ) ;
#3985 = CARTESIAN_POINT ( 'NONE',  ( -2.450038499877214893, 0.000000000000000000, 0.6499999999999659384 ) ) ;
#3986 =( LENGTH_UNIT ( ) NAMED_UNIT ( * ) SI_UNIT ( .MILLI., .METRE. ) );
#3987 = PRESENTATION_LAYER_ASSIGNMENT (  '', '', ( #775 ) ) ;
#3988 =( GEOMETRIC_REPRESENTATION_CONTEXT ( 3 ) GLOBAL_UNCERTAINTY_ASSIGNED_CONTEXT ( ( #3526 ) ) GLOBAL_UNIT_ASSIGNED_CONTEXT ( ( #1922, #4018, #1391 ) ) REPRESENTATION_CONTEXT ( 'NONE', 'WORKASPACE' ) );
#3989 = AXIS2_PLACEMENT_3D ( 'NONE', #3258, #622, #28 ) ;
#3990 = PRESENTATION_LAYER_ASSIGNMENT (  '', '', ( #1319 ) ) ;
#3991 =( LENGTH_UNIT ( ) NAMED_UNIT ( * ) SI_UNIT ( .MILLI., .METRE. ) );
#3992 = DIRECTION ( 'NONE',  ( 0.000000000000000000, 0.000000000000000000, 1.000000000000000000 ) ) ;
#3993 = CARTESIAN_POINT ( 'NONE',  ( 2.449961500122754821, 1.149999999999999911, 1.599996856239230159 ) ) ;
#3994 = DIRECTION ( 'NONE',  ( 7.339214706055721837E-15, 0.000000000000000000, -1.000000000000000000 ) ) ;
#3995 = VERTEX_POINT ( 'NONE', #1003 ) ;
#3996 = UNCERTAINTY_MEASURE_WITH_UNIT (LENGTH_MEASURE( 1.000000000000000082E-05 ), #1854, 'distance_accuracy_value', 'NONE');
#3997 = ORIENTED_EDGE ( 'NONE', *, *, #1889, .T. ) ;
#3998 = CARTESIAN_POINT ( 'NONE',  ( 2.449961500122779690, 0.4000000000000000222, -1.600000000000030065 ) ) ;
#3999 = DIRECTION ( 'NONE',  ( 1.000000000000000000, 0.000000000000000000, 0.000000000000000000 ) ) ;
#4000 = DIRECTION ( 'NONE',  ( 0.000000000000000000, 0.000000000000000000, -1.000000000000000000 ) ) ;
#4001 = ORIENTED_EDGE ( 'NONE', *, *, #2654, .T. ) ;
#4002 = CYLINDRICAL_SURFACE ( 'NONE', #520, 0.2999999999999999334 ) ;
#4003 = EDGE_CURVE ( 'NONE', #1383, #821, #3694, .T. ) ;
#4004 = VERTEX_POINT ( 'NONE', #3589 ) ;
#4005 = DIRECTION ( 'NONE',  ( -1.000000000000000000, 0.000000000000000000, 0.000000000000000000 ) ) ;
#4006 = PRESENTATION_STYLE_ASSIGNMENT (( #106 ) ) ;
#4007 = ADVANCED_FACE ( 'NONE', ( #2305 ), #2009, .T. ) ;
#4008 = STYLED_ITEM ( 'NONE', ( #1563 ), #3035 ) ;
#4009 = SURFACE_SIDE_STYLE ('',( #2723 ) ) ;
#4010 = VECTOR ( 'NONE', #1346, 1000.000000000000000 ) ;
#4011 = B_SPLINE_CURVE_WITH_KNOTS ( 'NONE', 3,
 ( #1634, #3464, #3143, #651 ),
 .UNSPECIFIED., .F., .F.,
 ( 4, 4 ),
 ( 0.000000000000000000, 1.689365752734229905E-06 ),
 .UNSPECIFIED. ) ;
#4012 = FACE_OUTER_BOUND ( 'NONE', #3557, .T. ) ;
#4013 = PLANE ( 'NONE',  #3571 ) ;
#4014 = SURFACE_STYLE_FILL_AREA ( #1339 ) ;
#4015 = ORIENTED_EDGE ( 'NONE', *, *, #3486, .F. ) ;
#4016 = VECTOR ( 'NONE', #4101, 1000.000000000000114 ) ;
#4017 = DIRECTION ( 'NONE',  ( 1.000000000000000000, 0.000000000000000000, 0.000000000000000000 ) ) ;
#4018 =( NAMED_UNIT ( * ) PLANE_ANGLE_UNIT ( ) SI_UNIT ( $, .RADIAN. ) );
#4019 = CARTESIAN_POINT ( 'NONE',  ( 2.149961500122754998, 1.149999999999999911, 1.599996856239225052 ) ) ;
#4020 = B_SPLINE_CURVE_WITH_KNOTS ( 'NONE', 3,
 ( #2046, #2682, #3726, #788 ),
 .UNSPECIFIED., .F., .F.,
 ( 4, 4 ),
 ( 0.000000000000000000, 1.000000000000000000 ),
 .UNSPECIFIED. ) ;
#4021 = ORIENTED_EDGE ( 'NONE', *, *, #148, .T. ) ;
#4022 = CARTESIAN_POINT ( 'NONE',  ( 2.449961500122779690, 0.4000000000000000222, -1.600000000000030065 ) ) ;
#4023 = SURFACE_STYLE_USAGE ( .BOTH. , #750 ) ;
#4024 = CARTESIAN_POINT ( 'NONE',  ( -1.107591162221207348, 1.877509436194085835, -2.350089629792290413 ) ) ;
#4025 = EDGE_CURVE ( 'NONE', #3543, #2881, #931, .T. ) ;
#4026 = CARTESIAN_POINT ( 'NONE',  ( 2.083333333333335258, 2.983333333333334725, -0.3993243883317564857 ) ) ;
#4027 = VERTEX_POINT ( 'NONE', #49 ) ;
#4028 = ORIENTED_EDGE ( 'NONE', *, *, #4117, .T. ) ;
#4029 = LINE ( 'NONE', #2469, #1468 ) ;
#4030 = CARTESIAN_POINT ( 'NONE',  ( -0.3638830755271209583, 2.250000000000000000, -2.316666666666690411 ) ) ;
#4031 = EDGE_CURVE ( 'NONE', #2360, #3871, #3654, .T. ) ;
#4032 = CARTESIAN_POINT ( 'NONE',  ( -1.050000000000000044, 0.000000000000000000, 1.899996856239225096 ) ) ;
#4033 = DIRECTION ( 'NONE',  ( 1.000000000000000000, 0.000000000000000000, 0.000000000000000000 ) ) ;
#4034 = CARTESIAN_POINT ( 'NONE',  ( 1.012153304464949999, 4.100000000000000533, 2.449999999999960210 ) ) ;
#4035 = CARTESIAN_POINT ( 'NONE',  ( -2.150038499877220399, 0.4000000000000000222, 1.599996856239225052 ) ) ;
#4036 = UNCERTAINTY_MEASURE_WITH_UNIT (LENGTH_MEASURE( 1.000000000000000082E-05 ), #2483, 'distance_accuracy_value', 'NONE');
#4037 = ORIENTED_EDGE ( 'NONE', *, *, #2522, .F. ) ;
#4038 = LINE ( 'NONE', #3955, #1058 ) ;
#4039 = STYLED_ITEM ( 'NONE', ( #131 ), #630 ) ;
#4040 = DIRECTION ( 'NONE',  ( 0.000000000000000000, -1.000000000000000000, 0.000000000000000000 ) ) ;
#4041 = DIRECTION ( 'NONE',  ( 7.532351935162430267E-15, 0.000000000000000000, -1.000000000000000000 ) ) ;
#4042 = ORIENTED_EDGE ( 'NONE', *, *, #1785, .F. ) ;
#4043 = UNCERTAINTY_MEASURE_WITH_UNIT (LENGTH_MEASURE( 1.000000000000000082E-05 ), #441, 'distance_accuracy_value', 'NONE');
#4044 = CARTESIAN_POINT ( 'NONE',  ( 1.123447595427838230, 1.516666666666665053, 2.383333333333295112 ) ) ;
#4045 =( NAMED_UNIT ( * ) PLANE_ANGLE_UNIT ( ) SI_UNIT ( $, .RADIAN. ) );
#4046 = MECHANICAL_DESIGN_GEOMETRIC_PRESENTATION_REPRESENTATION (  '', ( #838 ), #4123 ) ;
#4047 =( NAMED_UNIT ( * ) PLANE_ANGLE_UNIT ( ) SI_UNIT ( $, .RADIAN. ) );
#4048 = SURFACE_STYLE_FILL_AREA ( #2117 ) ;
#4049 = ORIENTED_EDGE ( 'NONE', *, *, #3693, .F. ) ;
#4050 =( LENGTH_UNIT ( ) NAMED_UNIT ( * ) SI_UNIT ( .MILLI., .METRE. ) );
#4051 = FACE_OUTER_BOUND ( 'NONE', #1716, .T. ) ;
#4052 = FACE_OUTER_BOUND ( 'NONE', #2053, .T. ) ;
#4053 = AXIS2_PLACEMENT_3D ( 'NONE', #1114, #2417, #2087 ) ;
#4054 = STYLED_ITEM ( 'NONE', ( #1335 ), #1944 ) ;
#4055 = PRESENTATION_STYLE_ASSIGNMENT (( #176 ) ) ;
#4056 = EDGE_CURVE ( 'NONE', #2573, #1022, #1222, .T. ) ;
#4057 = VECTOR ( 'NONE', #886, 1000.000000000000114 ) ;
#4058 = CARTESIAN_POINT ( 'NONE',  ( -2.127024146222809886, 1.149999999999999911, -1.249953886329183250 ) ) ;
#4059 = FACE_OUTER_BOUND ( 'NONE', #2243, .T. ) ;
#4060 = MECHANICAL_DESIGN_GEOMETRIC_PRESENTATION_REPRESENTATION (  '', ( #1663 ), #2004 ) ;
#4061 = COLOUR_RGB ( '',0.5254901960784313930, 0.5254901960784313930, 0.5254901960784313930 ) ;
#4062 = DIRECTION ( 'NONE',  ( 0.000000000000000000, 0.000000000000000000, 1.000000000000000000 ) ) ;
#4063 = ORIENTED_EDGE ( 'NONE', *, *, #416, .F. ) ;
#4064 = CARTESIAN_POINT ( 'NONE',  ( 0.000000000000000000, 1.149999999999999911, 0.000000000000000000 ) ) ;
#4065 = EDGE_CURVE ( 'NONE', #3916, #2509, #766, .T. ) ;
#4066 = ORIENTED_EDGE ( 'NONE', *, *, #4056, .T. ) ;
#4067 = CARTESIAN_POINT ( 'NONE',  ( -2.450038499877194909, 0.000000000000000000, 0.6499999999999770406 ) ) ;
#4068 = LINE ( 'NONE', #1135, #2203 ) ;
#4069 = ORIENTED_EDGE ( 'NONE', *, *, #2063, .F. ) ;
#4070 = LINE ( 'NONE', #2356, #979 ) ;
#4071 = SURFACE_STYLE_FILL_AREA ( #2783 ) ;
#4072 = VERTEX_POINT ( 'NONE', #3998 ) ;
#4073 = FILL_AREA_STYLE_COLOUR ( '', #4061 ) ;
#4074 = CARTESIAN_POINT ( 'NONE',  ( 0.000000000000000000, 0.4000000000000000222, 0.000000000000000000 ) ) ;
#4075 = CARTESIAN_POINT ( 'NONE',  ( -1.123447595427866208, 1.516666666666665053, -2.383333333333355064 ) ) ;
#4076 = EDGE_LOOP ( 'NONE', ( #1040, #484, #417, #1321, #3965 ) ) ;
#4077 = FILL_AREA_STYLE_COLOUR ( '', #3673 ) ;
#4078 = DIRECTION ( 'NONE',  ( -1.000000000000000000, 0.000000000000000000, 0.000000000000000000 ) ) ;
#4079 = CARTESIAN_POINT ( 'NONE',  ( 1.012053594015146052, 1.150001903920109925, 2.450001782076590473 ) ) ;
#4080 = VERTEX_POINT ( 'NONE', #723 ) ;
#4081 = VECTOR ( 'NONE', #673, 1000.000000000000000 ) ;
#4082 =( BOUNDED_SURFACE ( )  B_SPLINE_SURFACE ( 3, 2, ( 
 ( #1026, #1369, #1969 ),
 ( #725, #3276, #358 ),
 ( #2031, #1715, #2966 ),
 ( #2665, #645, #1 ),
 ( #2989, #2687, #3959 ),
 ( #3896, #1695, #2264 ) ),
 .UNSPECIFIED., .F., .F., .F. ) 
 B_SPLINE_SURFACE_WITH_KNOTS ( ( 4, 2, 4 ),
 ( 3, 3 ),
 ( 0.003802163905296400241, 0.004982681476607930295, 0.006163199047919469889 ),
 ( 0.000000000000000000, 1.000000000000000000 ),
 .UNSPECIFIED. ) 
 GEOMETRIC_REPRESENTATION_ITEM ( )  RATIONAL_B_SPLINE_SURFACE ( (
 ( 1.000000000000000000, 0.9058648184293969230, 1.000000000000000000),
 ( 1.000000000000000000, 0.9058648184293969230, 1.000000000000000000),
 ( 1.000000000000000000, 0.9025821838235110750, 1.000000000000000000),
 ( 1.000000000000000000, 0.9025883970922620181, 1.000000000000000000),
 ( 1.000000000000000000, 0.9058648184293979222, 1.000000000000000000),
 ( 1.000000000000000000, 0.9058648184293979222, 1.000000000000000000) ) ) 
 REPRESENTATION_ITEM ( '' )  SURFACE ( )  );
#4083 =( NAMED_UNIT ( * ) SI_UNIT ( $, .STERADIAN. ) SOLID_ANGLE_UNIT ( ) );
#4084 = EDGE_CURVE ( 'NONE', #1516, #44, #3678, .T. ) ;
#4085 = SURFACE_SIDE_STYLE ('',( #398 ) ) ;
#4086 = UNCERTAINTY_MEASURE_WITH_UNIT (LENGTH_MEASURE( 1.000000000000000082E-05 ), #540, 'distance_accuracy_value', 'NONE');
#4087 = ORIENTED_EDGE ( 'NONE', *, *, #2889, .T. ) ;
#4088 = FILL_AREA_STYLE ('',( #1537 ) ) ;
#4089 = AXIS2_PLACEMENT_3D ( 'NONE', #807, #2104, #3414 ) ;
#4090 = ORIENTED_EDGE ( 'NONE', *, *, #3229, .F. ) ;
#4091 = CARTESIAN_POINT ( 'NONE',  ( -1.009563229956987884, 0.4000000000000000222, 2.149999999999999911 ) ) ;
#4092 = EDGE_CURVE ( 'NONE', #3079, #3819, #3395, .T. ) ;
#4093 = MECHANICAL_DESIGN_GEOMETRIC_PRESENTATION_REPRESENTATION (  '', ( #1698 ), #667 ) ;
#4094 = CARTESIAN_POINT ( 'NONE',  ( -1.244811968303531913, 3.350000000000000089, -2.339395196302269664 ) ) ;
#4095 = SURFACE_STYLE_FILL_AREA ( #2395 ) ;
#4096 = ORIENTED_EDGE ( 'NONE', *, *, #3205, .T. ) ;
#4097 = UNCERTAINTY_MEASURE_WITH_UNIT (LENGTH_MEASURE( 1.000000000000000082E-05 ), #2425, 'distance_accuracy_value', 'NONE');
#4098 = LINE ( 'NONE', #3123, #1000 ) ;
#4099 = CARTESIAN_POINT ( 'NONE',  ( -2.150038499877195086, 0.000000000000000000, -1.600001832621674946 ) ) ;
#4100 =( GEOMETRIC_REPRESENTATION_CONTEXT ( 3 ) GLOBAL_UNCERTAINTY_ASSIGNED_CONTEXT ( ( #130 ) ) GLOBAL_UNIT_ASSIGNED_CONTEXT ( ( #899, #863, #2846 ) ) REPRESENTATION_CONTEXT ( 'NONE', 'WORKASPACE' ) );
#4101 = DIRECTION ( 'NONE',  ( 0.6293203910498410547, 0.000000000000000000, -0.7771459614569680152 ) ) ;
#4102 = ORIENTED_EDGE ( 'NONE', *, *, #1234, .F. ) ;
#4103 = FILL_AREA_STYLE_COLOUR ( '', #3798 ) ;
#4104 = DIRECTION ( 'NONE',  ( 1.000000000000000000, 0.000000000000000000, 0.000000000000000000 ) ) ;
#4105 = SURFACE_STYLE_FILL_AREA ( #1184 ) ;
#4106 = SURFACE_SIDE_STYLE ('',( #1490 ) ) ;
#4107 = DIRECTION ( 'NONE',  ( 0.000000000000000000, -1.000000000000000000, 0.000000000000000000 ) ) ;
#4108 = EDGE_LOOP ( 'NONE', ( #291, #4129, #2556, #1161, #831 ) ) ;
#4109 = CARTESIAN_POINT ( 'NONE',  ( 1.182131090145905894, 1.883401739516274320, 2.204911107268919590 ) ) ;
#4110 = FACE_OUTER_BOUND ( 'NONE', #2027, .T. ) ;
#4111 = EDGE_LOOP ( 'NONE', ( #3616, #3603, #2942, #700 ) ) ;
#4112 = CARTESIAN_POINT ( 'NONE',  ( -1.242707018394079821, 1.149999999999999911, 2.338796117314939860 ) ) ;
#4113 = CARTESIAN_POINT ( 'NONE',  ( 1.362772100911663120, 1.149999999999999911, 2.193726563959898623 ) ) ;
#4114 = ORIENTED_EDGE ( 'NONE', *, *, #1473, .F. ) ;
#4115 = CARTESIAN_POINT ( 'NONE',  ( -1.708327519971595043, 2.250000000000000000, 1.555132395662164990 ) ) ;
#4116 = PRESENTATION_LAYER_ASSIGNMENT (  '', '', ( #1722 ) ) ;
#4117 = EDGE_CURVE ( 'NONE', #581, #1418, #2303, .T. ) ;
#4118 = SURFACE_STYLE_FILL_AREA ( #920 ) ;
#4119 = STYLED_ITEM ( 'NONE', ( #2390 ), #791 ) ;
#4120 =( NAMED_UNIT ( * ) PLANE_ANGLE_UNIT ( ) SI_UNIT ( $, .RADIAN. ) );
#4121 = FACE_OUTER_BOUND ( 'NONE', #51, .T. ) ;
#4122 = CARTESIAN_POINT ( 'NONE',  ( 1.244812138817821934, 3.350000000000000089, -2.339394985734589927 ) ) ;
#4123 =( GEOMETRIC_REPRESENTATION_CONTEXT ( 3 ) GLOBAL_UNCERTAINTY_ASSIGNED_CONTEXT ( ( #2197 ) ) GLOBAL_UNIT_ASSIGNED_CONTEXT ( ( #4246, #2650, #781 ) ) REPRESENTATION_CONTEXT ( 'NONE', 'WORKASPACE' ) );
#4124 = CARTESIAN_POINT ( 'NONE',  ( 0.000000000000000000, 1.149999999999999911, 0.000000000000000000 ) ) ;
#4125 = VERTEX_POINT ( 'NONE', #3352 ) ;
#4126 = FILL_AREA_STYLE_COLOUR ( '', #2611 ) ;
#4127 = MECHANICAL_DESIGN_GEOMETRIC_PRESENTATION_REPRESENTATION (  '', ( #80 ), #2318 ) ;
#4128 = DIRECTION ( 'NONE',  ( 0.000000000000000000, 0.000000000000000000, -1.000000000000000000 ) ) ;
#4129 = ORIENTED_EDGE ( 'NONE', *, *, #442, .T. ) ;
#4130 = B_SPLINE_SURFACE_WITH_KNOTS ( 'NONE', 3, 3, ( 
 ( #3705, #2735, #2072, #3734, #1139 ),
 ( #1116, #446, #2464, #1800, #837 ),
 ( #2139, #749, #1779, #2051, #1757 ),
 ( #2442, #3756, #1439, #4044, #815 ) ),
 .UNSPECIFIED., .F., .F., .F.,
 ( 4, 4 ),
 ( 4, 1, 4 ),
 ( 0.000000000000000000, 1.000000000000000000 ),
 ( 0.000000000000000000, 0.5000000000000000000, 1.000000000000000000 ),
 .UNSPECIFIED. ) ;
#4131 = STYLED_ITEM ( 'NONE', ( #2443 ), #337 ) ;
#4132 = COLOUR_RGB ( '',0.5254901960784313930, 0.5254901960784313930, 0.5254901960784313930 ) ;
#4133 =( NAMED_UNIT ( * ) SI_UNIT ( $, .STERADIAN. ) SOLID_ANGLE_UNIT ( ) );
#4134 = ORIENTED_EDGE ( 'NONE', *, *, #913, .F. ) ;
#4135 = UNCERTAINTY_MEASURE_WITH_UNIT (LENGTH_MEASURE( 1.000000000000000082E-05 ), #3316, 'distance_accuracy_value', 'NONE');
#4136 = CARTESIAN_POINT ( 'NONE',  ( -1.763371420698219838, 2.983333333333334725, 1.593093221107980018 ) ) ;
#4137 = PRESENTATION_LAYER_ASSIGNMENT (  '', '', ( #572 ) ) ;
#4138 = LINE ( 'NONE', #882, #533 ) ;
#4139 = SURFACE_SIDE_STYLE ('',( #4118 ) ) ;
#4140 = DIRECTION ( 'NONE',  ( 0.000000000000000000, -1.000000000000000000, 0.000000000000000000 ) ) ;
#4141 = EDGE_CURVE ( 'NONE', #4004, #655, #1111, .T. ) ;
#4142 = CARTESIAN_POINT ( 'NONE',  ( -1.763371420698184977, 2.983333333333334725, -1.593093221108005109 ) ) ;
#4143 = CARTESIAN_POINT ( 'NONE',  ( 0.000000000000000000, 1.149999999999999911, 0.000000000000000000 ) ) ;
#4144 = DIRECTION ( 'NONE',  ( -0.000000000000000000, 1.000000000000000000, 0.000000000000000000 ) ) ;
#4145 = CARTESIAN_POINT ( 'NONE',  ( -2.450038499877220222, 1.149999999999999911, 1.599996856239225052 ) ) ;
#4146 =( LENGTH_UNIT ( ) NAMED_UNIT ( * ) SI_UNIT ( .MILLI., .METRE. ) );
#4147 = EDGE_CURVE ( 'NONE', #508, #2231, #3404, .T. ) ;
#4148 = EDGE_LOOP ( 'NONE', ( #3238, #3606, #948, #2912 ) ) ;
#4149 = FILL_AREA_STYLE ('',( #1911 ) ) ;
#4150 =( NAMED_UNIT ( * ) SI_UNIT ( $, .STERADIAN. ) SOLID_ANGLE_UNIT ( ) );
#4151 = CARTESIAN_POINT ( 'NONE',  ( -1.152655889766434072, 1.149999999999999911, 2.449999999999999734 ) ) ;
#4152 = VERTEX_POINT ( 'NONE', #790 ) ;
#4153 = DIRECTION ( 'NONE',  ( 0.000000000000000000, -1.000000000000000000, 0.000000000000000000 ) ) ;
#4154 = AXIS2_PLACEMENT_3D ( 'NONE', #3614, #710, #730 ) ;
#4155 = FILL_AREA_STYLE_COLOUR ( '', #82 ) ;
#4156 = EDGE_CURVE ( 'NONE', #2486, #1351, #946, .T. ) ;
#4157 =( LENGTH_UNIT ( ) NAMED_UNIT ( * ) SI_UNIT ( .MILLI., .METRE. ) );
#4158 = CARTESIAN_POINT ( 'NONE',  ( 1.486830642849581885, 1.149999999999999911, -2.040527023276904384 ) ) ;
#4159 = ORIENTED_EDGE ( 'NONE', *, *, #4141, .T. ) ;
#4160 = COLOUR_RGB ( '',1.000000000000000000, 1.000000000000000000, 1.000000000000000000 ) ;
#4161 = EDGE_CURVE ( 'NONE', #1898, #711, #1479, .T. ) ;
#4162 = FILL_AREA_STYLE_COLOUR ( '', #1962 ) ;
#4163 = DIRECTION ( 'NONE',  ( 0.000000000000000000, 0.000000000000000000, 1.000000000000000000 ) ) ;
#4164 = DIRECTION ( 'NONE',  ( 0.6293203910498371689, 0.000000000000000000, -0.7771459614569711238 ) ) ;
#4165 = ORIENTED_EDGE ( 'NONE', *, *, #1333, .F. ) ;
#4166 =( NAMED_UNIT ( * ) PLANE_ANGLE_UNIT ( ) SI_UNIT ( $, .RADIAN. ) );
#4167 = CARTESIAN_POINT ( 'NONE',  ( -1.152655889766434072, 1.149999999999999911, 2.449999999999999734 ) ) ;
#4168 = VERTEX_POINT ( 'NONE', #2459 ) ;
#4169 = UNCERTAINTY_MEASURE_WITH_UNIT (LENGTH_MEASURE( 1.000000000000000082E-05 ), #473, 'distance_accuracy_value', 'NONE');
#4170 = SURFACE_STYLE_FILL_AREA ( #1858 ) ;
#4171 = DIRECTION ( 'NONE',  ( -1.000000000000000000, 0.000000000000000000, 0.000000000000000000 ) ) ;
#4172 = FACE_OUTER_BOUND ( 'NONE', #3800, .T. ) ;
#4173 = DIRECTION ( 'NONE',  ( 0.000000000000000000, -1.000000000000000000, 0.000000000000000000 ) ) ;
#4174 = DIRECTION ( 'NONE',  ( 0.000000000000000000, 1.000000000000000000, 0.000000000000000000 ) ) ;
#4175 = ORIENTED_EDGE ( 'NONE', *, *, #2357, .T. ) ;
#4176 = PRESENTATION_LAYER_ASSIGNMENT (  '', '', ( #3103 ) ) ;
#4177 = DIRECTION ( 'NONE',  ( 0.000000000000000000, 0.000000000000000000, 1.000000000000000000 ) ) ;
#4178 = CARTESIAN_POINT ( 'NONE',  ( 1.091649226581249854, 2.250000000000000000, -2.316666666666690411 ) ) ;
#4179 = DIRECTION ( 'NONE',  ( 0.000000000000000000, 0.000000000000000000, -1.000000000000000000 ) ) ;
#4180 = ORIENTED_EDGE ( 'NONE', *, *, #314, .T. ) ;
#4181 = VECTOR ( 'NONE', #3346, 1000.000000000000000 ) ;
#4182 = SURFACE_STYLE_FILL_AREA ( #891 ) ;
#4183 = AXIS2_PLACEMENT_3D ( 'NONE', #1470, #3741, #1426 ) ;
#4184 = EDGE_LOOP ( 'NONE', ( #3487, #2122, #3751, #2779, #2995, #23, #262, #1696 ) ) ;
#4185 = FILL_AREA_STYLE_COLOUR ( '', #3815 ) ;
#4186 = EDGE_CURVE ( 'NONE', #257, #1383, #2850, .T. ) ;
#4187 = MECHANICAL_DESIGN_GEOMETRIC_PRESENTATION_REPRESENTATION (  '', ( #2552 ), #1929 ) ;
#4188 = EDGE_CURVE ( 'NONE', #379, #3223, #444, .T. ) ;
#4189 = ORIENTED_EDGE ( 'NONE', *, *, #307, .T. ) ;
#4190 = SURFACE_SIDE_STYLE ('',( #4170 ) ) ;
#4191 = VECTOR ( 'NONE', #816, 1000.000000000000000 ) ;
#4192 =( GEOMETRIC_REPRESENTATION_CONTEXT ( 3 ) GLOBAL_UNCERTAINTY_ASSIGNED_CONTEXT ( ( #2821 ) ) GLOBAL_UNIT_ASSIGNED_CONTEXT ( ( #1509, #2429, #2474 ) ) REPRESENTATION_CONTEXT ( 'NONE', 'WORKASPACE' ) );
#4193 = CARTESIAN_POINT ( 'NONE',  ( 2.149967000273294904, 0.4000000000000000222, -1.900000916285645047 ) ) ;
#4194 = SURFACE_STYLE_FILL_AREA ( #270 ) ;
#4195 = SURFACE_SIDE_STYLE ('',( #194 ) ) ;
#4196 = SURFACE_STYLE_USAGE ( .BOTH. , #3804 ) ;
#4197 =( LENGTH_UNIT ( ) NAMED_UNIT ( * ) SI_UNIT ( .MILLI., .METRE. ) );
#4198 =( GEOMETRIC_REPRESENTATION_CONTEXT ( 3 ) GLOBAL_UNCERTAINTY_ASSIGNED_CONTEXT ( ( #4097 ) ) GLOBAL_UNIT_ASSIGNED_CONTEXT ( ( #2425, #3688, #3763 ) ) REPRESENTATION_CONTEXT ( 'NONE', 'WORKASPACE' ) );
#4199 = DIRECTION ( 'NONE',  ( 0.000000000000000000, 1.000000000000000000, 0.000000000000000000 ) ) ;
#4200 = VERTEX_POINT ( 'NONE', #3752 ) ;
#4201 = DIRECTION ( 'NONE',  ( -7.532351935162430267E-15, 0.000000000000000000, 1.000000000000000000 ) ) ;
#4202 = CARTESIAN_POINT ( 'NONE',  ( 1.123447595427810031, 2.983333333333334725, -2.383333333333355064 ) ) ;
#4203 = LINE ( 'NONE', #1247, #776 ) ;
#4204 = ORIENTED_EDGE ( 'NONE', *, *, #866, .F. ) ;
#4205 = FACE_OUTER_BOUND ( 'NONE', #1370, .T. ) ;
#4206 = DIRECTION ( 'NONE',  ( 0.000000000000000000, 1.000000000000000000, 0.000000000000000000 ) ) ;
#4207 =( NAMED_UNIT ( * ) PLANE_ANGLE_UNIT ( ) SI_UNIT ( $, .RADIAN. ) );
#4208 = VERTEX_POINT ( 'NONE', #3418 ) ;
#4209 = EDGE_CURVE ( 'NONE', #2034, #2521, #1158, .T. ) ;
#4210 = APPLICATION_PROTOCOL_DEFINITION ( 'draft international standard', 'automotive_design', 1998, #317 ) ;
#4211 = DIRECTION ( 'NONE',  ( -1.000000000000000000, 0.000000000000000000, -1.136051315017354063E-14 ) ) ;
#4212 = ORIENTED_EDGE ( 'NONE', *, *, #157, .T. ) ;
#4213 = UNCERTAINTY_MEASURE_WITH_UNIT (LENGTH_MEASURE( 1.000000000000000082E-05 ), #1844, 'distance_accuracy_value', 'NONE');
#4214 = DIRECTION ( 'NONE',  ( 0.000000000000000000, 1.000000000000000000, 0.000000000000000000 ) ) ;
#4215 = MECHANICAL_DESIGN_GEOMETRIC_PRESENTATION_REPRESENTATION (  '', ( #246 ), #107 ) ;
#4216 = EDGE_CURVE ( 'NONE', #4200, #2688, #3034, .T. ) ;
#4217 = DIRECTION ( 'NONE',  ( 0.000000000000000000, -1.000000000000000000, 0.000000000000000000 ) ) ;
#4218 =( BOUNDED_SURFACE ( )  B_SPLINE_SURFACE ( 3, 2, ( 
 ( #3059, #2467, #3780 ),
 ( #752, #428, #796 ),
 ( #819, #1119, #2422 ),
 ( #168, #4024, #2445 ),
 ( #3380, #1441, #2717 ),
 ( #1821, #1075, #1744 ) ),
 .UNSPECIFIED., .F., .F., .F. ) 
 B_SPLINE_SURFACE_WITH_KNOTS ( ( 4, 2, 4 ),
 ( 3, 3 ),
 ( 0.003802163907486100052, 0.004982681294031850172, 0.006163198680577589884 ),
 ( 0.000000000000000000, 1.000000000000000000 ),
 .UNSPECIFIED. ) 
 GEOMETRIC_REPRESENTATION_ITEM ( )  RATIONAL_B_SPLINE_SURFACE ( (
 ( 1.000000000000000000, 0.9058648184293959238, 1.000000000000000000),
 ( 1.000000000000000000, 0.9058648184293959238, 1.000000000000000000),
 ( 1.000000000000000000, 0.9025821841892790465, 1.000000000000000000),
 ( 1.000000000000000000, 0.9025883967236079108, 1.000000000000000000),
 ( 1.000000000000000000, 0.9058648184293959238, 1.000000000000000000),
 ( 1.000000000000000000, 0.9058648184293959238, 1.000000000000000000) ) ) 
 REPRESENTATION_ITEM ( '' )  SURFACE ( )  );
#4219 =( NAMED_UNIT ( * ) SI_UNIT ( $, .STERADIAN. ) SOLID_ANGLE_UNIT ( ) );
#4220 = FACE_OUTER_BOUND ( 'NONE', #2050, .T. ) ;
#4221 = FILL_AREA_STYLE_COLOUR ( '', #3065 ) ;
#4222 =( LENGTH_UNIT ( ) NAMED_UNIT ( * ) SI_UNIT ( .MILLI., .METRE. ) );
#4223 = B_SPLINE_CURVE_WITH_KNOTS ( 'NONE', 3,
 ( #501, #2473, #3454, #757 ),
 .UNSPECIFIED., .F., .F.,
 ( 4, 4 ),
 ( 0.000000000000000000, 1.000000000000000000 ),
 .UNSPECIFIED. ) ;
#4224 = MECHANICAL_DESIGN_GEOMETRIC_PRESENTATION_REPRESENTATION (  '', ( #2444 ), #526 ) ;
#4225 = EDGE_CURVE ( 'NONE', #350, #4208, #3075, .T. ) ;
#4226 = PRESENTATION_STYLE_ASSIGNMENT (( #54 ) ) ;
#4227 = SURFACE_STYLE_USAGE ( .BOTH. , #1268 ) ;
#4228 = VECTOR ( 'NONE', #4201, 1000.000000000000000 ) ;
#4229 = ORIENTED_EDGE ( 'NONE', *, *, #3184, .T. ) ;
#4230 = DIRECTION ( 'NONE',  ( 0.000000000000000000, 0.000000000000000000, 1.000000000000000000 ) ) ;
#4231 = CARTESIAN_POINT ( 'NONE',  ( -2.083860830600334779, 3.349991040012290089, 1.303253553378920016 ) ) ;
#4232 = AXIS2_PLACEMENT_3D ( 'NONE', #1500, #2157, #1513 ) ;
#4233 = MECHANICAL_DESIGN_GEOMETRIC_PRESENTATION_REPRESENTATION (  '', ( #47 ), #704 ) ;
#4234 = SURFACE_SIDE_STYLE ('',( #955 ) ) ;
#4235 = ORIENTED_EDGE ( 'NONE', *, *, #2195, .F. ) ;
#4236 = FILL_AREA_STYLE ('',( #1575 ) ) ;
#4237 = CARTESIAN_POINT ( 'NONE',  ( 2.149995116318794697, 3.349973139425544755, 1.117057276345424066 ) ) ;
#4238 = SURFACE_STYLE_FILL_AREA ( #3610 ) ;
#4239 = CARTESIAN_POINT ( 'NONE',  ( -1.245297092902070135, 3.350000000000000089, -2.338796117314970058 ) ) ;
#4240 = SURFACE_STYLE_USAGE ( .BOTH. , #3293 ) ;
#4241 = SURFACE_SIDE_STYLE ('',( #2928 ) ) ;
#4242 = EDGE_CURVE ( 'NONE', #222, #1332, #3758, .T. ) ;
#4243 = FILL_AREA_STYLE_COLOUR ( '', #567 ) ;
#4244 = ORIENTED_EDGE ( 'NONE', *, *, #1206, .T. ) ;
#4245 = ADVANCED_FACE ( 'NONE', ( #2711 ), #1090, .T. ) ;
#4246 =( LENGTH_UNIT ( ) NAMED_UNIT ( * ) SI_UNIT ( .MILLI., .METRE. ) );
#4247 =( NAMED_UNIT ( * ) PLANE_ANGLE_UNIT ( ) SI_UNIT ( $, .RADIAN. ) );
#4248 = CARTESIAN_POINT ( 'NONE',  ( -2.150000000000034994, 4.100000000000000533, 1.115345498071492081 ) ) ;
#4249 = VECTOR ( 'NONE', #4078, 1000.000000000000000 ) ;
#4250 = CARTESIAN_POINT ( 'NONE',  ( 0.9837674672392840991, 2.996068552889785241, 2.385648827798104943 ) ) ;
#4251 = PRESENTATION_LAYER_ASSIGNMENT (  '', '', ( #2406 ) ) ;
#4252 = SURFACE_STYLE_USAGE ( .BOTH. , #2280 ) ;
#4253 = EDGE_LOOP ( 'NONE', ( #3535, #1805, #1403, #720, #440, #1539, #2933 ) ) ;
#4254 = MECHANICAL_DESIGN_GEOMETRIC_PRESENTATION_REPRESENTATION (  '', ( #1656 ), #2200 ) ;
#4255 = CARTESIAN_POINT ( 'NONE',  ( 1.155245964274400183, 1.149999999999999911, 2.449999999999960210 ) ) ;
#4256 = FILL_AREA_STYLE_COLOUR ( '', #386 ) ;
#4257 = DIRECTION ( 'NONE',  ( 0.000000000000000000, -1.000000000000000000, 0.000000000000000000 ) ) ;
#4258 = NEXT_ASSEMBLY_USAGE_OCCURRENCE ( 'NAUO1', ' ', ' ', #3317, #1179, $ ) ;
#4259 = NEXT_ASSEMBLY_USAGE_OCCURRENCE ( 'NAUO2', ' ', ' ', #1179, #990, $ ) ;
ENDSEC;
END-ISO-10303-21;
